guide_id,source_file,source_url,status,clean_file,extraction_selector,structural_family,raw_bytes,clean_bytes,clean_characters,clean_words,estimated_tokens,retention_ratio,reason_if_not_cleaned
98afa6baff88a8db,blackops6-98afa6baff.html,https://callofduty.com/guides/blackops6,landing_index,,,,230535,0,0,0,0,0,classified_valid_landing_or_index_page
5d94162452704e65,call-of-duty-guides-black-ops-6-level-unlocks-player-level-1-55-5d94162452.html,https://callofduty.com/guides/blackops6/getting-started/call-of-duty-guides-black-ops-6-level-unlocks-player-level-1-55,cleaned,data/clean/guides/5d94162452704e65.json,.body-content,0.90-14,317227,17026,4980,915,1245,0.053671,
ac6946f5820b8b6a,call-of-duty-guides-black-ops-6-multiplayer-beta-everything-you-need-to-know-ac6946f582.html,https://callofduty.com/guides/blackops6/getting-started/call-of-duty-guides-black-ops-6-multiplayer-beta-everything-you-need-to-know,cleaned,data/clean/guides/ac6946f5820b8b6a.json,.body-content,0.90-15,172550,76192,29371,4621,7343,0.441565,
8084da5b9e5788cf,call-of-duty-guides-black-ops-6-multiplayer-guide-cod-101-read-this-first-8084da5b9e.html,https://callofduty.com/guides/blackops6/getting-started/call-of-duty-guides-black-ops-6-multiplayer-guide-cod-101-read-this-first,cleaned,data/clean/guides/8084da5b9e5788cf.json,.body-content,0.90-16,76011,15674,9044,1605,2261,0.206207,
48b9fb5958e1b1b4,call-of-duty-guides-black-ops-6-multiplayer-mode-domination-48b9fb5958.html,https://callofduty.com/guides/blackops6/modes/call-of-duty-guides-black-ops-6-multiplayer-mode-domination,cleaned,data/clean/guides/48b9fb5958e1b1b4.json,.body-content,0.90-6,77315,12927,6999,1250,1750,0.167199,
71e4f5784ca75c6c,call-of-duty-guides-black-ops-6-multiplayer-mode-guide-control-71e4f5784c.html,https://callofduty.com/guides/blackops6/modes/call-of-duty-guides-black-ops-6-multiplayer-mode-guide-control,cleaned,data/clean/guides/71e4f5784ca75c6c.json,.body-content,0.90-7,67114,11237,5782,997,1446,0.167432,
ce1781dfc18885ec,call-of-duty-guides-black-ops-6-multiplayer-mode-guide-face-off-ce1781dfc1.html,https://callofduty.com/guides/blackops6/modes/call-of-duty-guides-black-ops-6-multiplayer-mode-guide-face-off,cleaned,data/clean/guides/ce1781dfc18885ec.json,.body-content,0.90-6,80277,12564,7322,1272,1831,0.156508,
e4372a3cc79aad3f,call-of-duty-guides-black-ops-6-multiplayer-mode-guide-free-for-all-e4372a3cc7.html,https://callofduty.com/guides/blackops6/modes/call-of-duty-guides-black-ops-6-multiplayer-mode-guide-free-for-all,cleaned,data/clean/guides/e4372a3cc79aad3f.json,.body-content,0.90-7,67771,11246,5916,1035,1479,0.165941,
6b24368309cb734a,call-of-duty-guides-black-ops-6-multiplayer-mode-guide-gunfight-6b24368309.html,https://callofduty.com/guides/blackops6/modes/call-of-duty-guides-black-ops-6-multiplayer-mode-guide-gunfight,cleaned,data/clean/guides/6b24368309cb734a.json,.body-content,0.90-6,76047,12549,6981,1212,1746,0.165016,
a6e454cae3ffd944,call-of-duty-guides-black-ops-6-multiplayer-mode-guide-hardpoint-a6e454cae3.html,https://callofduty.com/guides/blackops6/modes/call-of-duty-guides-black-ops-6-multiplayer-mode-guide-hardpoint,cleaned,data/clean/guides/a6e454cae3ffd944.json,.body-content,0.90-6,77110,14428,7721,1319,1931,0.187109,
3edfa5bd6b751aa7,call-of-duty-guides-black-ops-6-multiplayer-mode-guide-headquarters-3edfa5bd6b.html,https://callofduty.com/guides/blackops6/modes/call-of-duty-guides-black-ops-6-multiplayer-mode-guide-headquarters,cleaned,data/clean/guides/3edfa5bd6b751aa7.json,.body-content,0.90-7,66679,11952,6417,1128,1605,0.179247,
a6205d04459f05ab,call-of-duty-guides-black-ops-6-multiplayer-mode-guide-kill-confirmed-a6205d0445.html,https://callofduty.com/guides/blackops6/modes/call-of-duty-guides-black-ops-6-multiplayer-mode-guide-kill-confirmed,cleaned,data/clean/guides/a6205d04459f05ab.json,.body-content,0.90-7,64534,11225,6026,1092,1507,0.173939,
e20ed3eb14f8c74d,call-of-duty-guides-black-ops-6-multiplayer-mode-guide-search-and-destroy-e20ed3eb14.html,https://callofduty.com/guides/blackops6/modes/call-of-duty-guides-black-ops-6-multiplayer-mode-guide-search-and-destroy,cleaned,data/clean/guides/e20ed3eb14f8c74d.json,.body-content,0.90-7,77174,22723,12841,2280,3211,0.294439,
8865494a0742ac7d,call-of-duty-guides-black-ops-6-multiplayer-mode-kill-order-8865494a07.html,https://callofduty.com/guides/blackops6/modes/call-of-duty-guides-black-ops-6-multiplayer-mode-kill-order,cleaned,data/clean/guides/8865494a0742ac7d.json,.body-content,0.90-19,87632,15480,8739,1579,2185,0.176648,
5eb20fcb9b90efa6,call-of-duty-guides-black-ops-6-multiplayer-mode-team-deathmatch-5eb20fcb9b.html,https://callofduty.com/guides/blackops6/modes/call-of-duty-guides-black-ops-6-multiplayer-mode-team-deathmatch,cleaned,data/clean/guides/5eb20fcb9b90efa6.json,.body-content,0.90-6,79544,15003,9066,1606,2267,0.188613,
9f697c270a342659,call-of-duty-guides-black-ops-6-multiplayer-map-guide-babylon-9f697c270a.html,https://callofduty.com/guides/blackops6/multiplayer-maps/call-of-duty-guides-black-ops-6-multiplayer-map-guide-babylon,cleaned,data/clean/guides/9f697c270a342659.json,.body-content,0.90-4,103285,12802,6900,1155,1725,0.123948,
a3320a6a3c38cc1d,call-of-duty-guides-black-ops-6-multiplayer-map-guide-barrage-a3320a6a3c.html,https://callofduty.com/guides/blackops6/multiplayer-maps/call-of-duty-guides-black-ops-6-multiplayer-map-guide-barrage,cleaned,data/clean/guides/a3320a6a3c38cc1d.json,.body-content,0.90-4,94668,12743,6787,1129,1697,0.134607,
3861f2d258f2d960,call-of-duty-guides-black-ops-6-multiplayer-map-guide-blitz-3861f2d258.html,https://callofduty.com/guides/blackops6/multiplayer-maps/call-of-duty-guides-black-ops-6-multiplayer-map-guide-blitz,cleaned,data/clean/guides/3861f2d258f2d960.json,.body-content,0.90-4,90612,11422,6315,1122,1579,0.126054,
6cfdbb82dbca1dab,call-of-duty-guides-black-ops-6-multiplayer-map-guide-bounty-6cfdbb82db.html,https://callofduty.com/guides/blackops6/multiplayer-maps/call-of-duty-guides-black-ops-6-multiplayer-map-guide-bounty,cleaned,data/clean/guides/6cfdbb82dbca1dab.json,.body-content,0.90-4,98194,13569,7335,1255,1834,0.138186,
6429f52c3536aff2,call-of-duty-guides-black-ops-6-multiplayer-map-guide-bullet-6429f52c35.html,https://callofduty.com/guides/blackops6/multiplayer-maps/call-of-duty-guides-black-ops-6-multiplayer-map-guide-bullet,cleaned,data/clean/guides/6429f52c3536aff2.json,.body-content,0.90-4,100785,12997,7709,1382,1928,0.128958,
41e13242037de8f5,call-of-duty-guides-black-ops-6-multiplayer-map-guide-dealership-41e1324203.html,https://callofduty.com/guides/blackops6/multiplayer-maps/call-of-duty-guides-black-ops-6-multiplayer-map-guide-dealership,cleaned,data/clean/guides/41e13242037de8f5.json,.body-content,0.90-4,101408,13943,7582,1270,1896,0.137494,
e51cccf5a2f740bb,call-of-duty-guides-black-ops-6-multiplayer-map-guide-derelict-e51cccf5a2.html,https://callofduty.com/guides/blackops6/multiplayer-maps/call-of-duty-guides-black-ops-6-multiplayer-map-guide-derelict,cleaned,data/clean/guides/e51cccf5a2f740bb.json,.body-content,0.90-4,110827,16004,9280,1680,2320,0.144405,
e2babdbae0fa9eb7,call-of-duty-guides-black-ops-6-multiplayer-map-guide-eclipse-e2babdbae0.html,https://callofduty.com/guides/blackops6/multiplayer-maps/call-of-duty-guides-black-ops-6-multiplayer-map-guide-eclipse,cleaned,data/clean/guides/e2babdbae0fa9eb7.json,.body-content,0.90-4,87435,10700,5654,983,1414,0.122377,
e019b30406c62dab,call-of-duty-guides-black-ops-6-multiplayer-map-guide-exchange-e019b30406.html,https://callofduty.com/guides/blackops6/multiplayer-maps/call-of-duty-guides-black-ops-6-multiplayer-map-guide-exchange,cleaned,data/clean/guides/e019b30406c62dab.json,.body-content,0.90-4,94323,12095,6584,1142,1646,0.12823,
35e3502f79b57b3f,call-of-duty-guides-black-ops-6-multiplayer-map-guide-extraction-35e3502f79.html,https://callofduty.com/guides/blackops6/multiplayer-maps/call-of-duty-guides-black-ops-6-multiplayer-map-guide-extraction,cleaned,data/clean/guides/35e3502f79b57b3f.json,.body-content,0.90-4,96585,12897,6934,1172,1734,0.13353,
1e5c475c297ff5ca,call-of-duty-guides-black-ops-6-multiplayer-map-guide-firing-range-1e5c475c29.html,https://callofduty.com/guides/blackops6/multiplayer-maps/call-of-duty-guides-black-ops-6-multiplayer-map-guide-firing-range,cleaned,data/clean/guides/1e5c475c297ff5ca.json,.body-content,0.90-4,97550,13564,7435,1274,1859,0.139047,
5c43c01bf14061bc,call-of-duty-guides-black-ops-6-multiplayer-map-guide-fringe-5c43c01bf1.html,https://callofduty.com/guides/blackops6/multiplayer-maps/call-of-duty-guides-black-ops-6-multiplayer-map-guide-fringe,cleaned,data/clean/guides/5c43c01bf14061bc.json,.body-content,0.90-4,96699,12982,7083,1259,1771,0.134252,
bca647023ba2b07d,call-of-duty-guides-black-ops-6-multiplayer-map-guide-fugitive-bca647023b.html,https://callofduty.com/guides/blackops6/multiplayer-maps/call-of-duty-guides-black-ops-6-multiplayer-map-guide-fugitive,cleaned,data/clean/guides/bca647023ba2b07d.json,.body-content,0.90-4,95133,13071,7034,1183,1759,0.137397,
ae7327a7b70a0819,call-of-duty-guides-black-ops-6-multiplayer-map-guide-gala-ae7327a7b7.html,https://callofduty.com/guides/blackops6/multiplayer-maps/call-of-duty-guides-black-ops-6-multiplayer-map-guide-gala,cleaned,data/clean/guides/ae7327a7b70a0819.json,.body-content,0.90-4,93558,9433,4677,815,1170,0.100825,
0136590d39e13a70,call-of-duty-guides-black-ops-6-multiplayer-map-guide-grind-0136590d39.html,https://callofduty.com/guides/blackops6/multiplayer-maps/call-of-duty-guides-black-ops-6-multiplayer-map-guide-grind,cleaned,data/clean/guides/0136590d39e13a70.json,.body-content,0.90-4,108845,13739,7470,1257,1868,0.126225,
ae677cbca2217cc1,call-of-duty-guides-black-ops-6-multiplayer-map-guide-hacienda-ae677cbca2.html,https://callofduty.com/guides/blackops6/multiplayer-maps/call-of-duty-guides-black-ops-6-multiplayer-map-guide-hacienda,cleaned,data/clean/guides/ae677cbca2217cc1.json,.body-content,0.90-4,99090,12965,6857,1184,1715,0.130841,
33231fe853de717e,call-of-duty-guides-black-ops-6-multiplayer-map-guide-haven-33231fe853.html,https://callofduty.com/guides/blackops6/multiplayer-maps/call-of-duty-guides-black-ops-6-multiplayer-map-guide-haven,cleaned,data/clean/guides/33231fe853de717e.json,.body-content,0.90-4,96834,12977,6857,1146,1715,0.134013,
c961aac531dd824b,call-of-duty-guides-black-ops-6-multiplayer-map-guide-heirloom-c961aac531.html,https://callofduty.com/guides/blackops6/multiplayer-maps/call-of-duty-guides-black-ops-6-multiplayer-map-guide-heirloom,cleaned,data/clean/guides/c961aac531dd824b.json,.body-content,0.90-4,87832,10445,5496,968,1374,0.11892,
7e894c1c0e6668d3,call-of-duty-guides-black-ops-6-multiplayer-map-guide-hideout-7e894c1c0e.html,https://callofduty.com/guides/blackops6/multiplayer-maps/call-of-duty-guides-black-ops-6-multiplayer-map-guide-hideout,cleaned,data/clean/guides/7e894c1c0e6668d3.json,.body-content,0.90-4,93866,12185,6409,1055,1603,0.129813,
37a8798ea6949450,call-of-duty-guides-black-ops-6-multiplayer-map-guide-jackpot-37a8798ea6.html,https://callofduty.com/guides/blackops6/multiplayer-maps/call-of-duty-guides-black-ops-6-multiplayer-map-guide-jackpot,cleaned,data/clean/guides/37a8798ea6949450.json,.body-content,0.90-4,95166,11305,5772,992,1443,0.118792,
19b8bf7b43e9d96b,call-of-duty-guides-black-ops-6-multiplayer-map-guide-lifeline-19b8bf7b43.html,https://callofduty.com/guides/blackops6/multiplayer-maps/call-of-duty-guides-black-ops-6-multiplayer-map-guide-lifeline,cleaned,data/clean/guides/19b8bf7b43e9d96b.json,.body-content,0.90-4,89731,11145,6125,1074,1532,0.124205,
27806d1bd1feaaa3,call-of-duty-guides-black-ops-6-multiplayer-map-guide-lowtown-27806d1bd1.html,https://callofduty.com/guides/blackops6/multiplayer-maps/call-of-duty-guides-black-ops-6-multiplayer-map-guide-lowtown,cleaned,data/clean/guides/27806d1bd1feaaa3.json,.body-content,0.90-4,98569,14005,7809,1375,1953,0.142083,
9ffa53edfc3ccbf8,call-of-duty-guides-black-ops-6-multiplayer-map-guide-nomad-9ffa53edfc.html,https://callofduty.com/guides/blackops6/multiplayer-maps/call-of-duty-guides-black-ops-6-multiplayer-map-guide-nomad,cleaned,data/clean/guides/9ffa53edfc3ccbf8.json,.body-content,0.90-4,86908,11567,6628,1141,1657,0.133095,
c2fd2432e4804a50,call-of-duty-guides-black-ops-6-multiplayer-map-guide-payback-c2fd2432e4.html,https://callofduty.com/guides/blackops6/multiplayer-maps/call-of-duty-guides-black-ops-6-multiplayer-map-guide-payback,cleaned,data/clean/guides/c2fd2432e4804a50.json,.body-content,0.90-4,98127,14149,7901,1383,1976,0.144191,
0c3bc50bdc66b280,call-of-duty-guides-black-ops-6-multiplayer-map-guide-pit-0c3bc50bdc.html,https://callofduty.com/guides/blackops6/multiplayer-maps/call-of-duty-guides-black-ops-6-multiplayer-map-guide-pit,cleaned,data/clean/guides/0c3bc50bdc66b280.json,.body-content,0.90-4,98359,10682,5448,957,1362,0.108602,
b8b3b79b3cb20d48,call-of-duty-guides-black-ops-6-multiplayer-map-guide-protocol-b8b3b79b3c.html,https://callofduty.com/guides/blackops6/multiplayer-maps/call-of-duty-guides-black-ops-6-multiplayer-map-guide-protocol,cleaned,data/clean/guides/b8b3b79b3cb20d48.json,.body-content,0.90-4,105285,15302,8730,1530,2183,0.145339,
3bbb63aeac3b0073,call-of-duty-guides-black-ops-6-multiplayer-map-guide-racket-3bbb63aeac.html,https://callofduty.com/guides/blackops6/multiplayer-maps/call-of-duty-guides-black-ops-6-multiplayer-map-guide-racket,cleaned,data/clean/guides/3bbb63aeac3b0073.json,.body-content,0.90-4,88181,11315,6365,1137,1592,0.128316,
b891803e2a1a1fe4,call-of-duty-guides-black-ops-6-multiplayer-map-guide-red-card-b891803e2a.html,https://callofduty.com/guides/blackops6/multiplayer-maps/call-of-duty-guides-black-ops-6-multiplayer-map-guide-red-card,cleaned,data/clean/guides/b891803e2a1a1fe4.json,.body-content,0.90-4,97722,13030,6919,1150,1730,0.133337,
8f42890d116e16a2,call-of-duty-guides-black-ops-6-multiplayer-map-guide-rewind-8f42890d11.html,https://callofduty.com/guides/blackops6/multiplayer-maps/call-of-duty-guides-black-ops-6-multiplayer-map-guide-rewind,cleaned,data/clean/guides/8f42890d116e16a2.json,.body-content,0.90-4,105926,15529,9300,1640,2325,0.146602,
9870980d7a7804f5,call-of-duty-guides-black-ops-6-multiplayer-map-guide-runway-9870980d7a.html,https://callofduty.com/guides/blackops6/multiplayer-maps/call-of-duty-guides-black-ops-6-multiplayer-map-guide-runway,cleaned,data/clean/guides/9870980d7a7804f5.json,.body-content,0.90-4,96478,12314,6563,1143,1641,0.127635,
c1eea509d12df21a,call-of-duty-guides-black-ops-6-multiplayer-map-guide-scud-c1eea509d1.html,https://callofduty.com/guides/blackops6/multiplayer-maps/call-of-duty-guides-black-ops-6-multiplayer-map-guide-scud,cleaned,data/clean/guides/c1eea509d12df21a.json,.body-content,0.90-4,102483,12678,6692,1135,1673,0.123708,
399ba5c3004e69b6,call-of-duty-guides-black-ops-6-multiplayer-map-guide-shutdown-399ba5c300.html,https://callofduty.com/guides/blackops6/multiplayer-maps/call-of-duty-guides-black-ops-6-multiplayer-map-guide-shutdown,cleaned,data/clean/guides/399ba5c3004e69b6.json,.body-content,0.90-4,95674,13046,7101,1198,1776,0.136359,
1288a7426999758c,call-of-duty-guides-black-ops-6-multiplayer-map-guide-signal-1288a74269.html,https://callofduty.com/guides/blackops6/multiplayer-maps/call-of-duty-guides-black-ops-6-multiplayer-map-guide-signal,cleaned,data/clean/guides/1288a7426999758c.json,.body-content,0.90-4,91254,11238,5869,978,1468,0.123151,
d5b7f7fd868249d2,call-of-duty-guides-black-ops-6-multiplayer-map-guide-skyline-d5b7f7fd86.html,https://callofduty.com/guides/blackops6/multiplayer-maps/call-of-duty-guides-black-ops-6-multiplayer-map-guide-skyline,cleaned,data/clean/guides/d5b7f7fd868249d2.json,.body-content,0.90-4,106673,15201,8327,1416,2082,0.142501,
5da6c8e6cd2f9e28,call-of-duty-guides-black-ops-6-multiplayer-map-guide-stakeout-5da6c8e6cd.html,https://callofduty.com/guides/blackops6/multiplayer-maps/call-of-duty-guides-black-ops-6-multiplayer-map-guide-stakeout,cleaned,data/clean/guides/5da6c8e6cd2f9e28.json,.body-content,0.90-4,97600,11396,6175,999,1544,0.116762,
04877cbf785c028c,call-of-duty-guides-black-ops-6-multiplayer-map-guide-subsonic-04877cbf78.html,https://callofduty.com/guides/blackops6/multiplayer-maps/call-of-duty-guides-black-ops-6-multiplayer-map-guide-subsonic,cleaned,data/clean/guides/04877cbf785c028c.json,.body-content,0.90-4,95357,12736,6789,1134,1698,0.133561,
2e802a9a29ab3eb7,call-of-duty-guides-black-ops-6-multiplayer-map-guide-vault-2e802a9a29.html,https://callofduty.com/guides/blackops6/multiplayer-maps/call-of-duty-guides-black-ops-6-multiplayer-map-guide-vault,cleaned,data/clean/guides/2e802a9a29ab3eb7.json,.body-content,0.90-4,97762,13394,7286,1225,1822,0.137006,
d30661b5c97d18ed,call-of-duty-guides-black-ops-6-multiplayer-map-guide-vorkuta-d30661b5c9.html,https://callofduty.com/guides/blackops6/multiplayer-maps/call-of-duty-guides-black-ops-6-multiplayer-map-guide-vorkuta,cleaned,data/clean/guides/d30661b5c97d18ed.json,.body-content,0.90-4,97547,13016,6901,1130,1726,0.133433,
19a19578abb43c97,call-of-duty-guides-black-ops-6-multiplayer-map-guide-warhead-19a19578ab.html,https://callofduty.com/guides/blackops6/multiplayer-maps/call-of-duty-guides-black-ops-6-multiplayer-map-guide-warhead,cleaned,data/clean/guides/19a19578abb43c97.json,.body-content,0.90-4,97216,10103,5018,840,1255,0.103923,
d4cbdbf21aaf6aa5,call-of-duty-guides-black-ops-6-multiplayer-map-guide-world-motor-dynasty-wmd-d4cbdbf21a.html,https://callofduty.com/guides/blackops6/multiplayer-maps/call-of-duty-guides-black-ops-6-multiplayer-map-guide-world-motor-dynasty-wmd,cleaned,data/clean/guides/d4cbdbf21aaf6aa5.json,.body-content,0.90-4,98831,13152,7123,1201,1781,0.133076,
debfa21dd27904b3,call-of-duty-guides-black-ops-6-multiplayer-pre-game-weapons-and-loadouts-debfa21dd2.html,https://callofduty.com/guides/blackops6/pre-game/call-of-duty-guides-black-ops-6-multiplayer-pre-game-weapons-and-loadouts,cleaned,data/clean/guides/debfa21dd27904b3.json,.body-content,0.90-20,376314,89581,27000,4338,6750,0.238049,
379fac00d418a094,call-of-duty-guides-black-ops-6-multiplayer-how-to-play-379fac00d4.html,https://callofduty.com/guides/blackops6/training/call-of-duty-guides-black-ops-6-multiplayer-how-to-play,unresolved,,,,157558,0,0,0,0,0,no_unique_chrome_free_safe_root
8c113e8cc07f43d9,call-of-duty-guides-black-ops-6-multiplayer-leveling-up-and-progression-8c113e8cc0.html,https://callofduty.com/guides/blackops6/training/call-of-duty-guides-black-ops-6-multiplayer-leveling-up-and-progression,cleaned,data/clean/guides/8c113e8cc07f43d9.json,.body-content,0.90-18,77853,13516,7280,1216,1820,0.173609,
c8b7ac539a3aae09,call-of-duty-guides-black-ops-6-multiplayer-training-controls-c8b7ac539a.html,https://callofduty.com/guides/blackops6/training/call-of-duty-guides-black-ops-6-multiplayer-training-controls,cleaned,data/clean/guides/c8b7ac539a3aae09.json,.body-content,0.90-21,88374,22133,14651,2556,3663,0.250447,
dae307595fbbe664,call-of-duty-guides-black-ops-6-multiplayer-training-movement-dae307595f.html,https://callofduty.com/guides/blackops6/training/call-of-duty-guides-black-ops-6-multiplayer-training-movement,cleaned,data/clean/guides/dae307595fbbe664.json,.body-content,0.90-22,118846,22753,15243,2668,3811,0.191449,
68184148ce5d6739,call-of-duty-guides-black-ops-6-round-based-zombies-citadelle-des-morts-68184148ce.html,https://callofduty.com/guides/blackops6/zombies/call-of-duty-guides-black-ops-6-round-based-zombies-citadelle-des-morts,cleaned,data/clean/guides/68184148ce5d6739.json,.body-content,0.90-8,181662,30029,15238,2730,3810,0.165301,
b37e97076848a83c,call-of-duty-guides-black-ops-6-round-based-zombies-directed-mode-reckoning-b37e970768.html,https://callofduty.com/guides/blackops6/zombies/call-of-duty-guides-black-ops-6-round-based-zombies-directed-mode-reckoning,cleaned,data/clean/guides/b37e97076848a83c.json,.body-content,0.90-23,238609,35013,15190,2644,3798,0.146738,
a5acc4f66c014a13,call-of-duty-guides-black-ops-6-round-based-zombies-directed-mode-shattered-veil-a5acc4f66c.html,https://callofduty.com/guides/blackops6/zombies/call-of-duty-guides-black-ops-6-round-based-zombies-directed-mode-shattered-veil,cleaned,data/clean/guides/a5acc4f66c014a13.json,.body-content,0.90-8,248803,39172,18155,3264,4539,0.157442,
abafc89ae4dfff23,call-of-duty-guides-black-ops-6-round-based-zombies-liberty-falls-abafc89ae4.html,https://callofduty.com/guides/blackops6/zombies/call-of-duty-guides-black-ops-6-round-based-zombies-liberty-falls,cleaned,data/clean/guides/abafc89ae4dfff23.json,.body-content,0.90-24,102973,19252,10214,1866,2554,0.186962,
d35970dfab548e28,call-of-duty-guides-black-ops-6-round-based-zombies-terminus-d35970dfab.html,https://callofduty.com/guides/blackops6/zombies/call-of-duty-guides-black-ops-6-round-based-zombies-terminus,cleaned,data/clean/guides/d35970dfab548e28.json,.body-content,0.90-8,138507,25314,12965,2312,3242,0.182763,
6748f352789e1ce9,call-of-duty-guides-black-ops-6-round-based-zombies-the-tomb-6748f35278.html,https://callofduty.com/guides/blackops6/zombies/call-of-duty-guides-black-ops-6-round-based-zombies-the-tomb,cleaned,data/clean/guides/6748f352789e1ce9.json,.body-content,0.90-8,237231,37808,19616,3484,4904,0.159372,
51af434d27c59687,call-of-duty-guides-black-ops-6-zombies-mode-guide-grief-51af434d27.html,https://callofduty.com/guides/blackops6/zombies/call-of-duty-guides-black-ops-6-zombies-mode-guide-grief,cleaned,data/clean/guides/51af434d27c59687.json,.body-content,0.90-26,107431,22878,13099,2287,3275,0.212955,
1f82d077fe0c4297,blackops7-1f82d077fe.html,https://callofduty.com/guides/blackops7,landing_index,,,,217256,0,0,0,0,0,classified_valid_landing_or_index_page
ceb29d53d0a361c6,overload-ceb29d53d0.html,https://callofduty.com/guides/blackops7/modes/overload,cleaned,data/clean/guides/ceb29d53d0a361c6.json,.body-content,0.90-35,102977,12854,6840,1220,1710,0.124824,
9668ecaafb61f6df,blackheart-9668ecaafb.html,https://callofduty.com/guides/blackops7/multiplayer-maps/blackheart,unresolved,,,,137825,0,0,0,0,0,no_unique_chrome_free_safe_root
d848e6a53fd28491,colossus-d848e6a53f.html,https://callofduty.com/guides/blackops7/multiplayer-maps/colossus,unresolved,,,,138607,0,0,0,0,0,no_unique_chrome_free_safe_root
6eaa6545f9d834b4,cortex-6eaa6545f9.html,https://callofduty.com/guides/blackops7/multiplayer-maps/cortex,unresolved,,,,146113,0,0,0,0,0,no_unique_chrome_free_safe_root
87ee72c6bc5a77c9,den-87ee72c6bc.html,https://callofduty.com/guides/blackops7/multiplayer-maps/den,unresolved,,,,140947,0,0,0,0,0,no_unique_chrome_free_safe_root
c5ffd4dbabd7a7c7,exposure-c5ffd4dbab.html,https://callofduty.com/guides/blackops7/multiplayer-maps/exposure,unresolved,,,,141911,0,0,0,0,0,no_unique_chrome_free_safe_root
19f1607b2ba67c31,express-19f1607b2b.html,https://callofduty.com/guides/blackops7/multiplayer-maps/express,unresolved,,,,138225,0,0,0,0,0,no_unique_chrome_free_safe_root
87055415d741a1c3,fate-87055415d7.html,https://callofduty.com/guides/blackops7/multiplayer-maps/fate,unresolved,,,,137451,0,0,0,0,0,no_unique_chrome_free_safe_root
7a90ee32cee9fceb,flagship-7a90ee32ce.html,https://callofduty.com/guides/blackops7/multiplayer-maps/flagship,unresolved,,,,136743,0,0,0,0,0,no_unique_chrome_free_safe_root
9dd7dfac388e46ac,hijacked-9dd7dfac38.html,https://callofduty.com/guides/blackops7/multiplayer-maps/hijacked,unresolved,,,,138049,0,0,0,0,0,no_unique_chrome_free_safe_root
7821dfc2e2156c92,homestead-7821dfc2e2.html,https://callofduty.com/guides/blackops7/multiplayer-maps/homestead,unresolved,,,,137059,0,0,0,0,0,no_unique_chrome_free_safe_root
91337b92406308ff,imprint-91337b9240.html,https://callofduty.com/guides/blackops7/multiplayer-maps/imprint,unresolved,,,,140217,0,0,0,0,0,no_unique_chrome_free_safe_root
d88296f017104d00,nuketown-2025-d88296f017.html,https://callofduty.com/guides/blackops7/multiplayer-maps/nuketown-2025,unresolved,,,,141306,0,0,0,0,0,no_unique_chrome_free_safe_root
5da7aea209a8cfac,odysseus-5da7aea209.html,https://callofduty.com/guides/blackops7/multiplayer-maps/odysseus,unresolved,,,,137442,0,0,0,0,0,no_unique_chrome_free_safe_root
bd00e620a9428cf0,paranoia-bd00e620a9.html,https://callofduty.com/guides/blackops7/multiplayer-maps/paranoia,unresolved,,,,136608,0,0,0,0,0,no_unique_chrome_free_safe_root
bc289e3f2d2755e3,raid-bc289e3f2d.html,https://callofduty.com/guides/blackops7/multiplayer-maps/raid,unresolved,,,,135493,0,0,0,0,0,no_unique_chrome_free_safe_root
9e44eee5bc5bdecd,retrieval-9e44eee5bc.html,https://callofduty.com/guides/blackops7/multiplayer-maps/retrieval,unresolved,,,,138289,0,0,0,0,0,no_unique_chrome_free_safe_root
35151c927b93e1be,fringe-35151c927b.html,https://callofduty.com/guides/blackops7/multiplayer-maps/s01/fringe,unresolved,,,,142994,0,0,0,0,0,no_unique_chrome_free_safe_root
e6e251a562f43014,meltdown-e6e251a562.html,https://callofduty.com/guides/blackops7/multiplayer-maps/s01/meltdown,unresolved,,,,144268,0,0,0,0,0,no_unique_chrome_free_safe_root
3d02faf92ee9b301,yakei-3d02faf92e.html,https://callofduty.com/guides/blackops7/multiplayer-maps/s01/yakei,unresolved,,,,143703,0,0,0,0,0,no_unique_chrome_free_safe_root
a82e751cf063354b,cliff-town-a82e751cf0.html,https://callofduty.com/guides/blackops7/multiplayer-maps/s02/cliff-town,unresolved,,,,144688,0,0,0,0,0,no_unique_chrome_free_safe_root
c1b2b5aca5a936e7,firing-range-c1b2b5aca5.html,https://callofduty.com/guides/blackops7/multiplayer-maps/s02/firing-range,unresolved,,,,143552,0,0,0,0,0,no_unique_chrome_free_safe_root
89413baa7bbf4a9b,grind-89413baa7b.html,https://callofduty.com/guides/blackops7/multiplayer-maps/s02/grind,unresolved,,,,142971,0,0,0,0,0,no_unique_chrome_free_safe_root
48951999d5100928,nexus-48951999d5.html,https://callofduty.com/guides/blackops7/multiplayer-maps/s02/nexus,unresolved,,,,141489,0,0,0,0,0,no_unique_chrome_free_safe_root
585bcee2d7730cac,sake-585bcee2d7.html,https://callofduty.com/guides/blackops7/multiplayer-maps/s02/sake,unresolved,,,,143353,0,0,0,0,0,no_unique_chrome_free_safe_root
588e3aa80d7a2b56,slums-588e3aa80d.html,https://callofduty.com/guides/blackops7/multiplayer-maps/s02/slums,unresolved,,,,145182,0,0,0,0,0,no_unique_chrome_free_safe_root
71a92b30e36ae1b1,torment-71a92b30e3.html,https://callofduty.com/guides/blackops7/multiplayer-maps/s02/torment,unresolved,,,,143204,0,0,0,0,0,no_unique_chrome_free_safe_root
4fb8de464a01058c,torque-4fb8de464a.html,https://callofduty.com/guides/blackops7/multiplayer-maps/s02/torque,unresolved,,,,141470,0,0,0,0,0,no_unique_chrome_free_safe_root
c43e5f59b3c1de73,abyss-c43e5f59b3.html,https://callofduty.com/guides/blackops7/multiplayer-maps/s03/abyss,unresolved,,,,139880,0,0,0,0,0,no_unique_chrome_free_safe_root
90fb185d50ea7949,beacon-90fb185d50.html,https://callofduty.com/guides/blackops7/multiplayer-maps/s03/beacon,unresolved,,,,142995,0,0,0,0,0,no_unique_chrome_free_safe_root
412dad7f23dce42e,gridlock-412dad7f23.html,https://callofduty.com/guides/blackops7/multiplayer-maps/s03/gridlock,unresolved,,,,143687,0,0,0,0,0,no_unique_chrome_free_safe_root
e28106a27627657b,hacienda-e28106a276.html,https://callofduty.com/guides/blackops7/multiplayer-maps/s03/hacienda,unresolved,,,,132195,0,0,0,0,0,no_unique_chrome_free_safe_root
eeaec8537381cafc,onsen-eeaec85373.html,https://callofduty.com/guides/blackops7/multiplayer-maps/s03/onsen,unresolved,,,,131792,0,0,0,0,0,no_unique_chrome_free_safe_root
4c124722db8093eb,plaza-4c124722db.html,https://callofduty.com/guides/blackops7/multiplayer-maps/s03/plaza,unresolved,,,,145854,0,0,0,0,0,no_unique_chrome_free_safe_root
578b239bb8fc43f8,summit-578b239bb8.html,https://callofduty.com/guides/blackops7/multiplayer-maps/s03/summit,unresolved,,,,131873,0,0,0,0,0,no_unique_chrome_free_safe_root
08eb9116e05e79a8,launch-08eb9116e0.html,https://callofduty.com/guides/blackops7/multiplayer-maps/s04/launch,unresolved,,,,132078,0,0,0,0,0,no_unique_chrome_free_safe_root
f96c54cd9f972acf,liminal-f96c54cd9f.html,https://callofduty.com/guides/blackops7/multiplayer-maps/s04/liminal,unresolved,,,,126459,0,0,0,0,0,no_unique_chrome_free_safe_root
d7cf2a98dab7376e,primetime-d7cf2a98da.html,https://callofduty.com/guides/blackops7/multiplayer-maps/s04/primetime,unresolved,,,,131886,0,0,0,0,0,no_unique_chrome_free_safe_root
9a0531d068487676,vertigo-9a0531d068.html,https://callofduty.com/guides/blackops7/multiplayer-maps/s04/vertigo,unresolved,,,,132202,0,0,0,0,0,no_unique_chrome_free_safe_root
4929a5b6ddf4c100,zenith-4929a5b6dd.html,https://callofduty.com/guides/blackops7/multiplayer-maps/s04/zenith,unresolved,,,,129366,0,0,0,0,0,no_unique_chrome_free_safe_root
deaf926ba8d8270a,dig-deaf926ba8.html,https://callofduty.com/guides/blackops7/multiplayer-maps/s05/dig,unresolved,,,,132371,0,0,0,0,0,no_unique_chrome_free_safe_root
3ffad92b1b02afd7,frequency-3ffad92b1b.html,https://callofduty.com/guides/blackops7/multiplayer-maps/s05/frequency,unresolved,,,,132267,0,0,0,0,0,no_unique_chrome_free_safe_root
1915dbe5adf3e176,jubilee-1915dbe5ad.html,https://callofduty.com/guides/blackops7/multiplayer-maps/s05/jubilee,unresolved,,,,131781,0,0,0,0,0,no_unique_chrome_free_safe_root
a1e5d5751118fc24,turbo-tilt-a1e5d57511.html,https://callofduty.com/guides/blackops7/multiplayer-maps/s05/turbo-tilt,unresolved,,,,126736,0,0,0,0,0,no_unique_chrome_free_safe_root
b5d927dbfec29ab2,quantum-b5d927dbfe.html,https://callofduty.com/guides/blackops7/multiplayer-maps/s06/quantum,unresolved,,,,130852,0,0,0,0,0,no_unique_chrome_free_safe_root
bca015f6e412fc5f,scar-bca015f6e4.html,https://callofduty.com/guides/blackops7/multiplayer-maps/scar,unresolved,,,,137992,0,0,0,0,0,no_unique_chrome_free_safe_root
04c738119529380e,standoff-04c7381195.html,https://callofduty.com/guides/blackops7/multiplayer-maps/standoff,unresolved,,,,141589,0,0,0,0,0,no_unique_chrome_free_safe_root
e0f4b8856fd3ea63,the-forge-e0f4b8856f.html,https://callofduty.com/guides/blackops7/multiplayer-maps/the-forge,unresolved,,,,141714,0,0,0,0,0,no_unique_chrome_free_safe_root
4beaff3af3d24915,toshin-4beaff3af3.html,https://callofduty.com/guides/blackops7/multiplayer-maps/toshin,unresolved,,,,140315,0,0,0,0,0,no_unique_chrome_free_safe_root
eb63fa3d95417cab,utopia-eb63fa3d95.html,https://callofduty.com/guides/blackops7/multiplayer-maps/utopia,unresolved,,,,141557,0,0,0,0,0,no_unique_chrome_free_safe_root
85a0c34210b80b0b,cod-101-85a0c34210.html,https://callofduty.com/guides/blackops7/training/cod-101,cleaned,data/clean/guides/85a0c34210b80b0b.json,.body-content,0.90-31,85835,9117,4573,778,1144,0.106215,
a444dd623c7609af,weapons-a444dd623c.html,https://callofduty.com/guides/blackops7/weapons,landing_index,,,,186343,0,0,0,0,0,classified_valid_landing_or_index_page
430cf6e3f8440c42,ak-27-430cf6e3f8.html,https://callofduty.com/guides/blackops7/weapons/assault-rifle/ak-27,cleaned,data/clean/guides/430cf6e3f8440c42.json,.body-content,0.90-2,205833,20558,4047,666,1012,0.099877,
390705730ccf0f29,ds20-mirage-390705730c.html,https://callofduty.com/guides/blackops7/weapons/assault-rifle/ds20-mirage,cleaned,data/clean/guides/390705730ccf0f29.json,.body-content,0.90-2,206237,20798,4269,692,1068,0.100845,
0501d922888adefc,m15-mod-0-0501d92288.html,https://callofduty.com/guides/blackops7/weapons/assault-rifle/m15-mod-0,cleaned,data/clean/guides/0501d922888adefc.json,.body-content,0.90-2,205812,20485,4059,677,1015,0.099533,
85d0db80a8a045a3,maddox-rfb-85d0db80a8.html,https://callofduty.com/guides/blackops7/weapons/assault-rifle/maddox-rfb,cleaned,data/clean/guides/85d0db80a8a045a3.json,.body-content,0.90-2,206037,20805,4198,690,1050,0.100977,
5272399036794d77,mxr-17-5272399036.html,https://callofduty.com/guides/blackops7/weapons/assault-rifle/mxr-17,cleaned,data/clean/guides/5272399036794d77.json,.body-content,0.90-2,205929,20656,4138,679,1035,0.100306,
d63c4a4733f8a48b,peacekeeper-mk1-d63c4a4733.html,https://callofduty.com/guides/blackops7/weapons/assault-rifle/peacekeeper-mk1,cleaned,data/clean/guides/d63c4a4733f8a48b.json,.body-content,0.90-2,206223,20689,4148,675,1037,0.100323,
cf649941c526a935,egrt-17-cf649941c5.html,https://callofduty.com/guides/blackops7/weapons/assault-rifle/s02/egrt-17,cleaned,data/clean/guides/cf649941c526a935.json,.body-content,0.90-2,214939,20731,4210,681,1053,0.096451,
e3a82f8f6a75dac7,voyak-kt-3-e3a82f8f6a.html,https://callofduty.com/guides/blackops7/weapons/assault-rifle/s02/voyak-kt-3,cleaned,data/clean/guides/e3a82f8f6a75dac7.json,.body-content,0.90-2,215418,20701,4171,676,1043,0.096097,
87644492ee5877ac,mk35-isr-87644492ee.html,https://callofduty.com/guides/blackops7/weapons/assault-rifle/s03/mk35-isr,cleaned,data/clean/guides/87644492ee5877ac.json,.body-content,0.90-2,213064,20477,4115,677,1029,0.096107,
faea137f5056d709,fg42-faea137f50.html,https://callofduty.com/guides/blackops7/weapons/assault-rifle/s05/fg42,cleaned,data/clean/guides/faea137f5056d709.json,.body-content,0.90-2,212689,20545,4195,694,1049,0.096596,
17b4a22290ef34e2,x9-maverick-17b4a22290.html,https://callofduty.com/guides/blackops7/weapons/assault-rifle/x9-maverick,cleaned,data/clean/guides/17b4a22290ef34e2.json,.body-content,0.90-2,206071,20631,4102,669,1026,0.100116,
d3d3118784d7c2b5,aarow-109-d3d3118784.html,https://callofduty.com/guides/blackops7/weapons/launcher/aarow-109,cleaned,data/clean/guides/d3d3118784d7c2b5.json,.body-content,0.90-2,205812,21095,4577,750,1145,0.102496,
ead6c4c1976ba9a6,arc-m1-ead6c4c197.html,https://callofduty.com/guides/blackops7/weapons/launcher/arc-m1,cleaned,data/clean/guides/ead6c4c1976ba9a6.json,.body-content,0.90-2,205872,21153,4641,760,1161,0.102748,
899c78c411510a8b,mk-78-899c78c411.html,https://callofduty.com/guides/blackops7/weapons/lmg/mk-78,cleaned,data/clean/guides/899c78c411510a8b.json,.body-content,0.90-2,205811,20612,4111,675,1028,0.10015,
ae0207f6f46ee725,mammoth-ae0207f6f4.html,https://callofduty.com/guides/blackops7/weapons/lmg/s05/mammoth,cleaned,data/clean/guides/ae0207f6f46ee725.json,.body-content,0.90-2,212600,20437,4088,666,1022,0.096129,
3b83280b701d78c0,sokol-545-3b83280b70.html,https://callofduty.com/guides/blackops7/weapons/lmg/sokol-545,cleaned,data/clean/guides/3b83280b701d78c0.json,.body-content,0.90-2,206200,20727,4214,699,1054,0.100519,
6bfd0e6bb06debd5,xm325-6bfd0e6bb0.html,https://callofduty.com/guides/blackops7/weapons/lmg/xm325,cleaned,data/clean/guides/6bfd0e6bb06debd5.json,.body-content,0.90-2,205856,20620,4119,675,1030,0.100167,
d2826d0469561c2b,KRS-762-d2826d0469.html,https://callofduty.com/guides/blackops7/weapons/marksman-rifle/KRS-762,cleaned,data/clean/guides/d2826d0469561c2b.json,.body-content,0.90-2,215050,20880,4440,724,1110,0.097094,
2161774a170dc5da,m34-novaline-2161774a17.html,https://callofduty.com/guides/blackops7/weapons/marksman-rifle/m34-novaline,cleaned,data/clean/guides/2161774a170dc5da.json,.body-content,0.90-2,206708,20781,4248,690,1062,0.100533,
6e4deca0da5b826f,m8a1-6e4deca0da.html,https://callofduty.com/guides/blackops7/weapons/marksman-rifle/m8a1,cleaned,data/clean/guides/6e4deca0da5b826f.json,.body-content,0.90-2,206437,20671,4162,684,1041,0.100132,
e244af902af0d542,swordfish-a1-e244af902a.html,https://callofduty.com/guides/blackops7/weapons/marksman-rifle/swordfish-a1,cleaned,data/clean/guides/e244af902af0d542.json,.body-content,0.90-2,215210,20771,4238,682,1060,0.096515,
27d15df59eaa27b9,warden-308-27d15df59e.html,https://callofduty.com/guides/blackops7/weapons/marksman-rifle/warden-308,cleaned,data/clean/guides/27d15df59eaa27b9.json,.body-content,0.90-2,206498,20655,4128,678,1032,0.100025,
ff2c337d7b77fb82,ballistic-knife-ff2c337d7b.html,https://callofduty.com/guides/blackops7/weapons/melee/ballistic-knife,cleaned,data/clean/guides/ff2c337d7b77fb82.json,.body-content,0.90-2,205446,21014,4400,721,1100,0.102285,
c0880d1e495802d4,flatline-mk-ii-c0880d1e49.html,https://callofduty.com/guides/blackops7/weapons/melee/flatline-mk-ii,cleaned,data/clean/guides/c0880d1e495802d4.json,.body-content,0.90-2,205975,20561,4031,666,1008,0.099823,
d5476514622787d2,knife-d547651462.html,https://callofduty.com/guides/blackops7/weapons/melee/knife,cleaned,data/clean/guides/d5476514622787d2.json,.body-content,0.90-2,205535,20446,3943,651,986,0.099477,
23d25e3b41a35351,h311-saw-23d25e3b41.html,https://callofduty.com/guides/blackops7/weapons/melee/s02/h311-saw,cleaned,data/clean/guides/23d25e3b41a35351.json,.body-content,0.90-2,240177,25672,5255,864,1314,0.106888,
66cd18039069ea12,katana-66cd180390.html,https://callofduty.com/guides/blackops7/weapons/melee/s03/katana,cleaned,data/clean/guides/66cd18039069ea12.json,.body-content,0.90-2,241395,25212,4955,831,1239,0.104443,
f7bbe0e78d08a5dc,mace-f7bbe0e78d.html,https://callofduty.com/guides/blackops7/weapons/melee/s05/mace,cleaned,data/clean/guides/f7bbe0e78d08a5dc.json,.body-content,0.90-2,248978,25214,4963,834,1241,0.10127,
d6d561456fdc8ee7,coda-9-d6d561456f.html,https://callofduty.com/guides/blackops7/weapons/pistol/coda-9,cleaned,data/clean/guides/d6d561456fdc8ee7.json,.body-content,0.90-2,206132,20528,4021,667,1006,0.099587,
8ff62011666a4f89,jager-45-8ff6201166.html,https://callofduty.com/guides/blackops7/weapons/pistol/jager-45,cleaned,data/clean/guides/8ff62011666a4f89.json,.body-content,0.90-2,206123,20548,4026,665,1007,0.099688,
8e28f7814bd0c201,1911-8e28f7814b.html,https://callofduty.com/guides/blackops7/weapons/pistol/s03/1911,cleaned,data/clean/guides/8e28f7814bd0c201.json,.body-content,0.90-2,239429,24907,4905,809,1227,0.104027,
1a5f742dea38f41c,velox-5-7-1a5f742dea.html,https://callofduty.com/guides/blackops7/weapons/pistol/velox-5-7,cleaned,data/clean/guides/1a5f742dea38f41c.json,.body-content,0.90-2,206349,20645,4129,679,1033,0.100049,
be641c531ccf88d5,akita-be641c531c.html,https://callofduty.com/guides/blackops7/weapons/shotgun/akita,cleaned,data/clean/guides/be641c531ccf88d5.json,.body-content,0.90-2,206481,20508,4003,663,1001,0.099321,
371a087e80e59588,echo-12-371a087e80.html,https://callofduty.com/guides/blackops7/weapons/shotgun/echo-12,cleaned,data/clean/guides/371a087e80e59588.json,.body-content,0.90-2,206692,20665,4154,698,1039,0.09998,
3c7491e6f02e4d72,m10-breacher-3c7491e6f0.html,https://callofduty.com/guides/blackops7/weapons/shotgun/m10-breacher,cleaned,data/clean/guides/3c7491e6f02e4d72.json,.body-content,0.90-2,206873,20736,4210,702,1053,0.100235,
5f4cc33e566b7932,sg-12-5f4cc33e56.html,https://callofduty.com/guides/blackops7/weapons/shotgun/sg-12,cleaned,data/clean/guides/5f4cc33e566b7932.json,.body-content,0.90-2,214916,20930,4332,714,1083,0.097387,
b3489a2e841d5d83,carbon-57-b3489a2e84.html,https://callofduty.com/guides/blackops7/weapons/smg/carbon-57,cleaned,data/clean/guides/b3489a2e841d5d83.json,.body-content,0.90-2,205858,20577,4064,671,1016,0.099957,
b0250221756a4ee0,dravec-45-b025022175.html,https://callofduty.com/guides/blackops7/weapons/smg/dravec-45,cleaned,data/clean/guides/b0250221756a4ee0.json,.body-content,0.90-2,205880,20618,4105,678,1027,0.100146,
a7e6714b8a61d525,kogot-7-a7e6714b8a.html,https://callofduty.com/guides/blackops7/weapons/smg/kogot-7,cleaned,data/clean/guides/a7e6714b8a61d525.json,.body-content,0.90-2,205868,20841,4253,695,1064,0.101235,
dc8c0ec17f9fb4b3,mpc-25-dc8c0ec17f.html,https://callofduty.com/guides/blackops7/weapons/smg/mpc-25,cleaned,data/clean/guides/dc8c0ec17f9fb4b3.json,.body-content,0.90-2,205805,20607,4103,667,1026,0.100129,
2931c3d3e20041dd,razor-9mm-2931c3d3e2.html,https://callofduty.com/guides/blackops7/weapons/smg/razor-9mm,cleaned,data/clean/guides/2931c3d3e20041dd.json,.body-content,0.90-2,205706,20447,3934,651,984,0.099399,
09f6421e8393e1c5,rk-9-09f6421e83.html,https://callofduty.com/guides/blackops7/weapons/smg/rk-9,cleaned,data/clean/guides/09f6421e8393e1c5.json,.body-content,0.90-2,205675,20580,4082,670,1021,0.100061,
3c60238edce9e2ce,ryden-45k-3c60238edc.html,https://callofduty.com/guides/blackops7/weapons/smg/ryden-45k,cleaned,data/clean/guides/3c60238edce9e2ce.json,.body-content,0.90-2,205851,20567,4054,666,1014,0.099912,
6e1a039e8a04dc3f,rev-46-6e1a039e8a.html,https://callofduty.com/guides/blackops7/weapons/smg/s02/rev-46,cleaned,data/clean/guides/6e1a039e8a04dc3f.json,.body-content,0.90-2,214859,20759,4251,687,1063,0.096617,
5410450181f4fef1,vst-5410450181.html,https://callofduty.com/guides/blackops7/weapons/smg/s03/vst,cleaned,data/clean/guides/5410450181f4fef1.json,.body-content,0.90-2,211966,20298,3961,642,991,0.095761,
f227eb622626ce69,cbrs-3-f227eb6226.html,https://callofduty.com/guides/blackops7/weapons/smg/s04/cbrs-3,cleaned,data/clean/guides/f227eb622626ce69.json,.body-content,0.90-2,212248,20289,3943,642,986,0.095591,
54aaa97b6eeb0ea5,gremlin-54aaa97b6e.html,https://callofduty.com/guides/blackops7/weapons/smg/s05/gremlin,cleaned,data/clean/guides/54aaa97b6eeb0ea5.json,.body-content,0.90-2,212170,20336,3987,646,997,0.095848,
007ef52e767bf094,sturmwolf-45-007ef52e76.html,https://callofduty.com/guides/blackops7/weapons/smg/sturmwolf-45,cleaned,data/clean/guides/007ef52e767bf094.json,.body-content,0.90-2,214240,20726,4123,679,1031,0.096742,
d482357c628d08c4,hawker-hx-d482357c62.html,https://callofduty.com/guides/blackops7/weapons/sniper-rifle/hawker-hx,cleaned,data/clean/guides/d482357c628d08c4.json,.body-content,0.90-2,206637,20595,3992,657,998,0.099668,
837d6566b3871697,strider-300-837d6566b3.html,https://callofduty.com/guides/blackops7/weapons/sniper-rifle/s03/strider-300,cleaned,data/clean/guides/837d6566b3871697.json,.body-content,0.90-2,239538,25059,4941,816,1236,0.104614,
0668127e472c9986,vs-recon-0668127e47.html,https://callofduty.com/guides/blackops7/weapons/sniper-rifle/vs-recon,cleaned,data/clean/guides/0668127e472c9986.json,.body-content,0.90-2,206327,20598,4079,665,1020,0.099832,
f6c0298db9798d71,xr-3-ion-f6c0298db9.html,https://callofduty.com/guides/blackops7/weapons/sniper-rifle/xr-3-ion,cleaned,data/clean/guides/f6c0298db9798d71.json,.body-content,0.90-2,206370,20441,4003,661,1001,0.09905,
92afb70d75959d9d,gdl-havoc-92afb70d75.html,https://callofduty.com/guides/blackops7/weapons/special/gdl-havoc,cleaned,data/clean/guides/92afb70d75959d9d.json,.body-content,0.90-2,207020,20748,4150,689,1038,0.100222,
c4c4c238e231c70a,nx-ravager-c4c4c238e2.html,https://callofduty.com/guides/blackops7/weapons/special/nx-ravager,cleaned,data/clean/guides/c4c4c238e231c70a.json,.body-content,0.90-2,206836,20749,4148,689,1037,0.100316,
ee66053fbc3f7281,siren-ee66053fbc.html,https://callofduty.com/guides/blackops7/weapons/special/s03/siren,cleaned,data/clean/guides/ee66053fbc3f7281.json,.body-content,0.90-2,241590,25409,4894,815,1224,0.105174,
2501c002156bc545,grimhawk-2501c00215.html,https://callofduty.com/guides/blackops7/weapons/special/s04/grimhawk,cleaned,data/clean/guides/2501c002156bc545.json,.body-content,0.90-2,242777,25503,4979,818,1245,0.105047,
2048dcf0423101da,ashes-of-the-damned-2048dcf042.html,https://callofduty.com/guides/blackops7/zombies/ashes-of-the-damned,unresolved,,,,115729,0,0,0,0,0,no_unique_chrome_free_safe_root
c55ab48d226ac8bb,astra-malorum-c55ab48d22.html,https://callofduty.com/guides/blackops7/zombies/astra-malorum,unresolved,,,,119420,0,0,0,0,0,no_unique_chrome_free_safe_root
67000e556a68cc5f,gobblegums-67000e556a.html,https://callofduty.com/guides/blackops7/zombies/gobblegums,cleaned,data/clean/guides/67000e556a68cc5f.json,.body-content,0.90-33,272422,104711,53549,9420,13388,0.384371,
d0d4538947a84594,kowakujo-d0d4538947.html,https://callofduty.com/guides/blackops7/zombies/kowakujo,unresolved,,,,124545,0,0,0,0,0,no_unique_chrome_free_safe_root
46c7341e6d98f639,paradox-junction-46c7341e6d.html,https://callofduty.com/guides/blackops7/zombies/paradox-junction,unresolved,,,,120852,0,0,0,0,0,no_unique_chrome_free_safe_root
0387fe4bfa50a3de,survival-vandorn-farm-0387fe4bfa.html,https://callofduty.com/guides/blackops7/zombies/survival-vandorn-farm,cleaned,data/clean/guides/0387fe4bfa50a3de.json,.body-content,0.90-36,86764,6554,3863,671,966,0.075538,
778b2a28e6456fa7,totenreich-starting-room-778b2a28e6.html,https://callofduty.com/guides/blackops7/zombies/totenreich-starting-room,unresolved,,,,126167,0,0,0,0,0,no_unique_chrome_free_safe_root
bbdf20c9510407fa,call-of-duty-modern-warfare-iii-play-guides-getting-started-cod-101-bbdf20c951.html,https://callofduty.com/guides/getting-started/call-of-duty-modern-warfare-iii-play-guides-getting-started-cod-101,cleaned,data/clean/guides/bbdf20c9510407fa.json,.body-content,0.90-9,97357,10509,6052,1017,1513,0.107943,
21ab44977d4f3a8a,call-of-duty-modern-warfare-iii-play-guides-getting-started-guide-21ab44977d.html,https://callofduty.com/guides/getting-started/call-of-duty-modern-warfare-iii-play-guides-getting-started-guide,unresolved,,,,144575,0,0,0,0,0,no_unique_chrome_free_safe_root
ebfc633185992144,call-of-duty-modern-warfare-iii-play-guides-getting-started-in-game-terms-ebfc633185.html,https://callofduty.com/guides/getting-started/call-of-duty-modern-warfare-iii-play-guides-getting-started-in-game-terms,cleaned,data/clean/guides/ebfc633185992144.json,.body-content,0.90-9,106386,22454,13700,2279,3425,0.211062,
bc714ae29625df87,mobile-bc714ae296.html,https://callofduty.com/guides/mobile,landing_index,,,,121264,0,0,0,0,0,classified_valid_landing_or_index_page
0e4e5724083dbc51,dmz-recon-101-how-to-play-0e4e572408.html,https://callofduty.com/guides/mobile/dmz-recon-101-how-to-play,cleaned,data/clean/guides/0e4e5724083dbc51.json,.body-content,0.90-32,101761,23917,16468,2984,4117,0.235031,
5153f83fc19808ef,dmz-recon-rebirth-island-5153f83fc1.html,https://callofduty.com/guides/mobile/dmz-recon-rebirth-island,unresolved,,,,132907,0,0,0,0,0,no_unique_chrome_free_safe_root
1bda7745145430c6,serpent-island-1bda774514.html,https://callofduty.com/guides/mobile/serpent-island,unresolved,,,,132542,0,0,0,0,0,no_unique_chrome_free_safe_root
fdd28e9b8c03792d,modernwarfare3-fdd28e9b8c.html,https://callofduty.com/guides/modernwarfare3,landing_index,,,,236749,0,0,0,0,0,classified_valid_landing_or_index_page
378e5b95d41e1fed,call-of-duty-guide-modern-warfare-iii-multiplayer-map-meat-378e5b95d4.html,https://callofduty.com/guides/multiplayer-maps/call-of-duty-guide-modern-warfare-iii-multiplayer-map-meat,cleaned,data/clean/guides/378e5b95d41e1fed.json,.body-content,0.90-3,113015,14119,7783,1303,1946,0.12493,
d99f96abeb81b107,call-of-duty-guides-modern-warfare-iii-multiplayer-map-guide-6-star-d99f96abeb.html,https://callofduty.com/guides/multiplayer-maps/call-of-duty-guides-modern-warfare-iii-multiplayer-map-guide-6-star,cleaned,data/clean/guides/d99f96abeb81b107.json,.body-content,0.90-3,118673,17491,10289,1734,2573,0.147388,
4c7b4ac731406527,call-of-duty-guides-modern-warfare-iii-multiplayer-map-guide-bait-4c7b4ac731.html,https://callofduty.com/guides/multiplayer-maps/call-of-duty-guides-modern-warfare-iii-multiplayer-map-guide-bait,cleaned,data/clean/guides/4c7b4ac731406527.json,.body-content,0.90-3,126936,18849,11509,2004,2878,0.148492,
d41e8660074534a1,call-of-duty-guides-modern-warfare-iii-multiplayer-map-guide-checkpoint-d41e866007.html,https://callofduty.com/guides/multiplayer-maps/call-of-duty-guides-modern-warfare-iii-multiplayer-map-guide-checkpoint,cleaned,data/clean/guides/d41e8660074534a1.json,.body-content,0.90-3,120535,16836,9998,1703,2500,0.139677,
6afc9b83bbcfa740,call-of-duty-guides-modern-warfare-iii-multiplayer-map-guide-departures-6afc9b83bb.html,https://callofduty.com/guides/multiplayer-maps/call-of-duty-guides-modern-warfare-iii-multiplayer-map-guide-departures,cleaned,data/clean/guides/6afc9b83bbcfa740.json,.body-content,0.90-3,112719,14342,8016,1356,2004,0.127237,
14ab4ff0ba7534e1,call-of-duty-guides-modern-warfare-iii-multiplayer-map-guide-emergency-14ab4ff0ba.html,https://callofduty.com/guides/multiplayer-maps/call-of-duty-guides-modern-warfare-iii-multiplayer-map-guide-emergency,cleaned,data/clean/guides/14ab4ff0ba7534e1.json,.body-content,0.90-3,121452,17518,10593,1791,2649,0.144238,
e21345d620a840e2,call-of-duty-guides-modern-warfare-iii-multiplayer-map-guide-farm-18-e21345d620.html,https://callofduty.com/guides/multiplayer-maps/call-of-duty-guides-modern-warfare-iii-multiplayer-map-guide-farm-18,cleaned,data/clean/guides/e21345d620a840e2.json,.body-content,0.90-3,120634,22597,13476,2342,3369,0.187319,
8cd18416e4ca1d7d,call-of-duty-guides-modern-warfare-iii-multiplayer-map-guide-grime-8cd18416e4.html,https://callofduty.com/guides/multiplayer-maps/call-of-duty-guides-modern-warfare-iii-multiplayer-map-guide-grime,cleaned,data/clean/guides/8cd18416e4ca1d7d.json,.body-content,0.90-3,123314,19593,11854,2041,2964,0.158887,
e63d464a04ce91bc,call-of-duty-guides-modern-warfare-iii-multiplayer-map-guide-growhouse-e63d464a04.html,https://callofduty.com/guides/multiplayer-maps/call-of-duty-guides-modern-warfare-iii-multiplayer-map-guide-growhouse,cleaned,data/clean/guides/e63d464a04ce91bc.json,.body-content,0.90-3,115151,15510,8902,1500,2226,0.134693,
66ddb628d3e9ce4c,call-of-duty-guides-modern-warfare-iii-multiplayer-map-guide-incline-66ddb628d3.html,https://callofduty.com/guides/multiplayer-maps/call-of-duty-guides-modern-warfare-iii-multiplayer-map-guide-incline,cleaned,data/clean/guides/66ddb628d3e9ce4c.json,.body-content,0.90-3,129708,18352,10741,1853,2686,0.141487,
aa17934246a9b526,call-of-duty-guides-modern-warfare-iii-multiplayer-map-guide-mercado-las-almas-aa17934246.html,https://callofduty.com/guides/multiplayer-maps/call-of-duty-guides-modern-warfare-iii-multiplayer-map-guide-mercado-las-almas,cleaned,data/clean/guides/aa17934246a9b526.json,.body-content,0.90-3,122562,22187,13262,2358,3316,0.181027,
52a9e6ff534d21a6,call-of-duty-guides-modern-warfare-iii-multiplayer-map-guide-operation-das-haus-52a9e6ff53.html,https://callofduty.com/guides/multiplayer-maps/call-of-duty-guides-modern-warfare-iii-multiplayer-map-guide-operation-das-haus,cleaned,data/clean/guides/52a9e6ff534d21a6.json,.body-content,0.90-3,116078,15401,8850,1521,2213,0.132678,
248130276ff11206,call-of-duty-guides-modern-warfare-iii-multiplayer-map-guide-operation-tin-man-248130276f.html,https://callofduty.com/guides/multiplayer-maps/call-of-duty-guides-modern-warfare-iii-multiplayer-map-guide-operation-tin-man,cleaned,data/clean/guides/248130276ff11206.json,.body-content,0.90-3,119960,19848,11618,1988,2905,0.165455,
32e4edc4d319fe02,call-of-duty-guides-modern-warfare-iii-multiplayer-map-guide-paris-32e4edc4d3.html,https://callofduty.com/guides/multiplayer-maps/call-of-duty-guides-modern-warfare-iii-multiplayer-map-guide-paris,cleaned,data/clean/guides/32e4edc4d319fe02.json,.body-content,0.90-3,120414,16463,9769,1649,2443,0.13672,
62730e34bd1b65e5,call-of-duty-guides-modern-warfare-iii-multiplayer-map-guide-rio-62730e34bd.html,https://callofduty.com/guides/multiplayer-maps/call-of-duty-guides-modern-warfare-iii-multiplayer-map-guide-rio,cleaned,data/clean/guides/62730e34bd1b65e5.json,.body-content,0.90-3,114282,15879,9141,1566,2286,0.138946,
0857241d2fb0c415,call-of-duty-guides-modern-warfare-iii-multiplayer-map-guide-shipment-0857241d2f.html,https://callofduty.com/guides/multiplayer-maps/call-of-duty-guides-modern-warfare-iii-multiplayer-map-guide-shipment,cleaned,data/clean/guides/0857241d2fb0c415.json,.body-content,0.90-3,111787,13441,7495,1276,1874,0.120238,
ba968bb99339c785,call-of-duty-guides-modern-warfare-iii-multiplayer-map-guide-shoot-house-ba968bb993.html,https://callofduty.com/guides/multiplayer-maps/call-of-duty-guides-modern-warfare-iii-multiplayer-map-guide-shoot-house,cleaned,data/clean/guides/ba968bb99339c785.json,.body-content,0.90-3,122146,23455,15274,2651,3819,0.192024,
6321c758289a6d1c,call-of-duty-guides-modern-warfare-iii-multiplayer-map-guide-stash-house-6321c75828.html,https://callofduty.com/guides/multiplayer-maps/call-of-duty-guides-modern-warfare-iii-multiplayer-map-guide-stash-house,cleaned,data/clean/guides/6321c758289a6d1c.json,.body-content,0.90-3,111004,13302,7298,1257,1825,0.119834,
f9531d7cc2175af7,call-of-duty-guides-modern-warfare-iii-multiplayer-map-guide-tanked-f9531d7cc2.html,https://callofduty.com/guides/multiplayer-maps/call-of-duty-guides-modern-warfare-iii-multiplayer-map-guide-tanked,cleaned,data/clean/guides/f9531d7cc2175af7.json,.body-content,0.90-3,120566,17495,10617,1774,2655,0.145107,
9a3a6578295fad8b,call-of-duty-guides-modern-warfare-iii-multiplayer-map-guide-tokyo-9a3a657829.html,https://callofduty.com/guides/multiplayer-maps/call-of-duty-guides-modern-warfare-iii-multiplayer-map-guide-tokyo,cleaned,data/clean/guides/9a3a6578295fad8b.json,.body-content,0.90-3,118438,16439,9668,1623,2417,0.138798,
5c798b3687f97e38,call-of-duty-guides-modern-warfare-iii-multiplayer-map-guide-training-facility-5c798b3687.html,https://callofduty.com/guides/multiplayer-maps/call-of-duty-guides-modern-warfare-iii-multiplayer-map-guide-training-facility,cleaned,data/clean/guides/5c798b3687f97e38.json,.body-content,0.90-3,109823,13224,7305,1275,1827,0.120412,
4e395337e8c62534,call-of-duty-guides-modern-warfare-iii-multiplayer-map-guide-vista-4e395337e8.html,https://callofduty.com/guides/multiplayer-maps/call-of-duty-guides-modern-warfare-iii-multiplayer-map-guide-vista,cleaned,data/clean/guides/4e395337e8c62534.json,.body-content,0.90-3,112022,13996,7659,1281,1915,0.12494,
f82b659dfdfa479b,call-of-duty-guides-modern-warfare-iii-multiplayer-map-guide-yard-f82b659dfd.html,https://callofduty.com/guides/multiplayer-maps/call-of-duty-guides-modern-warfare-iii-multiplayer-map-guide-yard,cleaned,data/clean/guides/f82b659dfdfa479b.json,.body-content,0.90-3,123094,16465,9913,1735,2479,0.13376,
83a6917af7754794,call-of-duty-modern-warfare-iii-play-maps-core-multiplayer-map-guide-afghan-83a6917af7.html,https://callofduty.com/guides/multiplayer-maps/call-of-duty-modern-warfare-iii-play-maps-core-multiplayer-map-guide-afghan,cleaned,data/clean/guides/83a6917af7754794.json,.body-content,0.90-3,122986,23352,14162,2412,3541,0.189875,
0b664de0f368a565,call-of-duty-modern-warfare-iii-play-maps-core-multiplayer-map-guide-derail-0b664de0f3.html,https://callofduty.com/guides/multiplayer-maps/call-of-duty-modern-warfare-iii-play-maps-core-multiplayer-map-guide-derail,cleaned,data/clean/guides/0b664de0f368a565.json,.body-content,0.90-3,126289,25695,16073,2778,4019,0.203462,
e9d173c95dd8b59f,call-of-duty-modern-warfare-iii-play-maps-core-multiplayer-map-guide-estate-e9d173c95d.html,https://callofduty.com/guides/multiplayer-maps/call-of-duty-modern-warfare-iii-play-maps-core-multiplayer-map-guide-estate,cleaned,data/clean/guides/e9d173c95dd8b59f.json,.body-content,0.90-3,124829,24391,15431,2593,3858,0.195395,
3554bf8a231f9cbb,call-of-duty-modern-warfare-iii-play-maps-core-multiplayer-map-guide-favela-3554bf8a23.html,https://callofduty.com/guides/multiplayer-maps/call-of-duty-modern-warfare-iii-play-maps-core-multiplayer-map-guide-favela,cleaned,data/clean/guides/3554bf8a231f9cbb.json,.body-content,0.90-3,125116,24387,15529,2643,3883,0.194915,
00c11a6fb4ad9379,call-of-duty-modern-warfare-iii-play-maps-core-multiplayer-map-guide-greece-00c11a6fb4.html,https://callofduty.com/guides/multiplayer-maps/call-of-duty-modern-warfare-iii-play-maps-core-multiplayer-map-guide-greece,cleaned,data/clean/guides/00c11a6fb4ad9379.json,.body-content,0.90-3,113676,14941,8285,1422,2072,0.131435,
6763897ffc16a2b7,call-of-duty-modern-warfare-iii-play-maps-core-multiplayer-map-guide-highrise-6763897ffc.html,https://callofduty.com/guides/multiplayer-maps/call-of-duty-modern-warfare-iii-play-maps-core-multiplayer-map-guide-highrise,cleaned,data/clean/guides/6763897ffc16a2b7.json,.body-content,0.90-3,123356,23018,14522,2489,3631,0.186598,
f4d7f5edd68175a1,call-of-duty-modern-warfare-iii-play-maps-core-multiplayer-map-guide-invasion-f4d7f5edd6.html,https://callofduty.com/guides/multiplayer-maps/call-of-duty-modern-warfare-iii-play-maps-core-multiplayer-map-guide-invasion,cleaned,data/clean/guides/f4d7f5edd68175a1.json,.body-content,0.90-3,124190,25361,15717,2677,3930,0.204211,
14fe179b8fc39236,call-of-duty-modern-warfare-iii-play-maps-core-multiplayer-map-guide-karachi-14fe179b8f.html,https://callofduty.com/guides/multiplayer-maps/call-of-duty-modern-warfare-iii-play-maps-core-multiplayer-map-guide-karachi,cleaned,data/clean/guides/14fe179b8fc39236.json,.body-content,0.90-3,122552,23645,15337,2667,3835,0.192939,
57784d9828bb7ade,call-of-duty-modern-warfare-iii-play-maps-core-multiplayer-map-guide-operation-spearhead-57784d9828.html,https://callofduty.com/guides/multiplayer-maps/call-of-duty-modern-warfare-iii-play-maps-core-multiplayer-map-guide-operation-spearhead,cleaned,data/clean/guides/57784d9828bb7ade.json,.body-content,0.90-3,124305,22755,13896,2401,3474,0.183058,
14f108c6f0ba43f1,call-of-duty-modern-warfare-iii-play-maps-core-multiplayer-map-guide-orlove-military-base-14f108c6f0.html,https://callofduty.com/guides/multiplayer-maps/call-of-duty-modern-warfare-iii-play-maps-core-multiplayer-map-guide-orlove-military-base,cleaned,data/clean/guides/14f108c6f0ba43f1.json,.body-content,0.90-3,118068,19529,11914,2095,2979,0.165405,
a0e05686d208189c,call-of-duty-modern-warfare-iii-play-maps-core-multiplayer-map-guide-popov-power-a0e05686d2.html,https://callofduty.com/guides/multiplayer-maps/call-of-duty-modern-warfare-iii-play-maps-core-multiplayer-map-guide-popov-power,cleaned,data/clean/guides/a0e05686d208189c.json,.body-content,0.90-3,117958,19745,11852,2010,2963,0.16739,
dca75474c0c5f60c,call-of-duty-modern-warfare-iii-play-maps-core-multiplayer-map-guide-quarry-dca75474c0.html,https://callofduty.com/guides/multiplayer-maps/call-of-duty-modern-warfare-iii-play-maps-core-multiplayer-map-guide-quarry,cleaned,data/clean/guides/dca75474c0c5f60c.json,.body-content,0.90-3,122887,24296,15410,2579,3853,0.19771,
8a73e91aeaad9cf2,call-of-duty-modern-warfare-iii-play-maps-core-multiplayer-map-guide-rundown-8a73e91aea.html,https://callofduty.com/guides/multiplayer-maps/call-of-duty-modern-warfare-iii-play-maps-core-multiplayer-map-guide-rundown,cleaned,data/clean/guides/8a73e91aeaad9cf2.json,.body-content,0.90-3,124711,25740,16603,2884,4151,0.206397,
51de70dfef8bdaee,call-of-duty-modern-warfare-iii-play-maps-core-multiplayer-map-guide-rust-51de70dfef.html,https://callofduty.com/guides/multiplayer-maps/call-of-duty-modern-warfare-iii-play-maps-core-multiplayer-map-guide-rust,cleaned,data/clean/guides/51de70dfef8bdaee.json,.body-content,0.90-3,119114,19245,11528,2038,2882,0.161568,
f734caff4feee5b4,call-of-duty-modern-warfare-iii-play-maps-core-multiplayer-map-guide-scrapyard-f734caff4f.html,https://callofduty.com/guides/multiplayer-maps/call-of-duty-modern-warfare-iii-play-maps-core-multiplayer-map-guide-scrapyard,cleaned,data/clean/guides/f734caff4feee5b4.json,.body-content,0.90-3,122747,23456,14613,2451,3654,0.191092,
6fe540f619356b9b,call-of-duty-modern-warfare-iii-play-maps-core-multiplayer-map-guide-skidrow-6fe540f619.html,https://callofduty.com/guides/multiplayer-maps/call-of-duty-modern-warfare-iii-play-maps-core-multiplayer-map-guide-skidrow,cleaned,data/clean/guides/6fe540f619356b9b.json,.body-content,0.90-3,123065,22750,13663,2353,3416,0.184862,
4b8099434134ee26,call-of-duty-modern-warfare-iii-play-maps-core-multiplayer-map-guide-sub-base-4b80994341.html,https://callofduty.com/guides/multiplayer-maps/call-of-duty-modern-warfare-iii-play-maps-core-multiplayer-map-guide-sub-base,cleaned,data/clean/guides/4b8099434134ee26.json,.body-content,0.90-3,124888,26656,16593,2859,4149,0.213439,
daf672d2ddac87e8,call-of-duty-modern-warfare-iii-play-maps-core-multiplayer-map-guide-terminal-daf672d2dd.html,https://callofduty.com/guides/multiplayer-maps/call-of-duty-modern-warfare-iii-play-maps-core-multiplayer-map-guide-terminal,cleaned,data/clean/guides/daf672d2ddac87e8.json,.body-content,0.90-3,122852,23886,14542,2491,3636,0.194429,
19cb9b2cf3b54b45,call-of-duty-modern-warfare-iii-play-maps-core-multiplayer-map-guide-underpass-19cb9b2cf3.html,https://callofduty.com/guides/multiplayer-maps/call-of-duty-modern-warfare-iii-play-maps-core-multiplayer-map-guide-underpass,cleaned,data/clean/guides/19cb9b2cf3b54b45.json,.body-content,0.90-3,125300,26284,17115,2894,4279,0.209769,
dce83cf8ef065f4d,call-of-duty-modern-warfare-iii-play-maps-core-multiplayer-map-guide-wasteland-dce83cf8ef.html,https://callofduty.com/guides/multiplayer-maps/call-of-duty-modern-warfare-iii-play-maps-core-multiplayer-map-guide-wasteland,cleaned,data/clean/guides/dce83cf8ef065f4d.json,.body-content,0.90-3,122182,22757,14172,2420,3543,0.186255,
590910ecde0cce0c,call-of-duty-modern-warfare-iii-play-maps-ground-war-invasion-guide-levin-resort-590910ecde.html,https://callofduty.com/guides/multiplayer-maps/call-of-duty-modern-warfare-iii-play-maps-ground-war-invasion-guide-levin-resort,cleaned,data/clean/guides/590910ecde0cce0c.json,.body-content,0.90-3,115198,18209,10953,1897,2739,0.158067,
a2a8945833b61fec,call-of-duty-guides-modern-warfare-iii-mode-gunfight-a2a8945833.html,https://callofduty.com/guides/multiplayer-modes/call-of-duty-guides-modern-warfare-iii-mode-gunfight,cleaned,data/clean/guides/a2a8945833b61fec.json,.body-content,0.90-5,99142,10775,6135,1047,1534,0.108682,
2f11df3822f35ac7,call-of-duty-modern-warfare-iii-play-guides-modes-search-destroy-2f11df3822.html,https://callofduty.com/guides/multiplayer-modes/call-of-duty-modern-warfare-iii-play-guides-modes-search-destroy,cleaned,data/clean/guides/2f11df3822f35ac7.json,.body-content,0.90-5,104086,16469,10376,1843,2594,0.158225,
7e9ac7ef0185ac02,call-of-duty-modern-warfare-iii-play-modes-guides--ground-war-invasion-7e9ac7ef01.html,https://callofduty.com/guides/multiplayer-modes/call-of-duty-modern-warfare-iii-play-modes-guides--ground-war-invasion,cleaned,data/clean/guides/7e9ac7ef0185ac02.json,.body-content,0.90-5,101750,14527,8678,1497,2170,0.142771,
a688f53b638829e0,call-of-duty-modern-warfare-iii-play-modes-guides-control-a688f53b63.html,https://callofduty.com/guides/multiplayer-modes/call-of-duty-modern-warfare-iii-play-modes-guides-control,cleaned,data/clean/guides/a688f53b638829e0.json,.body-content,0.90-5,97105,8929,4760,816,1190,0.091952,
924e6f1d50f61aa9,call-of-duty-modern-warfare-iii-play-modes-guides-cutthroat-924e6f1d50.html,https://callofduty.com/guides/multiplayer-modes/call-of-duty-modern-warfare-iii-play-modes-guides-cutthroat,cleaned,data/clean/guides/924e6f1d50f61aa9.json,.body-content,0.90-5,98752,10850,6249,1092,1563,0.109871,
e3cff17c416fb008,call-of-duty-modern-warfare-iii-play-modes-guides-domination-e3cff17c41.html,https://callofduty.com/guides/multiplayer-modes/call-of-duty-modern-warfare-iii-play-modes-guides-domination,cleaned,data/clean/guides/e3cff17c416fb008.json,.body-content,0.90-5,100180,11415,6479,1149,1620,0.113945,
80e18c4552021dbf,call-of-duty-modern-warfare-iii-play-modes-guides-free-for-all-80e18c4552.html,https://callofduty.com/guides/multiplayer-modes/call-of-duty-modern-warfare-iii-play-modes-guides-free-for-all,cleaned,data/clean/guides/80e18c4552021dbf.json,.body-content,0.90-5,106125,8658,4608,765,1152,0.081583,
608b57fbb6eebcc8,call-of-duty-modern-warfare-iii-play-modes-guides-hardpoint-608b57fbb6.html,https://callofduty.com/guides/multiplayer-modes/call-of-duty-modern-warfare-iii-play-modes-guides-hardpoint,cleaned,data/clean/guides/608b57fbb6eebcc8.json,.body-content,0.90-5,97486,10402,5829,976,1458,0.106703,
6ff1c235d3adfbd4,call-of-duty-modern-warfare-iii-play-modes-guides-kill-confirmed-6ff1c235d3.html,https://callofduty.com/guides/multiplayer-modes/call-of-duty-modern-warfare-iii-play-modes-guides-kill-confirmed,cleaned,data/clean/guides/6ff1c235d3adfbd4.json,.body-content,0.90-5,97945,9806,5510,1001,1378,0.100117,
31d76c549daf3b40,call-of-duty-modern-warfare-iii-play-modes-guides-war-31d76c549d.html,https://callofduty.com/guides/multiplayer-modes/call-of-duty-modern-warfare-iii-play-modes-guides-war,cleaned,data/clean/guides/31d76c549daf3b40.json,.body-content,0.90-5,99099,12189,7280,1267,1820,0.122998,
38ff6eb74bb5f5bf,call-of-duty-modern-warfare-iii-play-modes-team-deathmatch-38ff6eb74b.html,https://callofduty.com/guides/multiplayer-modes/call-of-duty-modern-warfare-iii-play-modes-team-deathmatch,cleaned,data/clean/guides/38ff6eb74bb5f5bf.json,.body-content,0.90-5,99816,11208,6599,1163,1650,0.112287,
802f5f9952d0893a,multiplayer-pre-game-802f5f9952.html,https://callofduty.com/guides/multiplayer-pre-game,cleaned,data/clean/guides/802f5f9952d0893a.json,.atvi-rich-text,0.90-34,101419,813,62,9,16,0.008016,
1a06c20d0129d2bc,call-of-duty-modern-warfare-III-campaign-play-guides-weapons-loadouts-1a06c20d01.html,https://callofduty.com/guides/multiplayer-pre-game/call-of-duty-modern-warfare-III-campaign-play-guides-weapons-loadouts,cleaned,data/clean/guides/1a06c20d0129d2bc.json,.body-content,0.90-29,274282,109269,54303,9164,13576,0.398382,
155688928db12fcc,call-of-duty-modern-warfare-iii-play-multiplayer-operators-factions-guide-155688928d.html,https://callofduty.com/guides/multiplayer-pre-game/call-of-duty-modern-warfare-iii-play-multiplayer-operators-factions-guide,cleaned,data/clean/guides/155688928db12fcc.json,.body-content,0.90-9,92876,7516,3557,541,890,0.080925,
7fa92103ff0c3471,tac-atlas-urzikstan-7fa92103ff.html,https://callofduty.com/guides/tac-atlas-urzikstan,unresolved,,,,265949,0,0,0,0,0,no_unique_chrome_free_safe_root
3cc5b4585087b9dd,tac-atlas-verdansk-3cc5b45850.html,https://callofduty.com/guides/tac-atlas-verdansk,unresolved,,,,826115,0,0,0,0,0,no_unique_chrome_free_safe_root
32b59e94aeb355f0,tac-atlas-wz-rebirth-island-32b59e94ae.html,https://callofduty.com/guides/tac-atlas-wz-rebirth-island,unresolved,,,,258934,0,0,0,0,0,no_unique_chrome_free_safe_root
c3c5b334104841f4,tac-maps-atlas-urzikstan-c3c5b33410.html,https://callofduty.com/guides/tac-maps-atlas-urzikstan,unresolved,,,,265949,0,0,0,0,0,no_unique_chrome_free_safe_root
3047ada877b4e13e,call-of-duty-guides-modern-warfare-iii-weapons-training-and-tactics-3047ada877.html,https://callofduty.com/guides/training/call-of-duty-guides-modern-warfare-iii-weapons-training-and-tactics,cleaned,data/clean/guides/3047ada877b4e13e.json,.body-content,0.90-27,299386,68742,39131,6569,9783,0.22961,
63d28df2bb3ad469,call-of-duty-guides-warzone-how-to-play-63d28df2bb.html,https://callofduty.com/guides/training/call-of-duty-guides-warzone-how-to-play,cleaned,data/clean/guides/63d28df2bb3ad469.json,.body-content,0.90-12,173872,41801,24775,4259,6194,0.240412,
7efe084b1f3f5ae4,call-of-duty-modern-warfare-III-campaign-play-guides-training-7efe084b1f.html,https://callofduty.com/guides/training/call-of-duty-modern-warfare-III-campaign-play-guides-training,cleaned,data/clean/guides/7efe084b1f3f5ae4.json,.body-content,0.90-5,110280,17906,10476,1721,2619,0.162369,
942814575417f5d0,call-of-duty-modern-warfare-III-play-guides-multiplayer-movement-9428145754.html,https://callofduty.com/guides/training/call-of-duty-modern-warfare-III-play-guides-multiplayer-movement,cleaned,data/clean/guides/942814575417f5d0.json,.body-content,0.90-5,126987,30655,19593,3430,4899,0.241403,
25307bae06273be1,call-of-duty-modern-warfare-III-play-guides-training-controls-pc-25307bae06.html,https://callofduty.com/guides/training/call-of-duty-modern-warfare-III-play-guides-training-controls-pc,cleaned,data/clean/guides/25307bae06273be1.json,.body-content,0.90-5,105462,13811,9151,1514,2288,0.130957,
a153258a34b168e5,call-of-duty-modern-warfare-III-play-guides-training-controls-ps4-ps5-a153258a34.html,https://callofduty.com/guides/training/call-of-duty-modern-warfare-III-play-guides-training-controls-ps4-ps5,cleaned,data/clean/guides/a153258a34b168e5.json,.body-content,0.90-5,103603,12719,8047,1315,2012,0.122767,
962de0272d41a350,call-of-duty-modern-warfare-III-play-guides-training-controls-xbox-series-s-xbox-series-x-962de0272d.html,https://callofduty.com/guides/training/call-of-duty-modern-warfare-III-play-guides-training-controls-xbox-series-s-xbox-series-x,cleaned,data/clean/guides/962de0272d41a350.json,.body-content,0.90-5,103975,12845,8163,1326,2041,0.123539,
2c57b789ad009694,call-of-duty-modern-warfare-III-training-multiplayer-how-to-play-2c57b789ad.html,https://callofduty.com/guides/training/call-of-duty-modern-warfare-III-training-multiplayer-how-to-play,unresolved,,,,141434,0,0,0,0,0,no_unique_chrome_free_safe_root
e0b0002791bb320d,call-of-duty-modern-warfare-iii-play-guides-training-rank-progression-leveling-up-e0b0002791.html,https://callofduty.com/guides/training/call-of-duty-modern-warfare-iii-play-guides-training-rank-progression-leveling-up,cleaned,data/clean/guides/e0b0002791bb320d.json,.body-content,0.90-5,109346,17165,10226,1698,2557,0.156979,
e6ecce9df29210f6,call-of-duty-modern-warfare-iii-play-guides-training-weapons-camo-leveling-e6ecce9df2.html,https://callofduty.com/guides/training/call-of-duty-modern-warfare-iii-play-guides-training-weapons-camo-leveling,cleaned,data/clean/guides/e6ecce9df29210f6.json,.body-content,0.90-9,120611,37090,17416,2745,4354,0.307518,
de31d1f660d25431,call-of-duty-modern-warfare-iii-play-guides-training-zombies-de31d1f660.html,https://callofduty.com/guides/training/call-of-duty-modern-warfare-iii-play-guides-training-zombies,cleaned,data/clean/guides/de31d1f660d25431.json,.body-content,0.90-5,148553,38228,24851,4361,6213,0.257336,
edf617f6fcd86ea0,warzone-edf617f6fc.html,https://callofduty.com/guides/warzone,landing_index,,,,128684,0,0,0,0,0,classified_valid_landing_or_index_page
8f7b78cee57e850f,avalon-8f7b78cee5.html,https://callofduty.com/guides/warzone/avalon,unresolved,,,,171152,0,0,0,0,0,no_unique_chrome_free_safe_root
cf4c9640cd721bae,fortunes-keep-cf4c9640cd.html,https://callofduty.com/guides/warzone/fortunes-keep,unresolved,,,,134281,0,0,0,0,0,no_unique_chrome_free_safe_root
18cb70ae60603c12,havens-hollow-18cb70ae60.html,https://callofduty.com/guides/warzone/havens-hollow,unresolved,,,,112980,0,0,0,0,0,no_unique_chrome_free_safe_root
d22a30b127cf2d9b,rebirth-island-d22a30b127.html,https://callofduty.com/guides/warzone/rebirth-island,unresolved,,,,122296,0,0,0,0,0,no_unique_chrome_free_safe_root
7fe37bfd5f5a6c87,call-of-duty-guide-modern-warfare-zombies-tactics-7fe37bfd5f.html,https://callofduty.com/guides/zombies/call-of-duty-guide-modern-warfare-zombies-tactics,cleaned,data/clean/guides/7fe37bfd5f5a6c87.json,.body-content,0.90-5,138064,32250,18965,3242,4742,0.233587,
ce5bacc511676962,call-of-duty-guides-black-ops-6-zombies-gobblegums-ce5bacc511.html,https://callofduty.com/guides/zombies/call-of-duty-guides-black-ops-6-zombies-gobblegums,cleaned,data/clean/guides/ce5bacc511676962.json,.body-content,0.90-25,238633,82785,43702,7647,10926,0.346913,
912db266e154e0b8,call-of-duty-guides-modern-warfare-zombies-acquisitions-912db266e1.html,https://callofduty.com/guides/zombies/call-of-duty-guides-modern-warfare-zombies-acquisitions,cleaned,data/clean/guides/912db266e154e0b8.json,.body-content,0.90-5,155876,39801,26787,4591,6697,0.255338,
94d653aef8489026,call-of-duty-guides-modern-warfare-zombies-bestiary-94d653aef8.html,https://callofduty.com/guides/zombies/call-of-duty-guides-modern-warfare-zombies-bestiary,cleaned,data/clean/guides/94d653aef8489026.json,.body-content,0.90-5,180548,66558,42087,7262,10522,0.368644,
8e64f0ad08d7fc6a,call-of-duty-guides-modern-warfare-zombies-equipping-your-operator-8e64f0ad08.html,https://callofduty.com/guides/zombies/call-of-duty-guides-modern-warfare-zombies-equipping-your-operator,cleaned,data/clean/guides/8e64f0ad08d7fc6a.json,.body-content,0.90-5,195061,58959,30887,5356,7722,0.302259,
65c4c91cf5cbb04d,call-of-duty-guides-modern-warfare-zombies-missions-and-progression-65c4c91cf5.html,https://callofduty.com/guides/zombies/call-of-duty-guides-modern-warfare-zombies-missions-and-progression,cleaned,data/clean/guides/65c4c91cf5cbb04d.json,.body-content,0.90-12,162028,29022,17166,2977,4292,0.179117,
c2567dd2fa30e3ba,call-of-duty-guides-modern-warfare-zombies-overview-and-lore-c2567dd2fa.html,https://callofduty.com/guides/zombies/call-of-duty-guides-modern-warfare-zombies-overview-and-lore,cleaned,data/clean/guides/c2567dd2fa30e3ba.json,.body-content,0.90-5,147972,36059,23627,4214,5907,0.243688,
828cf9ab655fa1a5,zombies-828cf9ab65.html,https://cmsauthor.activision.com/guides/zombies,cleaned,data/clean/guides/828cf9ab655fa1a5.json,.content,0.90-28,35007,1311,299,49,75,0.03745,
60d8124488ee4622,call-of-duty-guides-modern-warfare-zombies-overview-and-lore-60d8124488.html,https://cmsauthor.activision.com/guides/zombies/call-of-duty-guides-modern-warfare-zombies-overview-and-lore,cleaned,data/clean/guides/60d8124488ee4622.json,.content,0.90-28,34980,1425,299,49,75,0.040738,
4ef50f1a613fbdc4,DERELICT-TOWER-DIVE.mp4-4ef50f1a61.html,https://www.callofduty.com/cdn/blog/guides/BO6/DERELICT-TOWER-DIVE.mp4,non_html,,,,11751923,0,0,0,0,0,classified_non_html_or_binary_asset
30c4902439339b7d,MOVEMENT-CORNER-SLICE.mp4-30c4902439.html,https://www.callofduty.com/cdn/blog/guides/BO6/MOVEMENT-CORNER-SLICE.mp4,non_html,,,,10903193,0,0,0,0,0,classified_non_html_or_binary_asset
65564a67f53e757f,MOVEMENT-INTELLIGENT-MOVEMENT.mp4-65564a67f5.html,https://www.callofduty.com/cdn/blog/guides/BO6/MOVEMENT-INTELLIGENT-MOVEMENT.mp4,non_html,,,,16436033,0,0,0,0,0,classified_non_html_or_binary_asset
9d5a3b06c6658f57,MOVEMENT_Omnimovement.mp4-9d5a3b06c6.html,https://www.callofduty.com/cdn/blog/guides/BO6/MOVEMENT_Omnimovement.mp4,non_html,,,,17509085,0,0,0,0,0,classified_non_html_or_binary_asset
2cfd2401df8d19df,REWIND-BETA.mp4-2cfd2401df.html,https://www.callofduty.com/cdn/blog/guides/BO6/REWIND-BETA.mp4,non_html,,,,14712004,0,0,0,0,0,classified_non_html_or_binary_asset
cfbbdbbc88e584ad,SKYLINE-SECRUITY.mp4-cfbbdbbc88.html,https://www.callofduty.com/cdn/blog/guides/BO6/SKYLINE-SECRUITY.mp4,non_html,,,,17249376,0,0,0,0,0,classified_non_html_or_binary_asset
b88ffdebed304beb,SWIMMING.mp4-b88ffdebed.html,https://www.callofduty.com/cdn/blog/guides/BO6/SWIMMING.mp4,non_html,,,,9767453,0,0,0,0,0,classified_non_html_or_binary_asset
7552e741783d27a6,COD-INCLINE-VIDEO-001-encoded.mp4-7552e74178.html,https://www.callofduty.com/cdn/blog/guides/mwiii/maps/incline/COD-INCLINE-VIDEO-001-encoded.mp4,non_html,,,,3708108,0,0,0,0,0,classified_non_html_or_binary_asset
4bfa1f630787033d,COD-INCLINE-VIDEO-002-encoded.mp4-4bfa1f6307.html,https://www.callofduty.com/cdn/blog/guides/mwiii/maps/incline/COD-INCLINE-VIDEO-002-encoded.mp4,non_html,,,,4559890,0,0,0,0,0,classified_non_html_or_binary_asset
d06d46306447b93d,COD-INCLINE-VIDEO-003-encoded.mp4-d06d463064.html,https://www.callofduty.com/cdn/blog/guides/mwiii/maps/incline/COD-INCLINE-VIDEO-003-encoded.mp4,non_html,,,,4581543,0,0,0,0,0,classified_non_html_or_binary_asset
e014fa303cb7c3ab,blackops6-e014fa303c.html,https://www.callofduty.com/guides/blackops6,landing_index,,,,230535,0,0,0,0,0,classified_valid_landing_or_index_page
563871bcd0c4cc92,call-of-duty-guides-black-ops-6-level-unlocks-player-level-1-55-563871bcd0.html,https://www.callofduty.com/guides/blackops6/getting-started/call-of-duty-guides-black-ops-6-level-unlocks-player-level-1-55,cleaned,data/clean/guides/563871bcd0c4cc92.json,.body-content,0.90-14,317227,17030,4980,915,1245,0.053684,
ede226041cff5ebc,call-of-duty-guides-black-ops-6-multiplayer-beta-everything-you-need-to-know-ede226041c.html,https://www.callofduty.com/guides/blackops6/getting-started/call-of-duty-guides-black-ops-6-multiplayer-beta-everything-you-need-to-know,cleaned,data/clean/guides/ede226041cff5ebc.json,.body-content,0.90-15,172550,76196,29371,4621,7343,0.441588,
c37d2042836cbd87,call-of-duty-guides-black-ops-6-multiplayer-guide-cod-101-read-this-first-c37d204283.html,https://www.callofduty.com/guides/blackops6/getting-started/call-of-duty-guides-black-ops-6-multiplayer-guide-cod-101-read-this-first,cleaned,data/clean/guides/c37d2042836cbd87.json,.body-content,0.90-16,76011,15678,9044,1605,2261,0.20626,
3dda7a93fad2fc77,call-of-duty-guides-black-ops-6-multiplayer-mode-domination-3dda7a93fa.html,https://www.callofduty.com/guides/blackops6/modes/call-of-duty-guides-black-ops-6-multiplayer-mode-domination,cleaned,data/clean/guides/3dda7a93fad2fc77.json,.body-content,0.90-6,77315,12931,6999,1250,1750,0.167251,
334f07851af7d447,call-of-duty-guides-black-ops-6-multiplayer-mode-guide-control-334f07851a.html,https://www.callofduty.com/guides/blackops6/modes/call-of-duty-guides-black-ops-6-multiplayer-mode-guide-control,cleaned,data/clean/guides/334f07851af7d447.json,.body-content,0.90-7,67114,11241,5782,997,1446,0.167491,
131fc2501cbe79b0,call-of-duty-guides-black-ops-6-multiplayer-mode-guide-face-off-131fc2501c.html,https://www.callofduty.com/guides/blackops6/modes/call-of-duty-guides-black-ops-6-multiplayer-mode-guide-face-off,cleaned,data/clean/guides/131fc2501cbe79b0.json,.body-content,0.90-6,80277,12568,7322,1272,1831,0.156558,
633607cb6c086c3e,call-of-duty-guides-black-ops-6-multiplayer-mode-guide-free-for-all-633607cb6c.html,https://www.callofduty.com/guides/blackops6/modes/call-of-duty-guides-black-ops-6-multiplayer-mode-guide-free-for-all,cleaned,data/clean/guides/633607cb6c086c3e.json,.body-content,0.90-7,67771,11250,5916,1035,1479,0.166,
ec1df595afb2c7bb,call-of-duty-guides-black-ops-6-multiplayer-mode-guide-gunfight-ec1df595af.html,https://www.callofduty.com/guides/blackops6/modes/call-of-duty-guides-black-ops-6-multiplayer-mode-guide-gunfight,cleaned,data/clean/guides/ec1df595afb2c7bb.json,.body-content,0.90-6,76047,12553,6981,1212,1746,0.165069,
1be02ad5b10c9700,call-of-duty-guides-black-ops-6-multiplayer-mode-guide-hardpoint-1be02ad5b1.html,https://www.callofduty.com/guides/blackops6/modes/call-of-duty-guides-black-ops-6-multiplayer-mode-guide-hardpoint,cleaned,data/clean/guides/1be02ad5b10c9700.json,.body-content,0.90-6,77110,14432,7721,1319,1931,0.187161,
b5ddcbb4692a8eed,call-of-duty-guides-black-ops-6-multiplayer-mode-guide-headquarters-b5ddcbb469.html,https://www.callofduty.com/guides/blackops6/modes/call-of-duty-guides-black-ops-6-multiplayer-mode-guide-headquarters,cleaned,data/clean/guides/b5ddcbb4692a8eed.json,.body-content,0.90-7,66679,11956,6417,1128,1605,0.179307,
dc711b8046cb643f,call-of-duty-guides-black-ops-6-multiplayer-mode-guide-kill-confirmed-dc711b8046.html,https://www.callofduty.com/guides/blackops6/modes/call-of-duty-guides-black-ops-6-multiplayer-mode-guide-kill-confirmed,cleaned,data/clean/guides/dc711b8046cb643f.json,.body-content,0.90-7,64534,11229,6026,1092,1507,0.174001,
5de0df722ca177a5,call-of-duty-guides-black-ops-6-multiplayer-mode-guide-search-and-destroy-5de0df722c.html,https://www.callofduty.com/guides/blackops6/modes/call-of-duty-guides-black-ops-6-multiplayer-mode-guide-search-and-destroy,cleaned,data/clean/guides/5de0df722ca177a5.json,.body-content,0.90-7,77174,22727,12841,2280,3211,0.29449,
2bc265533730c3d4,call-of-duty-guides-black-ops-6-multiplayer-mode-kill-order-2bc2655337.html,https://www.callofduty.com/guides/blackops6/modes/call-of-duty-guides-black-ops-6-multiplayer-mode-kill-order,cleaned,data/clean/guides/2bc265533730c3d4.json,.body-content,0.90-19,87632,15484,8739,1579,2185,0.176693,
ff20bee6d01bfd22,call-of-duty-guides-black-ops-6-multiplayer-mode-team-deathmatch-ff20bee6d0.html,https://www.callofduty.com/guides/blackops6/modes/call-of-duty-guides-black-ops-6-multiplayer-mode-team-deathmatch,cleaned,data/clean/guides/ff20bee6d01bfd22.json,.body-content,0.90-6,79544,15007,9066,1606,2267,0.188663,
dcb103879b39d660,call-of-duty-guides-black-ops-6-multiplayer-map-guide-babylon-dcb103879b.html,https://www.callofduty.com/guides/blackops6/multiplayer-maps/call-of-duty-guides-black-ops-6-multiplayer-map-guide-babylon,cleaned,data/clean/guides/dcb103879b39d660.json,.body-content,0.90-4,103285,12806,6900,1155,1725,0.123987,
a2700c5f7c48ae4f,call-of-duty-guides-black-ops-6-multiplayer-map-guide-barrage-a2700c5f7c.html,https://www.callofduty.com/guides/blackops6/multiplayer-maps/call-of-duty-guides-black-ops-6-multiplayer-map-guide-barrage,cleaned,data/clean/guides/a2700c5f7c48ae4f.json,.body-content,0.90-4,94668,12747,6787,1129,1697,0.13465,
8963c36e8f9715b2,call-of-duty-guides-black-ops-6-multiplayer-map-guide-blitz-8963c36e8f.html,https://www.callofduty.com/guides/blackops6/multiplayer-maps/call-of-duty-guides-black-ops-6-multiplayer-map-guide-blitz,cleaned,data/clean/guides/8963c36e8f9715b2.json,.body-content,0.90-4,90612,11426,6315,1122,1579,0.126098,
8969769302dcc176,call-of-duty-guides-black-ops-6-multiplayer-map-guide-bounty-8969769302.html,https://www.callofduty.com/guides/blackops6/multiplayer-maps/call-of-duty-guides-black-ops-6-multiplayer-map-guide-bounty,cleaned,data/clean/guides/8969769302dcc176.json,.body-content,0.90-4,98194,13573,7335,1255,1834,0.138226,
7bf03309ad2e9e6e,call-of-duty-guides-black-ops-6-multiplayer-map-guide-bullet-7bf03309ad.html,https://www.callofduty.com/guides/blackops6/multiplayer-maps/call-of-duty-guides-black-ops-6-multiplayer-map-guide-bullet,cleaned,data/clean/guides/7bf03309ad2e9e6e.json,.body-content,0.90-4,100785,13001,7709,1382,1928,0.128997,
14be7bcaa85b7a3a,call-of-duty-guides-black-ops-6-multiplayer-map-guide-dealership-14be7bcaa8.html,https://www.callofduty.com/guides/blackops6/multiplayer-maps/call-of-duty-guides-black-ops-6-multiplayer-map-guide-dealership,cleaned,data/clean/guides/14be7bcaa85b7a3a.json,.body-content,0.90-4,101408,13947,7582,1270,1896,0.137534,
ad888d9192724227,call-of-duty-guides-black-ops-6-multiplayer-map-guide-derelict-ad888d9192.html,https://www.callofduty.com/guides/blackops6/multiplayer-maps/call-of-duty-guides-black-ops-6-multiplayer-map-guide-derelict,cleaned,data/clean/guides/ad888d9192724227.json,.body-content,0.90-4,110827,16008,9280,1680,2320,0.144441,
38f5609928884de0,call-of-duty-guides-black-ops-6-multiplayer-map-guide-eclipse-38f5609928.html,https://www.callofduty.com/guides/blackops6/multiplayer-maps/call-of-duty-guides-black-ops-6-multiplayer-map-guide-eclipse,cleaned,data/clean/guides/38f5609928884de0.json,.body-content,0.90-4,87435,10704,5654,983,1414,0.122422,
790a1de18e03ac76,call-of-duty-guides-black-ops-6-multiplayer-map-guide-exchange-790a1de18e.html,https://www.callofduty.com/guides/blackops6/multiplayer-maps/call-of-duty-guides-black-ops-6-multiplayer-map-guide-exchange,cleaned,data/clean/guides/790a1de18e03ac76.json,.body-content,0.90-4,94323,12099,6584,1142,1646,0.128272,
9afdcad054a33ad0,call-of-duty-guides-black-ops-6-multiplayer-map-guide-extraction-9afdcad054.html,https://www.callofduty.com/guides/blackops6/multiplayer-maps/call-of-duty-guides-black-ops-6-multiplayer-map-guide-extraction,cleaned,data/clean/guides/9afdcad054a33ad0.json,.body-content,0.90-4,96585,12901,6934,1172,1734,0.133571,
b137fd9176be5fb4,call-of-duty-guides-black-ops-6-multiplayer-map-guide-firing-range-b137fd9176.html,https://www.callofduty.com/guides/blackops6/multiplayer-maps/call-of-duty-guides-black-ops-6-multiplayer-map-guide-firing-range,cleaned,data/clean/guides/b137fd9176be5fb4.json,.body-content,0.90-4,97550,13568,7435,1274,1859,0.139088,
77f61b6e93e6afa0,call-of-duty-guides-black-ops-6-multiplayer-map-guide-fringe-77f61b6e93.html,https://www.callofduty.com/guides/blackops6/multiplayer-maps/call-of-duty-guides-black-ops-6-multiplayer-map-guide-fringe,cleaned,data/clean/guides/77f61b6e93e6afa0.json,.body-content,0.90-4,96699,12986,7083,1259,1771,0.134293,
f5ddbd6278608ae4,call-of-duty-guides-black-ops-6-multiplayer-map-guide-fugitive-f5ddbd6278.html,https://www.callofduty.com/guides/blackops6/multiplayer-maps/call-of-duty-guides-black-ops-6-multiplayer-map-guide-fugitive,cleaned,data/clean/guides/f5ddbd6278608ae4.json,.body-content,0.90-4,95133,13075,7034,1183,1759,0.137439,
93d59f758cc495d3,call-of-duty-guides-black-ops-6-multiplayer-map-guide-gala-93d59f758c.html,https://www.callofduty.com/guides/blackops6/multiplayer-maps/call-of-duty-guides-black-ops-6-multiplayer-map-guide-gala,cleaned,data/clean/guides/93d59f758cc495d3.json,.body-content,0.90-4,93558,9437,4677,815,1170,0.100868,
3cec9289e97fbea6,call-of-duty-guides-black-ops-6-multiplayer-map-guide-grind-3cec9289e9.html,https://www.callofduty.com/guides/blackops6/multiplayer-maps/call-of-duty-guides-black-ops-6-multiplayer-map-guide-grind,cleaned,data/clean/guides/3cec9289e97fbea6.json,.body-content,0.90-4,108845,13743,7470,1257,1868,0.126262,
633417280d4ab596,call-of-duty-guides-black-ops-6-multiplayer-map-guide-hacienda-633417280d.html,https://www.callofduty.com/guides/blackops6/multiplayer-maps/call-of-duty-guides-black-ops-6-multiplayer-map-guide-hacienda,cleaned,data/clean/guides/633417280d4ab596.json,.body-content,0.90-4,99090,12969,6857,1184,1715,0.130881,
845b3fcb101a490b,call-of-duty-guides-black-ops-6-multiplayer-map-guide-haven-845b3fcb10.html,https://www.callofduty.com/guides/blackops6/multiplayer-maps/call-of-duty-guides-black-ops-6-multiplayer-map-guide-haven,cleaned,data/clean/guides/845b3fcb101a490b.json,.body-content,0.90-4,96834,12981,6857,1146,1715,0.134054,
f76aea896fd9d0b4,call-of-duty-guides-black-ops-6-multiplayer-map-guide-heirloom-f76aea896f.html,https://www.callofduty.com/guides/blackops6/multiplayer-maps/call-of-duty-guides-black-ops-6-multiplayer-map-guide-heirloom,cleaned,data/clean/guides/f76aea896fd9d0b4.json,.body-content,0.90-4,87832,10449,5496,968,1374,0.118966,
032e360a0b048045,call-of-duty-guides-black-ops-6-multiplayer-map-guide-hideout-032e360a0b.html,https://www.callofduty.com/guides/blackops6/multiplayer-maps/call-of-duty-guides-black-ops-6-multiplayer-map-guide-hideout,cleaned,data/clean/guides/032e360a0b048045.json,.body-content,0.90-4,93866,12189,6409,1055,1603,0.129855,
bbf7c7e1c4e08022,call-of-duty-guides-black-ops-6-multiplayer-map-guide-jackpot-bbf7c7e1c4.html,https://www.callofduty.com/guides/blackops6/multiplayer-maps/call-of-duty-guides-black-ops-6-multiplayer-map-guide-jackpot,cleaned,data/clean/guides/bbf7c7e1c4e08022.json,.body-content,0.90-4,95166,11309,5772,992,1443,0.118834,
74055fe01a35bcaa,call-of-duty-guides-black-ops-6-multiplayer-map-guide-lifeline-74055fe01a.html,https://www.callofduty.com/guides/blackops6/multiplayer-maps/call-of-duty-guides-black-ops-6-multiplayer-map-guide-lifeline,cleaned,data/clean/guides/74055fe01a35bcaa.json,.body-content,0.90-4,89731,11149,6125,1074,1532,0.124249,
2c880e15966cec20,call-of-duty-guides-black-ops-6-multiplayer-map-guide-lowtown-2c880e1596.html,https://www.callofduty.com/guides/blackops6/multiplayer-maps/call-of-duty-guides-black-ops-6-multiplayer-map-guide-lowtown,cleaned,data/clean/guides/2c880e15966cec20.json,.body-content,0.90-4,98569,14009,7809,1375,1953,0.142124,
b40fdfbb086c4bba,call-of-duty-guides-black-ops-6-multiplayer-map-guide-nomad-b40fdfbb08.html,https://www.callofduty.com/guides/blackops6/multiplayer-maps/call-of-duty-guides-black-ops-6-multiplayer-map-guide-nomad,cleaned,data/clean/guides/b40fdfbb086c4bba.json,.body-content,0.90-4,86908,11571,6628,1141,1657,0.133141,
23e22d624054a891,call-of-duty-guides-black-ops-6-multiplayer-map-guide-payback-23e22d6240.html,https://www.callofduty.com/guides/blackops6/multiplayer-maps/call-of-duty-guides-black-ops-6-multiplayer-map-guide-payback,cleaned,data/clean/guides/23e22d624054a891.json,.body-content,0.90-4,98127,14153,7901,1383,1976,0.144231,
d67fdf583713377b,call-of-duty-guides-black-ops-6-multiplayer-map-guide-pit-d67fdf5837.html,https://www.callofduty.com/guides/blackops6/multiplayer-maps/call-of-duty-guides-black-ops-6-multiplayer-map-guide-pit,cleaned,data/clean/guides/d67fdf583713377b.json,.body-content,0.90-4,98359,10686,5448,957,1362,0.108643,
fcba0a2eb0a09c6e,call-of-duty-guides-black-ops-6-multiplayer-map-guide-protocol-fcba0a2eb0.html,https://www.callofduty.com/guides/blackops6/multiplayer-maps/call-of-duty-guides-black-ops-6-multiplayer-map-guide-protocol,cleaned,data/clean/guides/fcba0a2eb0a09c6e.json,.body-content,0.90-4,105285,15306,8730,1530,2183,0.145377,
cec19afe8f7ce7d5,call-of-duty-guides-black-ops-6-multiplayer-map-guide-racket-cec19afe8f.html,https://www.callofduty.com/guides/blackops6/multiplayer-maps/call-of-duty-guides-black-ops-6-multiplayer-map-guide-racket,cleaned,data/clean/guides/cec19afe8f7ce7d5.json,.body-content,0.90-4,88181,11319,6365,1137,1592,0.128361,
a1310dd6aa4f05e2,call-of-duty-guides-black-ops-6-multiplayer-map-guide-red-card-a1310dd6aa.html,https://www.callofduty.com/guides/blackops6/multiplayer-maps/call-of-duty-guides-black-ops-6-multiplayer-map-guide-red-card,cleaned,data/clean/guides/a1310dd6aa4f05e2.json,.body-content,0.90-4,97722,13034,6919,1150,1730,0.133378,
2d0ace61b6c8bfd2,call-of-duty-guides-black-ops-6-multiplayer-map-guide-rewind-2d0ace61b6.html,https://www.callofduty.com/guides/blackops6/multiplayer-maps/call-of-duty-guides-black-ops-6-multiplayer-map-guide-rewind,cleaned,data/clean/guides/2d0ace61b6c8bfd2.json,.body-content,0.90-4,105926,15533,9300,1640,2325,0.14664,
c261b362bea73c5e,call-of-duty-guides-black-ops-6-multiplayer-map-guide-runway-c261b362be.html,https://www.callofduty.com/guides/blackops6/multiplayer-maps/call-of-duty-guides-black-ops-6-multiplayer-map-guide-runway,cleaned,data/clean/guides/c261b362bea73c5e.json,.body-content,0.90-4,96478,12318,6563,1143,1641,0.127677,
43a2be0d03c48508,call-of-duty-guides-black-ops-6-multiplayer-map-guide-scud-43a2be0d03.html,https://www.callofduty.com/guides/blackops6/multiplayer-maps/call-of-duty-guides-black-ops-6-multiplayer-map-guide-scud,cleaned,data/clean/guides/43a2be0d03c48508.json,.body-content,0.90-4,102483,12682,6692,1135,1673,0.123747,
ffc438ef704231bb,call-of-duty-guides-black-ops-6-multiplayer-map-guide-shutdown-ffc438ef70.html,https://www.callofduty.com/guides/blackops6/multiplayer-maps/call-of-duty-guides-black-ops-6-multiplayer-map-guide-shutdown,cleaned,data/clean/guides/ffc438ef704231bb.json,.body-content,0.90-4,95674,13050,7101,1198,1776,0.136401,
f281139e67d0d231,call-of-duty-guides-black-ops-6-multiplayer-map-guide-signal-f281139e67.html,https://www.callofduty.com/guides/blackops6/multiplayer-maps/call-of-duty-guides-black-ops-6-multiplayer-map-guide-signal,cleaned,data/clean/guides/f281139e67d0d231.json,.body-content,0.90-4,91254,11242,5869,978,1468,0.123195,
314188d365f0436d,call-of-duty-guides-black-ops-6-multiplayer-map-guide-skyline-314188d365.html,https://www.callofduty.com/guides/blackops6/multiplayer-maps/call-of-duty-guides-black-ops-6-multiplayer-map-guide-skyline,cleaned,data/clean/guides/314188d365f0436d.json,.body-content,0.90-4,106673,15205,8327,1416,2082,0.142538,
67044868d3d477e9,call-of-duty-guides-black-ops-6-multiplayer-map-guide-stakeout-67044868d3.html,https://www.callofduty.com/guides/blackops6/multiplayer-maps/call-of-duty-guides-black-ops-6-multiplayer-map-guide-stakeout,cleaned,data/clean/guides/67044868d3d477e9.json,.body-content,0.90-4,97600,11400,6175,999,1544,0.116803,
61704786f3df9146,call-of-duty-guides-black-ops-6-multiplayer-map-guide-subsonic-61704786f3.html,https://www.callofduty.com/guides/blackops6/multiplayer-maps/call-of-duty-guides-black-ops-6-multiplayer-map-guide-subsonic,cleaned,data/clean/guides/61704786f3df9146.json,.body-content,0.90-4,95357,12740,6789,1134,1698,0.133603,
a09a17a994b81aa6,call-of-duty-guides-black-ops-6-multiplayer-map-guide-vault-a09a17a994.html,https://www.callofduty.com/guides/blackops6/multiplayer-maps/call-of-duty-guides-black-ops-6-multiplayer-map-guide-vault,cleaned,data/clean/guides/a09a17a994b81aa6.json,.body-content,0.90-4,97762,13398,7286,1225,1822,0.137047,
281e9ce1b6604345,call-of-duty-guides-black-ops-6-multiplayer-map-guide-vorkuta-281e9ce1b6.html,https://www.callofduty.com/guides/blackops6/multiplayer-maps/call-of-duty-guides-black-ops-6-multiplayer-map-guide-vorkuta,cleaned,data/clean/guides/281e9ce1b6604345.json,.body-content,0.90-4,97547,13020,6901,1130,1726,0.133474,
eaa1d2912fa4dd8d,call-of-duty-guides-black-ops-6-multiplayer-map-guide-warhead-eaa1d2912f.html,https://www.callofduty.com/guides/blackops6/multiplayer-maps/call-of-duty-guides-black-ops-6-multiplayer-map-guide-warhead,cleaned,data/clean/guides/eaa1d2912fa4dd8d.json,.body-content,0.90-4,97216,10107,5018,840,1255,0.103964,
5f7f533305cf5756,call-of-duty-guides-black-ops-6-multiplayer-map-guide-world-motor-dynasty-wmd-5f7f533305.html,https://www.callofduty.com/guides/blackops6/multiplayer-maps/call-of-duty-guides-black-ops-6-multiplayer-map-guide-world-motor-dynasty-wmd,cleaned,data/clean/guides/5f7f533305cf5756.json,.body-content,0.90-4,98831,13156,7123,1201,1781,0.133116,
9fd8e38841402d03,call-of-duty-guides-black-ops-6-multiplayer-pre-game-weapons-and-loadouts-9fd8e38841.html,https://www.callofduty.com/guides/blackops6/pre-game/call-of-duty-guides-black-ops-6-multiplayer-pre-game-weapons-and-loadouts,cleaned,data/clean/guides/9fd8e38841402d03.json,.body-content,0.90-20,376314,89585,27000,4338,6750,0.238059,
441eab9fd284bdca,call-of-duty-guides-black-ops-6-multiplayer-how-to-play-441eab9fd2.html,https://www.callofduty.com/guides/blackops6/training/call-of-duty-guides-black-ops-6-multiplayer-how-to-play,unresolved,,,,157558,0,0,0,0,0,no_unique_chrome_free_safe_root
5389470c33c52c29,call-of-duty-guides-black-ops-6-multiplayer-leveling-up-and-progression-5389470c33.html,https://www.callofduty.com/guides/blackops6/training/call-of-duty-guides-black-ops-6-multiplayer-leveling-up-and-progression,cleaned,data/clean/guides/5389470c33c52c29.json,.body-content,0.90-18,77853,13520,7280,1216,1820,0.173661,
0f886d6cf19fff50,call-of-duty-guides-black-ops-6-multiplayer-training-controls-0f886d6cf1.html,https://www.callofduty.com/guides/blackops6/training/call-of-duty-guides-black-ops-6-multiplayer-training-controls,cleaned,data/clean/guides/0f886d6cf19fff50.json,.body-content,0.90-21,88374,22137,14651,2556,3663,0.250492,
d3a05f8c7c2a2695,call-of-duty-guides-black-ops-6-multiplayer-training-movement-d3a05f8c7c.html,https://www.callofduty.com/guides/blackops6/training/call-of-duty-guides-black-ops-6-multiplayer-training-movement,cleaned,data/clean/guides/d3a05f8c7c2a2695.json,.body-content,0.90-22,118846,22757,15243,2668,3811,0.191483,
f9fb885f45269e3a,call-of-duty-guides-black-ops-6-round-based-zombies-citadelle-des-morts-f9fb885f45.html,https://www.callofduty.com/guides/blackops6/zombies/call-of-duty-guides-black-ops-6-round-based-zombies-citadelle-des-morts,cleaned,data/clean/guides/f9fb885f45269e3a.json,.body-content,0.90-8,181662,30033,15238,2730,3810,0.165324,
e0fb992ba407fff3,call-of-duty-guides-black-ops-6-round-based-zombies-directed-mode-reckoning-e0fb992ba4.html,https://www.callofduty.com/guides/blackops6/zombies/call-of-duty-guides-black-ops-6-round-based-zombies-directed-mode-reckoning,cleaned,data/clean/guides/e0fb992ba407fff3.json,.body-content,0.90-23,238609,35017,15190,2644,3798,0.146755,
701107e5d0a615a0,call-of-duty-guides-black-ops-6-round-based-zombies-directed-mode-shattered-veil-701107e5d0.html,https://www.callofduty.com/guides/blackops6/zombies/call-of-duty-guides-black-ops-6-round-based-zombies-directed-mode-shattered-veil,cleaned,data/clean/guides/701107e5d0a615a0.json,.body-content,0.90-8,248803,39176,18155,3264,4539,0.157458,
8908fbbf8c2f2624,call-of-duty-guides-black-ops-6-round-based-zombies-liberty-falls-8908fbbf8c.html,https://www.callofduty.com/guides/blackops6/zombies/call-of-duty-guides-black-ops-6-round-based-zombies-liberty-falls,cleaned,data/clean/guides/8908fbbf8c2f2624.json,.body-content,0.90-24,102973,19256,10214,1866,2554,0.187,
a4fdf193f6c2051c,call-of-duty-guides-black-ops-6-round-based-zombies-terminus-a4fdf193f6.html,https://www.callofduty.com/guides/blackops6/zombies/call-of-duty-guides-black-ops-6-round-based-zombies-terminus,cleaned,data/clean/guides/a4fdf193f6c2051c.json,.body-content,0.90-8,138507,25318,12965,2312,3242,0.182792,
47f8cedd5cffc676,call-of-duty-guides-black-ops-6-round-based-zombies-the-tomb-47f8cedd5c.html,https://www.callofduty.com/guides/blackops6/zombies/call-of-duty-guides-black-ops-6-round-based-zombies-the-tomb,cleaned,data/clean/guides/47f8cedd5cffc676.json,.body-content,0.90-8,237231,37812,19616,3484,4904,0.159389,
522f4b966f690996,call-of-duty-guides-black-ops-6-zombies-mode-guide-grief-522f4b966f.html,https://www.callofduty.com/guides/blackops6/zombies/call-of-duty-guides-black-ops-6-zombies-mode-guide-grief,cleaned,data/clean/guides/522f4b966f690996.json,.body-content,0.90-26,107431,22882,13099,2287,3275,0.212993,
26b6917e3513c5c9,blackops7-26b6917e35.html,https://www.callofduty.com/guides/blackops7,landing_index,,,,217256,0,0,0,0,0,classified_valid_landing_or_index_page
e04b7995f02f3adc,overload-e04b7995f0.html,https://www.callofduty.com/guides/blackops7/modes/overload,cleaned,data/clean/guides/e04b7995f02f3adc.json,.body-content,0.90-35,102977,12858,6840,1220,1710,0.124863,
6ed8fdcacbbba6ad,blackheart-6ed8fdcacb.html,https://www.callofduty.com/guides/blackops7/multiplayer-maps/blackheart,unresolved,,,,137825,0,0,0,0,0,no_unique_chrome_free_safe_root
672b83b0f68602f9,colossus-672b83b0f6.html,https://www.callofduty.com/guides/blackops7/multiplayer-maps/colossus,unresolved,,,,138607,0,0,0,0,0,no_unique_chrome_free_safe_root
bc28415e51fd5123,cortex-bc28415e51.html,https://www.callofduty.com/guides/blackops7/multiplayer-maps/cortex,unresolved,,,,146113,0,0,0,0,0,no_unique_chrome_free_safe_root
f3f8b4bf5fc2b89b,den-f3f8b4bf5f.html,https://www.callofduty.com/guides/blackops7/multiplayer-maps/den,unresolved,,,,140947,0,0,0,0,0,no_unique_chrome_free_safe_root
68091bfa180a5e2d,exposure-68091bfa18.html,https://www.callofduty.com/guides/blackops7/multiplayer-maps/exposure,unresolved,,,,141911,0,0,0,0,0,no_unique_chrome_free_safe_root
47b6fcb5a21d1dfe,express-47b6fcb5a2.html,https://www.callofduty.com/guides/blackops7/multiplayer-maps/express,unresolved,,,,138225,0,0,0,0,0,no_unique_chrome_free_safe_root
6d4d0e0894fb562b,fate-6d4d0e0894.html,https://www.callofduty.com/guides/blackops7/multiplayer-maps/fate,unresolved,,,,137451,0,0,0,0,0,no_unique_chrome_free_safe_root
4ecf59c1bda4f839,flagship-4ecf59c1bd.html,https://www.callofduty.com/guides/blackops7/multiplayer-maps/flagship,unresolved,,,,136743,0,0,0,0,0,no_unique_chrome_free_safe_root
f4c06f82c49a48f8,hijacked-f4c06f82c4.html,https://www.callofduty.com/guides/blackops7/multiplayer-maps/hijacked,unresolved,,,,138049,0,0,0,0,0,no_unique_chrome_free_safe_root
9b7d8f9b4e2a08aa,homestead-9b7d8f9b4e.html,https://www.callofduty.com/guides/blackops7/multiplayer-maps/homestead,unresolved,,,,137059,0,0,0,0,0,no_unique_chrome_free_safe_root
f889f0b2a9e14cdc,imprint-f889f0b2a9.html,https://www.callofduty.com/guides/blackops7/multiplayer-maps/imprint,unresolved,,,,140217,0,0,0,0,0,no_unique_chrome_free_safe_root
3636afe971e1397c,nuketown-2025-3636afe971.html,https://www.callofduty.com/guides/blackops7/multiplayer-maps/nuketown-2025,unresolved,,,,141306,0,0,0,0,0,no_unique_chrome_free_safe_root
0591da44253dc38e,odysseus-0591da4425.html,https://www.callofduty.com/guides/blackops7/multiplayer-maps/odysseus,unresolved,,,,137442,0,0,0,0,0,no_unique_chrome_free_safe_root
6a304602e6f0ad77,paranoia-6a304602e6.html,https://www.callofduty.com/guides/blackops7/multiplayer-maps/paranoia,unresolved,,,,136608,0,0,0,0,0,no_unique_chrome_free_safe_root
96c7bf61cbce62ee,raid-96c7bf61cb.html,https://www.callofduty.com/guides/blackops7/multiplayer-maps/raid,unresolved,,,,135493,0,0,0,0,0,no_unique_chrome_free_safe_root
b5f11937310cf401,retrieval-b5f1193731.html,https://www.callofduty.com/guides/blackops7/multiplayer-maps/retrieval,unresolved,,,,138289,0,0,0,0,0,no_unique_chrome_free_safe_root
8d0fc3b67451afa3,fringe-8d0fc3b674.html,https://www.callofduty.com/guides/blackops7/multiplayer-maps/s01/fringe,unresolved,,,,142994,0,0,0,0,0,no_unique_chrome_free_safe_root
a8472191443e3a51,meltdown-a847219144.html,https://www.callofduty.com/guides/blackops7/multiplayer-maps/s01/meltdown,unresolved,,,,144268,0,0,0,0,0,no_unique_chrome_free_safe_root
4edbad6eb2cb8149,yakei-4edbad6eb2.html,https://www.callofduty.com/guides/blackops7/multiplayer-maps/s01/yakei,unresolved,,,,143703,0,0,0,0,0,no_unique_chrome_free_safe_root
fed11e417bc4f801,cliff-town-fed11e417b.html,https://www.callofduty.com/guides/blackops7/multiplayer-maps/s02/cliff-town,unresolved,,,,144688,0,0,0,0,0,no_unique_chrome_free_safe_root
a39024c3f6a274ad,firing-range-a39024c3f6.html,https://www.callofduty.com/guides/blackops7/multiplayer-maps/s02/firing-range,unresolved,,,,143552,0,0,0,0,0,no_unique_chrome_free_safe_root
7857206fd287b06a,grind-7857206fd2.html,https://www.callofduty.com/guides/blackops7/multiplayer-maps/s02/grind,unresolved,,,,142971,0,0,0,0,0,no_unique_chrome_free_safe_root
df64585d1a231ce6,nexus-df64585d1a.html,https://www.callofduty.com/guides/blackops7/multiplayer-maps/s02/nexus,unresolved,,,,141489,0,0,0,0,0,no_unique_chrome_free_safe_root
a1ecb42e3656c97a,sake-a1ecb42e36.html,https://www.callofduty.com/guides/blackops7/multiplayer-maps/s02/sake,unresolved,,,,143353,0,0,0,0,0,no_unique_chrome_free_safe_root
83da1ed78fb9fe48,slums-83da1ed78f.html,https://www.callofduty.com/guides/blackops7/multiplayer-maps/s02/slums,unresolved,,,,145182,0,0,0,0,0,no_unique_chrome_free_safe_root
53d7154be14e461d,torment-53d7154be1.html,https://www.callofduty.com/guides/blackops7/multiplayer-maps/s02/torment,unresolved,,,,143204,0,0,0,0,0,no_unique_chrome_free_safe_root
684e5772c4c2c981,torque-684e5772c4.html,https://www.callofduty.com/guides/blackops7/multiplayer-maps/s02/torque,unresolved,,,,141470,0,0,0,0,0,no_unique_chrome_free_safe_root
c0e1ea3795797162,abyss-c0e1ea3795.html,https://www.callofduty.com/guides/blackops7/multiplayer-maps/s03/abyss,unresolved,,,,139880,0,0,0,0,0,no_unique_chrome_free_safe_root
03c002f75d19c034,beacon-03c002f75d.html,https://www.callofduty.com/guides/blackops7/multiplayer-maps/s03/beacon,unresolved,,,,142995,0,0,0,0,0,no_unique_chrome_free_safe_root
d645ada62f644c46,gridlock-d645ada62f.html,https://www.callofduty.com/guides/blackops7/multiplayer-maps/s03/gridlock,unresolved,,,,143687,0,0,0,0,0,no_unique_chrome_free_safe_root
03b46d2f5887fb6c,hacienda-03b46d2f58.html,https://www.callofduty.com/guides/blackops7/multiplayer-maps/s03/hacienda,unresolved,,,,132195,0,0,0,0,0,no_unique_chrome_free_safe_root
7df3fe0d3fe33662,onsen-7df3fe0d3f.html,https://www.callofduty.com/guides/blackops7/multiplayer-maps/s03/onsen,unresolved,,,,131792,0,0,0,0,0,no_unique_chrome_free_safe_root
5d658548b2397e57,plaza-5d658548b2.html,https://www.callofduty.com/guides/blackops7/multiplayer-maps/s03/plaza,unresolved,,,,145854,0,0,0,0,0,no_unique_chrome_free_safe_root
abefd4946cde135f,summit-abefd4946c.html,https://www.callofduty.com/guides/blackops7/multiplayer-maps/s03/summit,unresolved,,,,131873,0,0,0,0,0,no_unique_chrome_free_safe_root
81a758d6d606a9ed,launch-81a758d6d6.html,https://www.callofduty.com/guides/blackops7/multiplayer-maps/s04/launch,unresolved,,,,132078,0,0,0,0,0,no_unique_chrome_free_safe_root
1fb7c1cf2f8b54b9,liminal-1fb7c1cf2f.html,https://www.callofduty.com/guides/blackops7/multiplayer-maps/s04/liminal,unresolved,,,,126459,0,0,0,0,0,no_unique_chrome_free_safe_root
9eaea7197d7f9012,primetime-9eaea7197d.html,https://www.callofduty.com/guides/blackops7/multiplayer-maps/s04/primetime,unresolved,,,,131886,0,0,0,0,0,no_unique_chrome_free_safe_root
bc5ed6e34bde237e,vertigo-bc5ed6e34b.html,https://www.callofduty.com/guides/blackops7/multiplayer-maps/s04/vertigo,unresolved,,,,132202,0,0,0,0,0,no_unique_chrome_free_safe_root
df0dfee9214ca475,zenith-df0dfee921.html,https://www.callofduty.com/guides/blackops7/multiplayer-maps/s04/zenith,unresolved,,,,129366,0,0,0,0,0,no_unique_chrome_free_safe_root
d6868be84381c5c2,dig-d6868be843.html,https://www.callofduty.com/guides/blackops7/multiplayer-maps/s05/dig,unresolved,,,,132371,0,0,0,0,0,no_unique_chrome_free_safe_root
aef8e8ba91e70d51,frequency-aef8e8ba91.html,https://www.callofduty.com/guides/blackops7/multiplayer-maps/s05/frequency,unresolved,,,,132267,0,0,0,0,0,no_unique_chrome_free_safe_root
b96f5116196ab91c,jubilee-b96f511619.html,https://www.callofduty.com/guides/blackops7/multiplayer-maps/s05/jubilee,unresolved,,,,131781,0,0,0,0,0,no_unique_chrome_free_safe_root
a934cb7af5158679,turbo-tilt-a934cb7af5.html,https://www.callofduty.com/guides/blackops7/multiplayer-maps/s05/turbo-tilt,unresolved,,,,126736,0,0,0,0,0,no_unique_chrome_free_safe_root
0c2ac71b3edda1f9,quantum-0c2ac71b3e.html,https://www.callofduty.com/guides/blackops7/multiplayer-maps/s06/quantum,unresolved,,,,130852,0,0,0,0,0,no_unique_chrome_free_safe_root
b499041df9b0663b,scar-b499041df9.html,https://www.callofduty.com/guides/blackops7/multiplayer-maps/scar,unresolved,,,,137992,0,0,0,0,0,no_unique_chrome_free_safe_root
30e124168107d250,standoff-30e1241681.html,https://www.callofduty.com/guides/blackops7/multiplayer-maps/standoff,unresolved,,,,141589,0,0,0,0,0,no_unique_chrome_free_safe_root
d161869a6e91cdc1,the-forge-d161869a6e.html,https://www.callofduty.com/guides/blackops7/multiplayer-maps/the-forge,unresolved,,,,141714,0,0,0,0,0,no_unique_chrome_free_safe_root
d80cfe87f6fa051b,toshin-d80cfe87f6.html,https://www.callofduty.com/guides/blackops7/multiplayer-maps/toshin,unresolved,,,,140315,0,0,0,0,0,no_unique_chrome_free_safe_root
cbce9fe924cc073b,utopia-cbce9fe924.html,https://www.callofduty.com/guides/blackops7/multiplayer-maps/utopia,unresolved,,,,141557,0,0,0,0,0,no_unique_chrome_free_safe_root
c8d8b0bc5c0f3974,cod-101-c8d8b0bc5c.html,https://www.callofduty.com/guides/blackops7/training/cod-101,cleaned,data/clean/guides/c8d8b0bc5c0f3974.json,.body-content,0.90-31,85835,9121,4573,778,1144,0.106262,
580378482bf672b3,weapons-580378482b.html,https://www.callofduty.com/guides/blackops7/weapons,landing_index,,,,186343,0,0,0,0,0,classified_valid_landing_or_index_page
cc8eaade379851b1,ak-27-cc8eaade37.html,https://www.callofduty.com/guides/blackops7/weapons/assault-rifle/ak-27,cleaned,data/clean/guides/cc8eaade379851b1.json,.body-content,0.90-2,205833,20562,4047,666,1012,0.099897,
62fe08ceae134ef1,ds20-mirage-62fe08ceae.html,https://www.callofduty.com/guides/blackops7/weapons/assault-rifle/ds20-mirage,cleaned,data/clean/guides/62fe08ceae134ef1.json,.body-content,0.90-2,206237,20802,4269,692,1068,0.100865,
ce52f781d8950492,m15-mod-0-ce52f781d8.html,https://www.callofduty.com/guides/blackops7/weapons/assault-rifle/m15-mod-0,cleaned,data/clean/guides/ce52f781d8950492.json,.body-content,0.90-2,205812,20489,4059,677,1015,0.099552,
27580bace8e14c8d,maddox-rfb-27580bace8.html,https://www.callofduty.com/guides/blackops7/weapons/assault-rifle/maddox-rfb,cleaned,data/clean/guides/27580bace8e14c8d.json,.body-content,0.90-2,206037,20809,4198,690,1050,0.100996,
b2cd4746bac47e1e,mxr-17-b2cd4746ba.html,https://www.callofduty.com/guides/blackops7/weapons/assault-rifle/mxr-17,cleaned,data/clean/guides/b2cd4746bac47e1e.json,.body-content,0.90-2,205929,20660,4138,679,1035,0.100326,
b6de01bad6421487,peacekeeper-mk1-b6de01bad6.html,https://www.callofduty.com/guides/blackops7/weapons/assault-rifle/peacekeeper-mk1,cleaned,data/clean/guides/b6de01bad6421487.json,.body-content,0.90-2,206223,20693,4148,675,1037,0.100343,
1933f4c1d6e7c876,egrt-17-1933f4c1d6.html,https://www.callofduty.com/guides/blackops7/weapons/assault-rifle/s02/egrt-17,cleaned,data/clean/guides/1933f4c1d6e7c876.json,.body-content,0.90-2,214939,20735,4210,681,1053,0.096469,
8a74ceef075b9bbe,voyak-kt-3-8a74ceef07.html,https://www.callofduty.com/guides/blackops7/weapons/assault-rifle/s02/voyak-kt-3,cleaned,data/clean/guides/8a74ceef075b9bbe.json,.body-content,0.90-2,215418,20705,4171,676,1043,0.096115,
3991c86ce1912ee5,mk35-isr-3991c86ce1.html,https://www.callofduty.com/guides/blackops7/weapons/assault-rifle/s03/mk35-isr,cleaned,data/clean/guides/3991c86ce1912ee5.json,.body-content,0.90-2,213064,20481,4115,677,1029,0.096126,
d5c0491c7a8732c2,fg42-d5c0491c7a.html,https://www.callofduty.com/guides/blackops7/weapons/assault-rifle/s05/fg42,cleaned,data/clean/guides/d5c0491c7a8732c2.json,.body-content,0.90-2,212689,20549,4195,694,1049,0.096615,
ce80130673b5d677,x9-maverick-ce80130673.html,https://www.callofduty.com/guides/blackops7/weapons/assault-rifle/x9-maverick,cleaned,data/clean/guides/ce80130673b5d677.json,.body-content,0.90-2,206071,20635,4102,669,1026,0.100135,
5508e319fc98a8e5,aarow-109-5508e319fc.html,https://www.callofduty.com/guides/blackops7/weapons/launcher/aarow-109,cleaned,data/clean/guides/5508e319fc98a8e5.json,.body-content,0.90-2,205812,21099,4577,750,1145,0.102516,
18bd9d032019ace2,arc-m1-18bd9d0320.html,https://www.callofduty.com/guides/blackops7/weapons/launcher/arc-m1,cleaned,data/clean/guides/18bd9d032019ace2.json,.body-content,0.90-2,205872,21157,4641,760,1161,0.102768,
1bda9ebb971a6f83,mk-78-1bda9ebb97.html,https://www.callofduty.com/guides/blackops7/weapons/lmg/mk-78,cleaned,data/clean/guides/1bda9ebb971a6f83.json,.body-content,0.90-2,205811,20616,4111,675,1028,0.10017,
5a7b09e447ddd2e3,mammoth-5a7b09e447.html,https://www.callofduty.com/guides/blackops7/weapons/lmg/s05/mammoth,cleaned,data/clean/guides/5a7b09e447ddd2e3.json,.body-content,0.90-2,212600,20441,4088,666,1022,0.096148,
3e2d9d005ec21d3b,sokol-545-3e2d9d005e.html,https://www.callofduty.com/guides/blackops7/weapons/lmg/sokol-545,cleaned,data/clean/guides/3e2d9d005ec21d3b.json,.body-content,0.90-2,206200,20731,4214,699,1054,0.100538,
e6160a5110232c06,xm325-e6160a5110.html,https://www.callofduty.com/guides/blackops7/weapons/lmg/xm325,cleaned,data/clean/guides/e6160a5110232c06.json,.body-content,0.90-2,205856,20624,4119,675,1030,0.100187,
fc06fab0c668e88f,KRS-762-fc06fab0c6.html,https://www.callofduty.com/guides/blackops7/weapons/marksman-rifle/KRS-762,cleaned,data/clean/guides/fc06fab0c668e88f.json,.body-content,0.90-2,215050,20884,4440,724,1110,0.097112,
f5288f153adc983f,m34-novaline-f5288f153a.html,https://www.callofduty.com/guides/blackops7/weapons/marksman-rifle/m34-novaline,cleaned,data/clean/guides/f5288f153adc983f.json,.body-content,0.90-2,206708,20785,4248,690,1062,0.100552,
12ebfae07ff8ed60,m8a1-12ebfae07f.html,https://www.callofduty.com/guides/blackops7/weapons/marksman-rifle/m8a1,cleaned,data/clean/guides/12ebfae07ff8ed60.json,.body-content,0.90-2,206437,20675,4162,684,1041,0.100152,
fef2880748f370c6,swordfish-a1-fef2880748.html,https://www.callofduty.com/guides/blackops7/weapons/marksman-rifle/swordfish-a1,cleaned,data/clean/guides/fef2880748f370c6.json,.body-content,0.90-2,215210,20775,4238,682,1060,0.096534,
61ccff2c06700179,warden-308-61ccff2c06.html,https://www.callofduty.com/guides/blackops7/weapons/marksman-rifle/warden-308,cleaned,data/clean/guides/61ccff2c06700179.json,.body-content,0.90-2,206498,20659,4128,678,1032,0.100045,
fe86cd792a6d84ec,ballistic-knife-fe86cd792a.html,https://www.callofduty.com/guides/blackops7/weapons/melee/ballistic-knife,cleaned,data/clean/guides/fe86cd792a6d84ec.json,.body-content,0.90-2,205446,21018,4400,721,1100,0.102304,
cf42a01be979b539,flatline-mk-ii-cf42a01be9.html,https://www.callofduty.com/guides/blackops7/weapons/melee/flatline-mk-ii,cleaned,data/clean/guides/cf42a01be979b539.json,.body-content,0.90-2,205975,20565,4031,666,1008,0.099842,
a7aa0fe653e0254f,knife-a7aa0fe653.html,https://www.callofduty.com/guides/blackops7/weapons/melee/knife,cleaned,data/clean/guides/a7aa0fe653e0254f.json,.body-content,0.90-2,205535,20450,3943,651,986,0.099496,
fd8fa52a3ed77f09,h311-saw-fd8fa52a3e.html,https://www.callofduty.com/guides/blackops7/weapons/melee/s02/h311-saw,cleaned,data/clean/guides/fd8fa52a3ed77f09.json,.body-content,0.90-2,240177,25676,5255,864,1314,0.106904,
39cc617552a28c91,katana-39cc617552.html,https://www.callofduty.com/guides/blackops7/weapons/melee/s03/katana,cleaned,data/clean/guides/39cc617552a28c91.json,.body-content,0.90-2,241395,25216,4955,831,1239,0.104459,
2e280224063e8775,mace-2e28022406.html,https://www.callofduty.com/guides/blackops7/weapons/melee/s05/mace,cleaned,data/clean/guides/2e280224063e8775.json,.body-content,0.90-2,248978,25218,4963,834,1241,0.101286,
e27ccc7943664762,coda-9-e27ccc7943.html,https://www.callofduty.com/guides/blackops7/weapons/pistol/coda-9,cleaned,data/clean/guides/e27ccc7943664762.json,.body-content,0.90-2,206132,20532,4021,667,1006,0.099606,
fe23b0f0fb2b230f,jager-45-fe23b0f0fb.html,https://www.callofduty.com/guides/blackops7/weapons/pistol/jager-45,cleaned,data/clean/guides/fe23b0f0fb2b230f.json,.body-content,0.90-2,206123,20552,4026,665,1007,0.099707,
b297227894017c90,1911-b297227894.html,https://www.callofduty.com/guides/blackops7/weapons/pistol/s03/1911,cleaned,data/clean/guides/b297227894017c90.json,.body-content,0.90-2,239429,24911,4905,809,1227,0.104043,
1d39937e95893e0f,velox-5-7-1d39937e95.html,https://www.callofduty.com/guides/blackops7/weapons/pistol/velox-5-7,cleaned,data/clean/guides/1d39937e95893e0f.json,.body-content,0.90-2,206349,20649,4129,679,1033,0.100068,
c1b834d90acd9edb,akita-c1b834d90a.html,https://www.callofduty.com/guides/blackops7/weapons/shotgun/akita,cleaned,data/clean/guides/c1b834d90acd9edb.json,.body-content,0.90-2,206481,20512,4003,663,1001,0.099341,
04c19fac379ee644,echo-12-04c19fac37.html,https://www.callofduty.com/guides/blackops7/weapons/shotgun/echo-12,cleaned,data/clean/guides/04c19fac379ee644.json,.body-content,0.90-2,206692,20669,4154,698,1039,0.099999,
4e642d21932c0bd9,m10-breacher-4e642d2193.html,https://www.callofduty.com/guides/blackops7/weapons/shotgun/m10-breacher,cleaned,data/clean/guides/4e642d21932c0bd9.json,.body-content,0.90-2,206873,20740,4210,702,1053,0.100255,
d6e7dc624df0dce4,sg-12-d6e7dc624d.html,https://www.callofduty.com/guides/blackops7/weapons/shotgun/sg-12,cleaned,data/clean/guides/d6e7dc624df0dce4.json,.body-content,0.90-2,214916,20934,4332,714,1083,0.097405,
16327b4c4f17a9ca,carbon-57-16327b4c4f.html,https://www.callofduty.com/guides/blackops7/weapons/smg/carbon-57,cleaned,data/clean/guides/16327b4c4f17a9ca.json,.body-content,0.90-2,205858,20581,4064,671,1016,0.099977,
9c9c322d2415ea94,dravec-45-9c9c322d24.html,https://www.callofduty.com/guides/blackops7/weapons/smg/dravec-45,cleaned,data/clean/guides/9c9c322d2415ea94.json,.body-content,0.90-2,205880,20622,4105,678,1027,0.100165,
a09a3f8bdd6256d4,kogot-7-a09a3f8bdd.html,https://www.callofduty.com/guides/blackops7/weapons/smg/kogot-7,cleaned,data/clean/guides/a09a3f8bdd6256d4.json,.body-content,0.90-2,205868,20845,4253,695,1064,0.101254,
3f0926185f1137b8,mpc-25-3f0926185f.html,https://www.callofduty.com/guides/blackops7/weapons/smg/mpc-25,cleaned,data/clean/guides/3f0926185f1137b8.json,.body-content,0.90-2,205805,20611,4103,667,1026,0.100148,
e4671e4ca742961d,razor-9mm-e4671e4ca7.html,https://www.callofduty.com/guides/blackops7/weapons/smg/razor-9mm,cleaned,data/clean/guides/e4671e4ca742961d.json,.body-content,0.90-2,205706,20451,3934,651,984,0.099419,
6557056d85171f00,rk-9-6557056d85.html,https://www.callofduty.com/guides/blackops7/weapons/smg/rk-9,cleaned,data/clean/guides/6557056d85171f00.json,.body-content,0.90-2,205675,20584,4082,670,1021,0.10008,
e349c90b9cedab4e,ryden-45k-e349c90b9c.html,https://www.callofduty.com/guides/blackops7/weapons/smg/ryden-45k,cleaned,data/clean/guides/e349c90b9cedab4e.json,.body-content,0.90-2,205851,20571,4054,666,1014,0.099932,
e8b27fbfd04b444f,rev-46-e8b27fbfd0.html,https://www.callofduty.com/guides/blackops7/weapons/smg/s02/rev-46,cleaned,data/clean/guides/e8b27fbfd04b444f.json,.body-content,0.90-2,214859,20763,4251,687,1063,0.096635,
2d1ec7b9d23eb36f,vst-2d1ec7b9d2.html,https://www.callofduty.com/guides/blackops7/weapons/smg/s03/vst,cleaned,data/clean/guides/2d1ec7b9d23eb36f.json,.body-content,0.90-2,211966,20302,3961,642,991,0.09578,
ab9bc69eebb296bc,cbrs-3-ab9bc69eeb.html,https://www.callofduty.com/guides/blackops7/weapons/smg/s04/cbrs-3,cleaned,data/clean/guides/ab9bc69eebb296bc.json,.body-content,0.90-2,212248,20293,3943,642,986,0.09561,
9baa3ea75babde9e,gremlin-9baa3ea75b.html,https://www.callofduty.com/guides/blackops7/weapons/smg/s05/gremlin,cleaned,data/clean/guides/9baa3ea75babde9e.json,.body-content,0.90-2,212170,20340,3987,646,997,0.095867,
ea3f7b10d5effd1a,sturmwolf-45-ea3f7b10d5.html,https://www.callofduty.com/guides/blackops7/weapons/smg/sturmwolf-45,cleaned,data/clean/guides/ea3f7b10d5effd1a.json,.body-content,0.90-2,214240,20730,4123,679,1031,0.096761,
a22f06053c522d3c,hawker-hx-a22f06053c.html,https://www.callofduty.com/guides/blackops7/weapons/sniper-rifle/hawker-hx,cleaned,data/clean/guides/a22f06053c522d3c.json,.body-content,0.90-2,206637,20599,3992,657,998,0.099687,
0725dc6c2ede181b,strider-300-0725dc6c2e.html,https://www.callofduty.com/guides/blackops7/weapons/sniper-rifle/s03/strider-300,cleaned,data/clean/guides/0725dc6c2ede181b.json,.body-content,0.90-2,239538,25063,4941,816,1236,0.104631,
1ec275f19f0d1bac,vs-recon-1ec275f19f.html,https://www.callofduty.com/guides/blackops7/weapons/sniper-rifle/vs-recon,cleaned,data/clean/guides/1ec275f19f0d1bac.json,.body-content,0.90-2,206327,20602,4079,665,1020,0.099851,
528997671b86ff51,xr-3-ion-528997671b.html,https://www.callofduty.com/guides/blackops7/weapons/sniper-rifle/xr-3-ion,cleaned,data/clean/guides/528997671b86ff51.json,.body-content,0.90-2,206370,20445,4003,661,1001,0.09907,
ad3acb32f0eabf86,gdl-havoc-ad3acb32f0.html,https://www.callofduty.com/guides/blackops7/weapons/special/gdl-havoc,cleaned,data/clean/guides/ad3acb32f0eabf86.json,.body-content,0.90-2,207020,20752,4150,689,1038,0.100242,
d87276e364c90c99,nx-ravager-d87276e364.html,https://www.callofduty.com/guides/blackops7/weapons/special/nx-ravager,cleaned,data/clean/guides/d87276e364c90c99.json,.body-content,0.90-2,206836,20753,4148,689,1037,0.100336,
7eceee07f3802efa,siren-7eceee07f3.html,https://www.callofduty.com/guides/blackops7/weapons/special/s03/siren,cleaned,data/clean/guides/7eceee07f3802efa.json,.body-content,0.90-2,241590,25413,4894,815,1224,0.105191,
7125f944df3d19c6,grimhawk-7125f944df.html,https://www.callofduty.com/guides/blackops7/weapons/special/s04/grimhawk,cleaned,data/clean/guides/7125f944df3d19c6.json,.body-content,0.90-2,242777,25507,4979,818,1245,0.105063,
a5a420c7ba4ef0a7,ashes-of-the-damned-a5a420c7ba.html,https://www.callofduty.com/guides/blackops7/zombies/ashes-of-the-damned,unresolved,,,,115729,0,0,0,0,0,no_unique_chrome_free_safe_root
a67ebd7a2f6a33e7,astra-malorum-a67ebd7a2f.html,https://www.callofduty.com/guides/blackops7/zombies/astra-malorum,unresolved,,,,119420,0,0,0,0,0,no_unique_chrome_free_safe_root
1b553ca16fbd88ad,gobblegums-1b553ca16f.html,https://www.callofduty.com/guides/blackops7/zombies/gobblegums,cleaned,data/clean/guides/1b553ca16fbd88ad.json,.body-content,0.90-33,272422,104715,53549,9420,13388,0.384385,
ca9db66eb3697998,kowakujo-ca9db66eb3.html,https://www.callofduty.com/guides/blackops7/zombies/kowakujo,unresolved,,,,124545,0,0,0,0,0,no_unique_chrome_free_safe_root
4733f52c94fc5b0b,paradox-junction-4733f52c94.html,https://www.callofduty.com/guides/blackops7/zombies/paradox-junction,unresolved,,,,120852,0,0,0,0,0,no_unique_chrome_free_safe_root
e8af446d4dd6f590,survival-vandorn-farm-e8af446d4d.html,https://www.callofduty.com/guides/blackops7/zombies/survival-vandorn-farm,cleaned,data/clean/guides/e8af446d4dd6f590.json,.body-content,0.90-36,86764,6558,3863,671,966,0.075584,
35a2743063a69c48,totenreich-starting-room-35a2743063.html,https://www.callofduty.com/guides/blackops7/zombies/totenreich-starting-room,unresolved,,,,126167,0,0,0,0,0,no_unique_chrome_free_safe_root
2294a0becbf44332,call-of-duty-modern-warfare-iii-play-guides-getting-started-cod-101-2294a0becb.html,https://www.callofduty.com/guides/getting-started/call-of-duty-modern-warfare-iii-play-guides-getting-started-cod-101,cleaned,data/clean/guides/2294a0becbf44332.json,.body-content,0.90-9,97357,10513,6052,1017,1513,0.107984,
ac101073072be5be,call-of-duty-modern-warfare-iii-play-guides-getting-started-guide-ac10107307.html,https://www.callofduty.com/guides/getting-started/call-of-duty-modern-warfare-iii-play-guides-getting-started-guide,unresolved,,,,144575,0,0,0,0,0,no_unique_chrome_free_safe_root
1987fdd1933f9700,call-of-duty-modern-warfare-iii-play-guides-getting-started-in-game-terms-1987fdd193.html,https://www.callofduty.com/guides/getting-started/call-of-duty-modern-warfare-iii-play-guides-getting-started-in-game-terms,cleaned,data/clean/guides/1987fdd1933f9700.json,.body-content,0.90-9,106386,22458,13700,2279,3425,0.211099,
dde8973b1a884ece,mobile-dde8973b1a.html,https://www.callofduty.com/guides/mobile,landing_index,,,,121264,0,0,0,0,0,classified_valid_landing_or_index_page
c0424c6a4babd7ca,dmz-recon-101-how-to-play-c0424c6a4b.html,https://www.callofduty.com/guides/mobile/dmz-recon-101-how-to-play,cleaned,data/clean/guides/c0424c6a4babd7ca.json,.body-content,0.90-32,101761,23921,16468,2984,4117,0.23507,
16cd393c1553b679,dmz-recon-rebirth-island-16cd393c15.html,https://www.callofduty.com/guides/mobile/dmz-recon-rebirth-island,unresolved,,,,132907,0,0,0,0,0,no_unique_chrome_free_safe_root
bc8351401c9beca0,serpent-island-bc8351401c.html,https://www.callofduty.com/guides/mobile/serpent-island,unresolved,,,,132542,0,0,0,0,0,no_unique_chrome_free_safe_root
389c8bb50b55bf38,modernwarfare3-389c8bb50b.html,https://www.callofduty.com/guides/modernwarfare3,landing_index,,,,236749,0,0,0,0,0,classified_valid_landing_or_index_page
0a5e043c27f9719c,call-of-duty-guide-modern-warfare-iii-multiplayer-map-meat-0a5e043c27.html,https://www.callofduty.com/guides/multiplayer-maps/call-of-duty-guide-modern-warfare-iii-multiplayer-map-meat,cleaned,data/clean/guides/0a5e043c27f9719c.json,.body-content,0.90-3,113015,14123,7783,1303,1946,0.124966,
687873872fec32b9,call-of-duty-guides-modern-warfare-iii-multiplayer-map-guide-6-star-687873872f.html,https://www.callofduty.com/guides/multiplayer-maps/call-of-duty-guides-modern-warfare-iii-multiplayer-map-guide-6-star,cleaned,data/clean/guides/687873872fec32b9.json,.body-content,0.90-3,118673,17495,10289,1734,2573,0.147422,
be33eea11e2e2d8e,call-of-duty-guides-modern-warfare-iii-multiplayer-map-guide-bait-be33eea11e.html,https://www.callofduty.com/guides/multiplayer-maps/call-of-duty-guides-modern-warfare-iii-multiplayer-map-guide-bait,cleaned,data/clean/guides/be33eea11e2e2d8e.json,.body-content,0.90-3,126936,18853,11509,2004,2878,0.148524,
07b63f13f8819df1,call-of-duty-guides-modern-warfare-iii-multiplayer-map-guide-checkpoint-07b63f13f8.html,https://www.callofduty.com/guides/multiplayer-maps/call-of-duty-guides-modern-warfare-iii-multiplayer-map-guide-checkpoint,cleaned,data/clean/guides/07b63f13f8819df1.json,.body-content,0.90-3,120535,16840,9998,1703,2500,0.13971,
7b266932f270bf0f,call-of-duty-guides-modern-warfare-iii-multiplayer-map-guide-departures-7b266932f2.html,https://www.callofduty.com/guides/multiplayer-maps/call-of-duty-guides-modern-warfare-iii-multiplayer-map-guide-departures,cleaned,data/clean/guides/7b266932f270bf0f.json,.body-content,0.90-3,112719,14346,8016,1356,2004,0.127272,
9cc64ac102e6c4f3,call-of-duty-guides-modern-warfare-iii-multiplayer-map-guide-emergency-9cc64ac102.html,https://www.callofduty.com/guides/multiplayer-maps/call-of-duty-guides-modern-warfare-iii-multiplayer-map-guide-emergency,cleaned,data/clean/guides/9cc64ac102e6c4f3.json,.body-content,0.90-3,121452,17522,10593,1791,2649,0.144271,
1b8d0de9b4f59ef7,call-of-duty-guides-modern-warfare-iii-multiplayer-map-guide-farm-18-1b8d0de9b4.html,https://www.callofduty.com/guides/multiplayer-maps/call-of-duty-guides-modern-warfare-iii-multiplayer-map-guide-farm-18,cleaned,data/clean/guides/1b8d0de9b4f59ef7.json,.body-content,0.90-3,120634,22601,13476,2342,3369,0.187352,
d95d4ddd477337a8,call-of-duty-guides-modern-warfare-iii-multiplayer-map-guide-grime-d95d4ddd47.html,https://www.callofduty.com/guides/multiplayer-maps/call-of-duty-guides-modern-warfare-iii-multiplayer-map-guide-grime,cleaned,data/clean/guides/d95d4ddd477337a8.json,.body-content,0.90-3,123314,19597,11854,2041,2964,0.15892,
7fcc44729eaf8a0d,call-of-duty-guides-modern-warfare-iii-multiplayer-map-guide-growhouse-7fcc44729e.html,https://www.callofduty.com/guides/multiplayer-maps/call-of-duty-guides-modern-warfare-iii-multiplayer-map-guide-growhouse,cleaned,data/clean/guides/7fcc44729eaf8a0d.json,.body-content,0.90-3,115151,15514,8902,1500,2226,0.134727,
42ddffc8f6bc817e,call-of-duty-guides-modern-warfare-iii-multiplayer-map-guide-incline-42ddffc8f6.html,https://www.callofduty.com/guides/multiplayer-maps/call-of-duty-guides-modern-warfare-iii-multiplayer-map-guide-incline,cleaned,data/clean/guides/42ddffc8f6bc817e.json,.body-content,0.90-3,129708,18356,10741,1853,2686,0.141518,
d6a26df4a0b8831e,call-of-duty-guides-modern-warfare-iii-multiplayer-map-guide-mercado-las-almas-d6a26df4a0.html,https://www.callofduty.com/guides/multiplayer-maps/call-of-duty-guides-modern-warfare-iii-multiplayer-map-guide-mercado-las-almas,cleaned,data/clean/guides/d6a26df4a0b8831e.json,.body-content,0.90-3,122562,22191,13262,2358,3316,0.181059,
75f1203e2f8ca1bc,call-of-duty-guides-modern-warfare-iii-multiplayer-map-guide-operation-das-haus-75f1203e2f.html,https://www.callofduty.com/guides/multiplayer-maps/call-of-duty-guides-modern-warfare-iii-multiplayer-map-guide-operation-das-haus,cleaned,data/clean/guides/75f1203e2f8ca1bc.json,.body-content,0.90-3,116078,15405,8850,1521,2213,0.132712,
4030170aca32c7cf,call-of-duty-guides-modern-warfare-iii-multiplayer-map-guide-operation-tin-man-4030170aca.html,https://www.callofduty.com/guides/multiplayer-maps/call-of-duty-guides-modern-warfare-iii-multiplayer-map-guide-operation-tin-man,cleaned,data/clean/guides/4030170aca32c7cf.json,.body-content,0.90-3,119960,19852,11618,1988,2905,0.165488,
149842289b92ac5b,call-of-duty-guides-modern-warfare-iii-multiplayer-map-guide-paris-149842289b.html,https://www.callofduty.com/guides/multiplayer-maps/call-of-duty-guides-modern-warfare-iii-multiplayer-map-guide-paris,cleaned,data/clean/guides/149842289b92ac5b.json,.body-content,0.90-3,120414,16467,9769,1649,2443,0.136753,
2403e1235dfc101f,call-of-duty-guides-modern-warfare-iii-multiplayer-map-guide-rio-2403e1235d.html,https://www.callofduty.com/guides/multiplayer-maps/call-of-duty-guides-modern-warfare-iii-multiplayer-map-guide-rio,cleaned,data/clean/guides/2403e1235dfc101f.json,.body-content,0.90-3,114282,15883,9141,1566,2286,0.138981,
9ab6c53a7a6ce3e1,call-of-duty-guides-modern-warfare-iii-multiplayer-map-guide-shipment-9ab6c53a7a.html,https://www.callofduty.com/guides/multiplayer-maps/call-of-duty-guides-modern-warfare-iii-multiplayer-map-guide-shipment,cleaned,data/clean/guides/9ab6c53a7a6ce3e1.json,.body-content,0.90-3,111787,13445,7495,1276,1874,0.120273,
06a6df4791ed8d9d,call-of-duty-guides-modern-warfare-iii-multiplayer-map-guide-shoot-house-06a6df4791.html,https://www.callofduty.com/guides/multiplayer-maps/call-of-duty-guides-modern-warfare-iii-multiplayer-map-guide-shoot-house,cleaned,data/clean/guides/06a6df4791ed8d9d.json,.body-content,0.90-3,122146,23459,15274,2651,3819,0.192057,
c3f71799a318f30d,call-of-duty-guides-modern-warfare-iii-multiplayer-map-guide-stash-house-c3f71799a3.html,https://www.callofduty.com/guides/multiplayer-maps/call-of-duty-guides-modern-warfare-iii-multiplayer-map-guide-stash-house,cleaned,data/clean/guides/c3f71799a318f30d.json,.body-content,0.90-3,111004,13306,7298,1257,1825,0.11987,
095d52c3c8131ae2,call-of-duty-guides-modern-warfare-iii-multiplayer-map-guide-tanked-095d52c3c8.html,https://www.callofduty.com/guides/multiplayer-maps/call-of-duty-guides-modern-warfare-iii-multiplayer-map-guide-tanked,cleaned,data/clean/guides/095d52c3c8131ae2.json,.body-content,0.90-3,120566,17499,10617,1774,2655,0.14514,
21098c53919aaf0c,call-of-duty-guides-modern-warfare-iii-multiplayer-map-guide-tokyo-21098c5391.html,https://www.callofduty.com/guides/multiplayer-maps/call-of-duty-guides-modern-warfare-iii-multiplayer-map-guide-tokyo,cleaned,data/clean/guides/21098c53919aaf0c.json,.body-content,0.90-3,118438,16443,9668,1623,2417,0.138832,
a5e2f944d831db1b,call-of-duty-guides-modern-warfare-iii-multiplayer-map-guide-training-facility-a5e2f944d8.html,https://www.callofduty.com/guides/multiplayer-maps/call-of-duty-guides-modern-warfare-iii-multiplayer-map-guide-training-facility,cleaned,data/clean/guides/a5e2f944d831db1b.json,.body-content,0.90-3,109823,13228,7305,1275,1827,0.120448,
b518be33b5d215b0,call-of-duty-guides-modern-warfare-iii-multiplayer-map-guide-vista-b518be33b5.html,https://www.callofduty.com/guides/multiplayer-maps/call-of-duty-guides-modern-warfare-iii-multiplayer-map-guide-vista,cleaned,data/clean/guides/b518be33b5d215b0.json,.body-content,0.90-3,112022,14000,7659,1281,1915,0.124975,
3158e88236c9ead1,call-of-duty-guides-modern-warfare-iii-multiplayer-map-guide-yard-3158e88236.html,https://www.callofduty.com/guides/multiplayer-maps/call-of-duty-guides-modern-warfare-iii-multiplayer-map-guide-yard,cleaned,data/clean/guides/3158e88236c9ead1.json,.body-content,0.90-3,123094,16469,9913,1735,2479,0.133792,
578990f25d7595ac,call-of-duty-modern-warfare-iii-play-maps-core-multiplayer-map-guide-afghan-578990f25d.html,https://www.callofduty.com/guides/multiplayer-maps/call-of-duty-modern-warfare-iii-play-maps-core-multiplayer-map-guide-afghan,cleaned,data/clean/guides/578990f25d7595ac.json,.body-content,0.90-3,122986,23356,14162,2412,3541,0.189908,
d67e4080ad0b577c,call-of-duty-modern-warfare-iii-play-maps-core-multiplayer-map-guide-derail-d67e4080ad.html,https://www.callofduty.com/guides/multiplayer-maps/call-of-duty-modern-warfare-iii-play-maps-core-multiplayer-map-guide-derail,cleaned,data/clean/guides/d67e4080ad0b577c.json,.body-content,0.90-3,126289,25699,16073,2778,4019,0.203494,
4676a1d86b36acb9,call-of-duty-modern-warfare-iii-play-maps-core-multiplayer-map-guide-estate-4676a1d86b.html,https://www.callofduty.com/guides/multiplayer-maps/call-of-duty-modern-warfare-iii-play-maps-core-multiplayer-map-guide-estate,cleaned,data/clean/guides/4676a1d86b36acb9.json,.body-content,0.90-3,124829,24395,15431,2593,3858,0.195427,
2b7ccb714cab1220,call-of-duty-modern-warfare-iii-play-maps-core-multiplayer-map-guide-favela-2b7ccb714c.html,https://www.callofduty.com/guides/multiplayer-maps/call-of-duty-modern-warfare-iii-play-maps-core-multiplayer-map-guide-favela,cleaned,data/clean/guides/2b7ccb714cab1220.json,.body-content,0.90-3,125116,24391,15529,2643,3883,0.194947,
c4749900b7bda583,call-of-duty-modern-warfare-iii-play-maps-core-multiplayer-map-guide-greece-c4749900b7.html,https://www.callofduty.com/guides/multiplayer-maps/call-of-duty-modern-warfare-iii-play-maps-core-multiplayer-map-guide-greece,cleaned,data/clean/guides/c4749900b7bda583.json,.body-content,0.90-3,113676,14945,8285,1422,2072,0.13147,
f209092518984f40,call-of-duty-modern-warfare-iii-play-maps-core-multiplayer-map-guide-highrise-f209092518.html,https://www.callofduty.com/guides/multiplayer-maps/call-of-duty-modern-warfare-iii-play-maps-core-multiplayer-map-guide-highrise,cleaned,data/clean/guides/f209092518984f40.json,.body-content,0.90-3,123356,23022,14522,2489,3631,0.186631,
01e2147862c3196f,call-of-duty-modern-warfare-iii-play-maps-core-multiplayer-map-guide-invasion-01e2147862.html,https://www.callofduty.com/guides/multiplayer-maps/call-of-duty-modern-warfare-iii-play-maps-core-multiplayer-map-guide-invasion,cleaned,data/clean/guides/01e2147862c3196f.json,.body-content,0.90-3,124190,25365,15717,2677,3930,0.204243,
58daf3aafea16fe3,call-of-duty-modern-warfare-iii-play-maps-core-multiplayer-map-guide-karachi-58daf3aafe.html,https://www.callofduty.com/guides/multiplayer-maps/call-of-duty-modern-warfare-iii-play-maps-core-multiplayer-map-guide-karachi,cleaned,data/clean/guides/58daf3aafea16fe3.json,.body-content,0.90-3,122552,23649,15337,2667,3835,0.192971,
d9fa0bc433180abe,call-of-duty-modern-warfare-iii-play-maps-core-multiplayer-map-guide-operation-spearhead-d9fa0bc433.html,https://www.callofduty.com/guides/multiplayer-maps/call-of-duty-modern-warfare-iii-play-maps-core-multiplayer-map-guide-operation-spearhead,cleaned,data/clean/guides/d9fa0bc433180abe.json,.body-content,0.90-3,124305,22759,13896,2401,3474,0.18309,
515d23aabd477fd6,call-of-duty-modern-warfare-iii-play-maps-core-multiplayer-map-guide-orlove-military-base-515d23aabd.html,https://www.callofduty.com/guides/multiplayer-maps/call-of-duty-modern-warfare-iii-play-maps-core-multiplayer-map-guide-orlove-military-base,cleaned,data/clean/guides/515d23aabd477fd6.json,.body-content,0.90-3,118068,19533,11914,2095,2979,0.165439,
b2841163790c265b,call-of-duty-modern-warfare-iii-play-maps-core-multiplayer-map-guide-popov-power-b284116379.html,https://www.callofduty.com/guides/multiplayer-maps/call-of-duty-modern-warfare-iii-play-maps-core-multiplayer-map-guide-popov-power,cleaned,data/clean/guides/b2841163790c265b.json,.body-content,0.90-3,117958,19749,11852,2010,2963,0.167424,
d8fb1805d0085766,call-of-duty-modern-warfare-iii-play-maps-core-multiplayer-map-guide-quarry-d8fb1805d0.html,https://www.callofduty.com/guides/multiplayer-maps/call-of-duty-modern-warfare-iii-play-maps-core-multiplayer-map-guide-quarry,cleaned,data/clean/guides/d8fb1805d0085766.json,.body-content,0.90-3,122887,24300,15410,2579,3853,0.197743,
fe57bba22a3f312b,call-of-duty-modern-warfare-iii-play-maps-core-multiplayer-map-guide-rundown-fe57bba22a.html,https://www.callofduty.com/guides/multiplayer-maps/call-of-duty-modern-warfare-iii-play-maps-core-multiplayer-map-guide-rundown,cleaned,data/clean/guides/fe57bba22a3f312b.json,.body-content,0.90-3,124711,25744,16603,2884,4151,0.206429,
f71b9f4453adbc57,call-of-duty-modern-warfare-iii-play-maps-core-multiplayer-map-guide-rust-f71b9f4453.html,https://www.callofduty.com/guides/multiplayer-maps/call-of-duty-modern-warfare-iii-play-maps-core-multiplayer-map-guide-rust,cleaned,data/clean/guides/f71b9f4453adbc57.json,.body-content,0.90-3,119114,19249,11528,2038,2882,0.161601,
f443492617dd4446,call-of-duty-modern-warfare-iii-play-maps-core-multiplayer-map-guide-scrapyard-f443492617.html,https://www.callofduty.com/guides/multiplayer-maps/call-of-duty-modern-warfare-iii-play-maps-core-multiplayer-map-guide-scrapyard,cleaned,data/clean/guides/f443492617dd4446.json,.body-content,0.90-3,122747,23460,14613,2451,3654,0.191125,
e693d1ec5b9d04dc,call-of-duty-modern-warfare-iii-play-maps-core-multiplayer-map-guide-skidrow-e693d1ec5b.html,https://www.callofduty.com/guides/multiplayer-maps/call-of-duty-modern-warfare-iii-play-maps-core-multiplayer-map-guide-skidrow,cleaned,data/clean/guides/e693d1ec5b9d04dc.json,.body-content,0.90-3,123065,22754,13663,2353,3416,0.184894,
ee50f6dd23756422,call-of-duty-modern-warfare-iii-play-maps-core-multiplayer-map-guide-sub-base-ee50f6dd23.html,https://www.callofduty.com/guides/multiplayer-maps/call-of-duty-modern-warfare-iii-play-maps-core-multiplayer-map-guide-sub-base,cleaned,data/clean/guides/ee50f6dd23756422.json,.body-content,0.90-3,124888,26660,16593,2859,4149,0.213471,
3040884455c42775,call-of-duty-modern-warfare-iii-play-maps-core-multiplayer-map-guide-terminal-3040884455.html,https://www.callofduty.com/guides/multiplayer-maps/call-of-duty-modern-warfare-iii-play-maps-core-multiplayer-map-guide-terminal,cleaned,data/clean/guides/3040884455c42775.json,.body-content,0.90-3,122852,23890,14542,2491,3636,0.194462,
3d6ed7a0c6fd7790,call-of-duty-modern-warfare-iii-play-maps-core-multiplayer-map-guide-underpass-3d6ed7a0c6.html,https://www.callofduty.com/guides/multiplayer-maps/call-of-duty-modern-warfare-iii-play-maps-core-multiplayer-map-guide-underpass,cleaned,data/clean/guides/3d6ed7a0c6fd7790.json,.body-content,0.90-3,125300,26288,17115,2894,4279,0.2098,
fe85c40c2a4166b6,call-of-duty-modern-warfare-iii-play-maps-core-multiplayer-map-guide-wasteland-fe85c40c2a.html,https://www.callofduty.com/guides/multiplayer-maps/call-of-duty-modern-warfare-iii-play-maps-core-multiplayer-map-guide-wasteland,cleaned,data/clean/guides/fe85c40c2a4166b6.json,.body-content,0.90-3,122182,22761,14172,2420,3543,0.186288,
4edc574307a60a79,call-of-duty-modern-warfare-iii-play-maps-ground-war-invasion-guide-levin-resort-4edc574307.html,https://www.callofduty.com/guides/multiplayer-maps/call-of-duty-modern-warfare-iii-play-maps-ground-war-invasion-guide-levin-resort,cleaned,data/clean/guides/4edc574307a60a79.json,.body-content,0.90-3,115198,18213,10953,1897,2739,0.158102,
3273f5957b9595bf,call-of-duty-guides-modern-warfare-iii-mode-gunfight-3273f5957b.html,https://www.callofduty.com/guides/multiplayer-modes/call-of-duty-guides-modern-warfare-iii-mode-gunfight,cleaned,data/clean/guides/3273f5957b9595bf.json,.body-content,0.90-5,99142,10779,6135,1047,1534,0.108723,
fefe63a0a596b437,call-of-duty-modern-warfare-iii-play-guides-modes-search-destroy-fefe63a0a5.html,https://www.callofduty.com/guides/multiplayer-modes/call-of-duty-modern-warfare-iii-play-guides-modes-search-destroy,cleaned,data/clean/guides/fefe63a0a596b437.json,.body-content,0.90-5,104086,16473,10376,1843,2594,0.158263,
b16ad449d84f45fa,call-of-duty-modern-warfare-iii-play-modes-guides--ground-war-invasion-b16ad449d8.html,https://www.callofduty.com/guides/multiplayer-modes/call-of-duty-modern-warfare-iii-play-modes-guides--ground-war-invasion,cleaned,data/clean/guides/b16ad449d84f45fa.json,.body-content,0.90-5,101750,14531,8678,1497,2170,0.142811,
49f83f833b470af1,call-of-duty-modern-warfare-iii-play-modes-guides-control-49f83f833b.html,https://www.callofduty.com/guides/multiplayer-modes/call-of-duty-modern-warfare-iii-play-modes-guides-control,cleaned,data/clean/guides/49f83f833b470af1.json,.body-content,0.90-5,97105,8933,4760,816,1190,0.091993,
a4b8894bbfe1ff8c,call-of-duty-modern-warfare-iii-play-modes-guides-cutthroat-a4b8894bbf.html,https://www.callofduty.com/guides/multiplayer-modes/call-of-duty-modern-warfare-iii-play-modes-guides-cutthroat,cleaned,data/clean/guides/a4b8894bbfe1ff8c.json,.body-content,0.90-5,98752,10854,6249,1092,1563,0.109912,
36b0122a1bc43e68,call-of-duty-modern-warfare-iii-play-modes-guides-domination-36b0122a1b.html,https://www.callofduty.com/guides/multiplayer-modes/call-of-duty-modern-warfare-iii-play-modes-guides-domination,cleaned,data/clean/guides/36b0122a1bc43e68.json,.body-content,0.90-5,100180,11419,6479,1149,1620,0.113985,
4743d6c2deb09e3d,call-of-duty-modern-warfare-iii-play-modes-guides-free-for-all-4743d6c2de.html,https://www.callofduty.com/guides/multiplayer-modes/call-of-duty-modern-warfare-iii-play-modes-guides-free-for-all,cleaned,data/clean/guides/4743d6c2deb09e3d.json,.body-content,0.90-5,106125,8662,4608,765,1152,0.081621,
a135e20f1f7898da,call-of-duty-modern-warfare-iii-play-modes-guides-hardpoint-a135e20f1f.html,https://www.callofduty.com/guides/multiplayer-modes/call-of-duty-modern-warfare-iii-play-modes-guides-hardpoint,cleaned,data/clean/guides/a135e20f1f7898da.json,.body-content,0.90-5,97486,10406,5829,976,1458,0.106744,
3885dfb737885e7e,call-of-duty-modern-warfare-iii-play-modes-guides-kill-confirmed-3885dfb737.html,https://www.callofduty.com/guides/multiplayer-modes/call-of-duty-modern-warfare-iii-play-modes-guides-kill-confirmed,cleaned,data/clean/guides/3885dfb737885e7e.json,.body-content,0.90-5,97945,9810,5510,1001,1378,0.100158,
30fb1ee37a501de1,call-of-duty-modern-warfare-iii-play-modes-guides-war-30fb1ee37a.html,https://www.callofduty.com/guides/multiplayer-modes/call-of-duty-modern-warfare-iii-play-modes-guides-war,cleaned,data/clean/guides/30fb1ee37a501de1.json,.body-content,0.90-5,99099,12193,7280,1267,1820,0.123039,
262a02e3a64c2e9d,call-of-duty-modern-warfare-iii-play-modes-team-deathmatch-262a02e3a6.html,https://www.callofduty.com/guides/multiplayer-modes/call-of-duty-modern-warfare-iii-play-modes-team-deathmatch,cleaned,data/clean/guides/262a02e3a64c2e9d.json,.body-content,0.90-5,99816,11212,6599,1163,1650,0.112327,
970c92256bbd2d39,multiplayer-pre-game-970c92256b.html,https://www.callofduty.com/guides/multiplayer-pre-game,cleaned,data/clean/guides/970c92256bbd2d39.json,.atvi-rich-text,0.90-34,101419,817,62,9,16,0.008056,
f24e2228e1b7928b,call-of-duty-modern-warfare-III-campaign-play-guides-weapons-loadouts-f24e2228e1.html,https://www.callofduty.com/guides/multiplayer-pre-game/call-of-duty-modern-warfare-III-campaign-play-guides-weapons-loadouts,cleaned,data/clean/guides/f24e2228e1b7928b.json,.body-content,0.90-29,274282,109273,54303,9164,13576,0.398397,
b712c21c45b0ab13,call-of-duty-modern-warfare-iii-play-multiplayer-operators-factions-guide-b712c21c45.html,https://www.callofduty.com/guides/multiplayer-pre-game/call-of-duty-modern-warfare-iii-play-multiplayer-operators-factions-guide,cleaned,data/clean/guides/b712c21c45b0ab13.json,.body-content,0.90-9,92876,7520,3557,541,890,0.080968,
fee5e0134559cf8a,tac-atlas-urzikstan-fee5e01345.html,https://www.callofduty.com/guides/tac-atlas-urzikstan,unresolved,,,,265949,0,0,0,0,0,no_unique_chrome_free_safe_root
6a1c4d1f2ffe921c,tac-atlas-verdansk-6a1c4d1f2f.html,https://www.callofduty.com/guides/tac-atlas-verdansk,unresolved,,,,826115,0,0,0,0,0,no_unique_chrome_free_safe_root
bf70ebb9fea37e14,tac-atlas-wz-rebirth-island-bf70ebb9fe.html,https://www.callofduty.com/guides/tac-atlas-wz-rebirth-island,unresolved,,,,258934,0,0,0,0,0,no_unique_chrome_free_safe_root
4ca57e6c2bcc52f7,tac-maps-atlas-urzikstan-4ca57e6c2b.html,https://www.callofduty.com/guides/tac-maps-atlas-urzikstan,unresolved,,,,265949,0,0,0,0,0,no_unique_chrome_free_safe_root
8d2656584890433f,call-of-duty-guides-modern-warfare-iii-weapons-training-and-tactics-8d26565848.html,https://www.callofduty.com/guides/training/call-of-duty-guides-modern-warfare-iii-weapons-training-and-tactics,cleaned,data/clean/guides/8d2656584890433f.json,.body-content,0.90-27,299386,68746,39131,6569,9783,0.229623,
d26ca80395b13a9a,call-of-duty-guides-warzone-how-to-play-d26ca80395.html,https://www.callofduty.com/guides/training/call-of-duty-guides-warzone-how-to-play,cleaned,data/clean/guides/d26ca80395b13a9a.json,.body-content,0.90-12,173872,41805,24775,4259,6194,0.240435,
2dee2bdae8d5b929,call-of-duty-modern-warfare-III-campaign-play-guides-training-2dee2bdae8.html,https://www.callofduty.com/guides/training/call-of-duty-modern-warfare-III-campaign-play-guides-training,cleaned,data/clean/guides/2dee2bdae8d5b929.json,.body-content,0.90-5,110280,17910,10476,1721,2619,0.162405,
69a8e3ffcb4a7865,call-of-duty-modern-warfare-III-play-guides-multiplayer-movement-69a8e3ffcb.html,https://www.callofduty.com/guides/training/call-of-duty-modern-warfare-III-play-guides-multiplayer-movement,cleaned,data/clean/guides/69a8e3ffcb4a7865.json,.body-content,0.90-5,126987,30659,19593,3430,4899,0.241434,
d55450ebb727d07b,call-of-duty-modern-warfare-III-play-guides-training-controls-pc-d55450ebb7.html,https://www.callofduty.com/guides/training/call-of-duty-modern-warfare-III-play-guides-training-controls-pc,cleaned,data/clean/guides/d55450ebb727d07b.json,.body-content,0.90-5,105462,13815,9151,1514,2288,0.130995,
f61279e1c21be0f1,call-of-duty-modern-warfare-III-play-guides-training-controls-ps4-ps5-f61279e1c2.html,https://www.callofduty.com/guides/training/call-of-duty-modern-warfare-III-play-guides-training-controls-ps4-ps5,cleaned,data/clean/guides/f61279e1c21be0f1.json,.body-content,0.90-5,103603,12723,8047,1315,2012,0.122805,
37fad39bc31ffe97,call-of-duty-modern-warfare-III-play-guides-training-controls-xbox-series-s-xbox-series-x-37fad39bc3.html,https://www.callofduty.com/guides/training/call-of-duty-modern-warfare-III-play-guides-training-controls-xbox-series-s-xbox-series-x,cleaned,data/clean/guides/37fad39bc31ffe97.json,.body-content,0.90-5,103975,12849,8163,1326,2041,0.123578,
62839ca21805e797,call-of-duty-modern-warfare-III-training-multiplayer-how-to-play-62839ca218.html,https://www.callofduty.com/guides/training/call-of-duty-modern-warfare-III-training-multiplayer-how-to-play,unresolved,,,,141434,0,0,0,0,0,no_unique_chrome_free_safe_root
5bf261f64681de5d,call-of-duty-modern-warfare-iii-play-guides-training-rank-progression-leveling-up-5bf261f646.html,https://www.callofduty.com/guides/training/call-of-duty-modern-warfare-iii-play-guides-training-rank-progression-leveling-up,cleaned,data/clean/guides/5bf261f64681de5d.json,.body-content,0.90-5,109346,17169,10226,1698,2557,0.157015,
100640d0c7431cb5,call-of-duty-modern-warfare-iii-play-guides-training-weapons-camo-leveling-100640d0c7.html,https://www.callofduty.com/guides/training/call-of-duty-modern-warfare-iii-play-guides-training-weapons-camo-leveling,cleaned,data/clean/guides/100640d0c7431cb5.json,.body-content,0.90-9,120611,37094,17416,2745,4354,0.307551,
42ced3e1a47a0758,call-of-duty-modern-warfare-iii-play-guides-training-zombies-42ced3e1a4.html,https://www.callofduty.com/guides/training/call-of-duty-modern-warfare-iii-play-guides-training-zombies,cleaned,data/clean/guides/42ced3e1a47a0758.json,.body-content,0.90-5,148553,38232,24851,4361,6213,0.257363,
f4b44f871214a2b5,warzone-f4b44f8712.html,https://www.callofduty.com/guides/warzone,landing_index,,,,128684,0,0,0,0,0,classified_valid_landing_or_index_page
cf2ce40b83da3a07,avalon-cf2ce40b83.html,https://www.callofduty.com/guides/warzone/avalon,unresolved,,,,171152,0,0,0,0,0,no_unique_chrome_free_safe_root
96c0ab55ea3d2605,fortunes-keep-96c0ab55ea.html,https://www.callofduty.com/guides/warzone/fortunes-keep,unresolved,,,,134281,0,0,0,0,0,no_unique_chrome_free_safe_root
070edc585ed0eebb,havens-hollow-070edc585e.html,https://www.callofduty.com/guides/warzone/havens-hollow,unresolved,,,,112980,0,0,0,0,0,no_unique_chrome_free_safe_root
735ab2aee2a1ee60,rebirth-island-735ab2aee2.html,https://www.callofduty.com/guides/warzone/rebirth-island,unresolved,,,,122296,0,0,0,0,0,no_unique_chrome_free_safe_root
481a4ce521974612,call-of-duty-guide-modern-warfare-zombies-tactics-481a4ce521.html,https://www.callofduty.com/guides/zombies/call-of-duty-guide-modern-warfare-zombies-tactics,cleaned,data/clean/guides/481a4ce521974612.json,.body-content,0.90-5,138064,32254,18965,3242,4742,0.233616,
11c7f3bdc3c35c9c,call-of-duty-guides-black-ops-6-zombies-gobblegums-11c7f3bdc3.html,https://www.callofduty.com/guides/zombies/call-of-duty-guides-black-ops-6-zombies-gobblegums,cleaned,data/clean/guides/11c7f3bdc3c35c9c.json,.body-content,0.90-25,238633,82789,43702,7647,10926,0.34693,
82d8ac2ff8e0b384,call-of-duty-guides-modern-warfare-zombies-acquisitions-82d8ac2ff8.html,https://www.callofduty.com/guides/zombies/call-of-duty-guides-modern-warfare-zombies-acquisitions,cleaned,data/clean/guides/82d8ac2ff8e0b384.json,.body-content,0.90-5,155876,39805,26787,4591,6697,0.255363,
8001ee6f0e3ddda7,call-of-duty-guides-modern-warfare-zombies-bestiary-8001ee6f0e.html,https://www.callofduty.com/guides/zombies/call-of-duty-guides-modern-warfare-zombies-bestiary,cleaned,data/clean/guides/8001ee6f0e3ddda7.json,.body-content,0.90-5,180548,66562,42087,7262,10522,0.368667,
a18e84c720faecc5,call-of-duty-guides-modern-warfare-zombies-equipping-your-operator-a18e84c720.html,https://www.callofduty.com/guides/zombies/call-of-duty-guides-modern-warfare-zombies-equipping-your-operator,cleaned,data/clean/guides/a18e84c720faecc5.json,.body-content,0.90-5,195061,58963,30887,5356,7722,0.30228,
6cf130986377e674,call-of-duty-guides-modern-warfare-zombies-missions-and-progression-6cf1309863.html,https://www.callofduty.com/guides/zombies/call-of-duty-guides-modern-warfare-zombies-missions-and-progression,cleaned,data/clean/guides/6cf130986377e674.json,.body-content,0.90-12,162028,29026,17166,2977,4292,0.179142,
98133cc62cbe9d6d,call-of-duty-guides-modern-warfare-zombies-overview-and-lore-98133cc62c.html,https://www.callofduty.com/guides/zombies/call-of-duty-guides-modern-warfare-zombies-overview-and-lore,cleaned,data/clean/guides/98133cc62cbe9d6d.json,.body-content,0.90-5,147972,36063,23627,4214,5907,0.243715,
