guide_id,url,canonical_url,page_title,title_family,experience_if_explicit,guide_category_if_explicit,publication_or_update_date_if_explicit,discovery_source,source_file,retrieved_at
98afa6baff88a8db,https://callofduty.com/guides/blackops6,https://callofduty.com/guides/blackops6,Call of Duty®: Guides | Black Ops 6,Black Ops 6,,Guide,,internal_link,blackops6-98afa6baff.html,2026-09-18T06:49:00.287811+00:00
5d94162452704e65,https://callofduty.com/guides/blackops6/getting-started/call-of-duty-guides-black-ops-6-level-unlocks-player-level-1-55,https://callofduty.com/guides/blackops6/getting-started/call-of-duty-guides-black-ops-6-level-unlocks-player-level-1-55,Call of Duty | Guides - Black Ops 6 Level Unlocks: Player Level 1-55,Black Ops 6,,Guide,"October 21, 2024",internal_link,call-of-duty-guides-black-ops-6-level-unlocks-player-level-1-55-5d94162452.html,2026-09-18T06:49:00.355947+00:00
ac6946f5820b8b6a,https://callofduty.com/guides/blackops6/getting-started/call-of-duty-guides-black-ops-6-multiplayer-beta-everything-you-need-to-know,https://callofduty.com/guides/blackops6/getting-started/call-of-duty-guides-black-ops-6-multiplayer-beta-everything-you-need-to-know,Call of Duty | Guides - Black Ops 6 Multiplayer Beta — Everything You Need to Know,Black Ops 6,Multiplayer,Guide,"August 28, 2024",internal_link,call-of-duty-guides-black-ops-6-multiplayer-beta-everything-you-need-to-know-ac6946f582.html,2026-09-18T06:49:00.416983+00:00
8084da5b9e5788cf,https://callofduty.com/guides/blackops6/getting-started/call-of-duty-guides-black-ops-6-multiplayer-guide-cod-101-read-this-first,https://callofduty.com/guides/blackops6/getting-started/call-of-duty-guides-black-ops-6-multiplayer-guide-cod-101-read-this-first,Call of Duty | Guides - Black Ops 6 Multiplayer Guide — COD 101 - READ THIS FIRST,Black Ops 6,Multiplayer,Guide,"October 23, 2024",internal_link,call-of-duty-guides-black-ops-6-multiplayer-guide-cod-101-read-this-first-8084da5b9e.html,2026-09-18T06:49:00.433251+00:00
48b9fb5958e1b1b4,https://callofduty.com/guides/blackops6/modes/call-of-duty-guides-black-ops-6-multiplayer-mode-domination,https://callofduty.com/guides/blackops6/modes/call-of-duty-guides-black-ops-6-multiplayer-mode-domination,Call of Duty | Guides - Black Ops 6 Multiplayer Mode Guide — Domination,Black Ops 6,Multiplayer,Mode,"August 27, 2024",internal_link,call-of-duty-guides-black-ops-6-multiplayer-mode-domination-48b9fb5958.html,2026-09-18T06:49:00.450015+00:00
71e4f5784ca75c6c,https://callofduty.com/guides/blackops6/modes/call-of-duty-guides-black-ops-6-multiplayer-mode-guide-control,https://callofduty.com/guides/blackops6/modes/call-of-duty-guides-black-ops-6-multiplayer-mode-guide-control,Call of Duty | Guides - Black Ops 6 Multiplayer Mode Guide — Control,Black Ops 6,Multiplayer,Mode,"October 23, 2024",internal_link,call-of-duty-guides-black-ops-6-multiplayer-mode-guide-control-71e4f5784c.html,2026-09-18T06:49:00.464857+00:00
ce1781dfc18885ec,https://callofduty.com/guides/blackops6/modes/call-of-duty-guides-black-ops-6-multiplayer-mode-guide-face-off,https://callofduty.com/guides/blackops6/modes/call-of-duty-guides-black-ops-6-multiplayer-mode-guide-face-off,Call of Duty | Guides - Black Ops 6 Multiplayer Mode Guide — Face Off,Black Ops 6,Multiplayer,Mode,"October 23, 2024",internal_link,call-of-duty-guides-black-ops-6-multiplayer-mode-guide-face-off-ce1781dfc1.html,2026-09-18T06:49:00.481765+00:00
e4372a3cc79aad3f,https://callofduty.com/guides/blackops6/modes/call-of-duty-guides-black-ops-6-multiplayer-mode-guide-free-for-all,https://callofduty.com/guides/blackops6/modes/call-of-duty-guides-black-ops-6-multiplayer-mode-guide-free-for-all,Call of Duty | Guides - Black Ops 6 Multiplayer Mode Guide — Free For All,Black Ops 6,Multiplayer,Mode,"October 23, 2024",internal_link,call-of-duty-guides-black-ops-6-multiplayer-mode-guide-free-for-all-e4372a3cc7.html,2026-09-18T06:49:00.496008+00:00
6b24368309cb734a,https://callofduty.com/guides/blackops6/modes/call-of-duty-guides-black-ops-6-multiplayer-mode-guide-gunfight,https://callofduty.com/guides/blackops6/modes/call-of-duty-guides-black-ops-6-multiplayer-mode-guide-gunfight,Call of Duty | Guides - Black Ops 6 Multiplayer Mode Guide — Gunfight,Black Ops 6,Multiplayer,Mode,"October 23, 2024",internal_link,call-of-duty-guides-black-ops-6-multiplayer-mode-guide-gunfight-6b24368309.html,2026-09-18T06:49:00.512337+00:00
a6e454cae3ffd944,https://callofduty.com/guides/blackops6/modes/call-of-duty-guides-black-ops-6-multiplayer-mode-guide-hardpoint,https://callofduty.com/guides/blackops6/modes/call-of-duty-guides-black-ops-6-multiplayer-mode-guide-hardpoint,Call of Duty | Guides - Black Ops 6 Multiplayer Mode Guide — Hardpoint,Black Ops 6,Multiplayer,Mode,"October 23, 2024",internal_link,call-of-duty-guides-black-ops-6-multiplayer-mode-guide-hardpoint-a6e454cae3.html,2026-09-18T06:49:00.528470+00:00
3edfa5bd6b751aa7,https://callofduty.com/guides/blackops6/modes/call-of-duty-guides-black-ops-6-multiplayer-mode-guide-headquarters,https://callofduty.com/guides/blackops6/modes/call-of-duty-guides-black-ops-6-multiplayer-mode-guide-headquarters,Call of Duty | Guides - Black Ops 6 Multiplayer Mode Guide — Headquarters,Black Ops 6,Multiplayer,Mode,"October 23, 2024",internal_link,call-of-duty-guides-black-ops-6-multiplayer-mode-guide-headquarters-3edfa5bd6b.html,2026-09-18T06:49:00.542619+00:00
a6205d04459f05ab,https://callofduty.com/guides/blackops6/modes/call-of-duty-guides-black-ops-6-multiplayer-mode-guide-kill-confirmed,https://callofduty.com/guides/blackops6/modes/call-of-duty-guides-black-ops-6-multiplayer-mode-guide-kill-confirmed,Call of Duty | Guides - Black Ops 6 Multiplayer Mode Guide — Kill Confirmed,Black Ops 6,Multiplayer,Mode,"October 23, 2024",internal_link,call-of-duty-guides-black-ops-6-multiplayer-mode-guide-kill-confirmed-a6205d0445.html,2026-09-18T06:49:00.556536+00:00
e20ed3eb14f8c74d,https://callofduty.com/guides/blackops6/modes/call-of-duty-guides-black-ops-6-multiplayer-mode-guide-search-and-destroy,https://callofduty.com/guides/blackops6/modes/call-of-duty-guides-black-ops-6-multiplayer-mode-guide-search-and-destroy,Call of Duty | Guides - Black Ops 6 Multiplayer Mode Guide — Search & Destroy,Black Ops 6,Multiplayer,Mode,"October 23, 2024",internal_link,call-of-duty-guides-black-ops-6-multiplayer-mode-guide-search-and-destroy-e20ed3eb14.html,2026-09-18T06:49:00.573141+00:00
8865494a0742ac7d,https://callofduty.com/guides/blackops6/modes/call-of-duty-guides-black-ops-6-multiplayer-mode-kill-order,https://callofduty.com/guides/blackops6/modes/call-of-duty-guides-black-ops-6-multiplayer-mode-kill-order,Call of Duty | Guides - Black Ops 6 Multiplayer Mode Guide — Kill Order,Black Ops 6,Multiplayer,Mode,"October 23, 2024",internal_link,call-of-duty-guides-black-ops-6-multiplayer-mode-kill-order-8865494a07.html,2026-09-18T06:49:00.591784+00:00
5eb20fcb9b90efa6,https://callofduty.com/guides/blackops6/modes/call-of-duty-guides-black-ops-6-multiplayer-mode-team-deathmatch,https://callofduty.com/guides/blackops6/modes/call-of-duty-guides-black-ops-6-multiplayer-mode-team-deathmatch,Call of Duty | Guides - Black Ops 6 Multiplayer Mode Guide — Team Deathmatch,Black Ops 6,Multiplayer,Mode,"October 23, 2024",internal_link,call-of-duty-guides-black-ops-6-multiplayer-mode-team-deathmatch-5eb20fcb9b.html,2026-09-18T06:49:00.608558+00:00
9f697c270a342659,https://callofduty.com/guides/blackops6/multiplayer-maps/call-of-duty-guides-black-ops-6-multiplayer-map-guide-babylon,https://callofduty.com/guides/blackops6/multiplayer-maps/call-of-duty-guides-black-ops-6-multiplayer-map-guide-babylon,Call of Duty | Guides - Black Ops 6 Multiplayer Map Guide — Babylon,Black Ops 6,Multiplayer,Map,"October 23, 2024",internal_link,call-of-duty-guides-black-ops-6-multiplayer-map-guide-babylon-9f697c270a.html,2026-09-18T06:49:00.630118+00:00
a3320a6a3c38cc1d,https://callofduty.com/guides/blackops6/multiplayer-maps/call-of-duty-guides-black-ops-6-multiplayer-map-guide-barrage,https://callofduty.com/guides/blackops6/multiplayer-maps/call-of-duty-guides-black-ops-6-multiplayer-map-guide-barrage,Call of Duty | Guides - Black Ops 6 Multiplayer Map Guide — Barrage,Black Ops 6,Multiplayer,Map,"April 03, 2025",internal_link,call-of-duty-guides-black-ops-6-multiplayer-map-guide-barrage-a3320a6a3c.html,2026-09-18T06:49:00.649895+00:00
3861f2d258f2d960,https://callofduty.com/guides/blackops6/multiplayer-maps/call-of-duty-guides-black-ops-6-multiplayer-map-guide-blitz,https://callofduty.com/guides/blackops6/multiplayer-maps/call-of-duty-guides-black-ops-6-multiplayer-map-guide-blitz,Call of Duty | Guides - Black Ops 6 Multiplayer Map Guide — Blitz,Black Ops 6,Multiplayer,Map,"May 23, 2025",internal_link,call-of-duty-guides-black-ops-6-multiplayer-map-guide-blitz-3861f2d258.html,2026-09-18T06:49:00.682628+00:00
6cfdbb82dbca1dab,https://callofduty.com/guides/blackops6/multiplayer-maps/call-of-duty-guides-black-ops-6-multiplayer-map-guide-bounty,https://callofduty.com/guides/blackops6/multiplayer-maps/call-of-duty-guides-black-ops-6-multiplayer-map-guide-bounty,Call of Duty | Guides - Black Ops 6 Multiplayer Map Guide — Bounty,Black Ops 6,Multiplayer,Map,"January 24, 2025",internal_link,call-of-duty-guides-black-ops-6-multiplayer-map-guide-bounty-6cfdbb82db.html,2026-09-18T06:49:00.703333+00:00
6429f52c3536aff2,https://callofduty.com/guides/blackops6/multiplayer-maps/call-of-duty-guides-black-ops-6-multiplayer-map-guide-bullet,https://callofduty.com/guides/blackops6/multiplayer-maps/call-of-duty-guides-black-ops-6-multiplayer-map-guide-bullet,Call of Duty | Guides - Black Ops 6 Multiplayer Map Guide — Bullet,Black Ops 6,Multiplayer,Map,"February 19, 2025",internal_link,call-of-duty-guides-black-ops-6-multiplayer-map-guide-bullet-6429f52c35.html,2026-09-18T06:49:00.724482+00:00
41e13242037de8f5,https://callofduty.com/guides/blackops6/multiplayer-maps/call-of-duty-guides-black-ops-6-multiplayer-map-guide-dealership,https://callofduty.com/guides/blackops6/multiplayer-maps/call-of-duty-guides-black-ops-6-multiplayer-map-guide-dealership,Call of Duty | Guides - Black Ops 6 Multiplayer Map Guide — Dealership,Black Ops 6,Multiplayer,Map,"January 24, 2025",internal_link,call-of-duty-guides-black-ops-6-multiplayer-map-guide-dealership-41e1324203.html,2026-09-18T06:49:00.745454+00:00
e51cccf5a2f740bb,https://callofduty.com/guides/blackops6/multiplayer-maps/call-of-duty-guides-black-ops-6-multiplayer-map-guide-derelict,https://callofduty.com/guides/blackops6/multiplayer-maps/call-of-duty-guides-black-ops-6-multiplayer-map-guide-derelict,Call of Duty | Guides - Black Ops 6 Multiplayer Map Guide — Derelict,Black Ops 6,Multiplayer,Map,"August 27, 2024",internal_link,call-of-duty-guides-black-ops-6-multiplayer-map-guide-derelict-e51cccf5a2.html,2026-09-18T06:49:00.768120+00:00
e2babdbae0fa9eb7,https://callofduty.com/guides/blackops6/multiplayer-maps/call-of-duty-guides-black-ops-6-multiplayer-map-guide-eclipse,https://callofduty.com/guides/blackops6/multiplayer-maps/call-of-duty-guides-black-ops-6-multiplayer-map-guide-eclipse,Call of Duty | Guides - Black Ops 6 Multiplayer Map Guide — Eclipse,Black Ops 6,Multiplayer,Map,"June 26, 2025",internal_link,call-of-duty-guides-black-ops-6-multiplayer-map-guide-eclipse-e2babdbae0.html,2026-09-18T06:49:00.786166+00:00
e019b30406c62dab,https://callofduty.com/guides/blackops6/multiplayer-maps/call-of-duty-guides-black-ops-6-multiplayer-map-guide-exchange,https://callofduty.com/guides/blackops6/multiplayer-maps/call-of-duty-guides-black-ops-6-multiplayer-map-guide-exchange,Call of Duty | Guides - Black Ops 6 Multiplayer Map Guide — Exchange,Black Ops 6,Multiplayer,Map,"August 01, 2025",internal_link,call-of-duty-guides-black-ops-6-multiplayer-map-guide-exchange-e019b30406.html,2026-09-18T06:49:00.806442+00:00
35e3502f79b57b3f,https://callofduty.com/guides/blackops6/multiplayer-maps/call-of-duty-guides-black-ops-6-multiplayer-map-guide-extraction,https://callofduty.com/guides/blackops6/multiplayer-maps/call-of-duty-guides-black-ops-6-multiplayer-map-guide-extraction,Call of Duty | Guides - Black Ops 6 Multiplayer Map Guide — Extraction,Black Ops 6,Multiplayer,Map,"November 13, 2024",internal_link,call-of-duty-guides-black-ops-6-multiplayer-map-guide-extraction-35e3502f79.html,2026-09-18T06:49:00.826939+00:00
1e5c475c297ff5ca,https://callofduty.com/guides/blackops6/multiplayer-maps/call-of-duty-guides-black-ops-6-multiplayer-map-guide-firing-range,https://callofduty.com/guides/blackops6/multiplayer-maps/call-of-duty-guides-black-ops-6-multiplayer-map-guide-firing-range,Call of Duty | Guides - Black Ops 6 Multiplayer Map Guide — Firing Range,Black Ops 6,Multiplayer,Map,"April 03, 2025",internal_link,call-of-duty-guides-black-ops-6-multiplayer-map-guide-firing-range-1e5c475c29.html,2026-09-18T06:49:00.846930+00:00
5c43c01bf14061bc,https://callofduty.com/guides/blackops6/multiplayer-maps/call-of-duty-guides-black-ops-6-multiplayer-map-guide-fringe,https://callofduty.com/guides/blackops6/multiplayer-maps/call-of-duty-guides-black-ops-6-multiplayer-map-guide-fringe,Call of Duty | Guides - Black Ops 6 Multiplayer Map Guide — Fringe,Black Ops 6,Multiplayer,Map,"June 26, 2025",internal_link,call-of-duty-guides-black-ops-6-multiplayer-map-guide-fringe-5c43c01bf1.html,2026-09-18T06:49:00.867307+00:00
bca647023ba2b07d,https://callofduty.com/guides/blackops6/multiplayer-maps/call-of-duty-guides-black-ops-6-multiplayer-map-guide-fugitive,https://callofduty.com/guides/blackops6/multiplayer-maps/call-of-duty-guides-black-ops-6-multiplayer-map-guide-fugitive,Call of Duty | Guides - Black Ops 6 Multiplayer Map Guide — Fugitive,Black Ops 6,Multiplayer,Map,"May 23, 2025",internal_link,call-of-duty-guides-black-ops-6-multiplayer-map-guide-fugitive-bca647023b.html,2026-09-18T06:49:00.887109+00:00
ae7327a7b70a0819,https://callofduty.com/guides/blackops6/multiplayer-maps/call-of-duty-guides-black-ops-6-multiplayer-map-guide-gala,https://callofduty.com/guides/blackops6/multiplayer-maps/call-of-duty-guides-black-ops-6-multiplayer-map-guide-gala,Call of Duty | Guides - Black Ops 6 Multiplayer Map Guide — Gala,Black Ops 6,Multiplayer,Map,"August 27, 2024",internal_link,call-of-duty-guides-black-ops-6-multiplayer-map-guide-gala-ae7327a7b7.html,2026-09-18T06:49:00.906731+00:00
0136590d39e13a70,https://callofduty.com/guides/blackops6/multiplayer-maps/call-of-duty-guides-black-ops-6-multiplayer-map-guide-grind,https://callofduty.com/guides/blackops6/multiplayer-maps/call-of-duty-guides-black-ops-6-multiplayer-map-guide-grind,Call of Duty | Guides - Black Ops 6 Multiplayer Map Guide — Grind,Black Ops 6,Multiplayer,Map,"February 19, 2025",internal_link,call-of-duty-guides-black-ops-6-multiplayer-map-guide-grind-0136590d39.html,2026-09-18T06:49:00.943343+00:00
ae677cbca2217cc1,https://callofduty.com/guides/blackops6/multiplayer-maps/call-of-duty-guides-black-ops-6-multiplayer-map-guide-hacienda,https://callofduty.com/guides/blackops6/multiplayer-maps/call-of-duty-guides-black-ops-6-multiplayer-map-guide-hacienda,Call of Duty | Guides - Black Ops 6 Multiplayer Map Guide — Hacienda,Black Ops 6,Multiplayer,Map,"December 10, 2024",internal_link,call-of-duty-guides-black-ops-6-multiplayer-map-guide-hacienda-ae677cbca2.html,2026-09-18T06:49:00.964318+00:00
33231fe853de717e,https://callofduty.com/guides/blackops6/multiplayer-maps/call-of-duty-guides-black-ops-6-multiplayer-map-guide-haven,https://callofduty.com/guides/blackops6/multiplayer-maps/call-of-duty-guides-black-ops-6-multiplayer-map-guide-haven,Call of Duty | Guides - Black Ops 6 Multiplayer Map Guide — Haven,Black Ops 6,Multiplayer,Map,"April 29, 2025",internal_link,call-of-duty-guides-black-ops-6-multiplayer-map-guide-haven-33231fe853.html,2026-09-18T06:49:00.984557+00:00
c961aac531dd824b,https://callofduty.com/guides/blackops6/multiplayer-maps/call-of-duty-guides-black-ops-6-multiplayer-map-guide-heirloom,https://callofduty.com/guides/blackops6/multiplayer-maps/call-of-duty-guides-black-ops-6-multiplayer-map-guide-heirloom,Call of Duty | Guides - Black Ops 6 Multiplayer Map Guide — Heirloom,Black Ops 6,Multiplayer,Map,"November 13, 2024",internal_link,call-of-duty-guides-black-ops-6-multiplayer-map-guide-heirloom-c961aac531.html,2026-09-18T06:49:01.003513+00:00
7e894c1c0e6668d3,https://callofduty.com/guides/blackops6/multiplayer-maps/call-of-duty-guides-black-ops-6-multiplayer-map-guide-hideout,https://callofduty.com/guides/blackops6/multiplayer-maps/call-of-duty-guides-black-ops-6-multiplayer-map-guide-hideout,Call of Duty | Guides - Black Ops 6 Multiplayer Map Guide — Hideout,Black Ops 6,Multiplayer,Map,"November 13, 2024",internal_link,call-of-duty-guides-black-ops-6-multiplayer-map-guide-hideout-7e894c1c0e.html,2026-09-18T06:49:01.023474+00:00
37a8798ea6949450,https://callofduty.com/guides/blackops6/multiplayer-maps/call-of-duty-guides-black-ops-6-multiplayer-map-guide-jackpot,https://callofduty.com/guides/blackops6/multiplayer-maps/call-of-duty-guides-black-ops-6-multiplayer-map-guide-jackpot,Call of Duty | Guides - Black Ops 6 Multiplayer Map Guide — Jackpot,Black Ops 6,Multiplayer,Map,"September 02, 2025",internal_link,call-of-duty-guides-black-ops-6-multiplayer-map-guide-jackpot-37a8798ea6.html,2026-09-18T06:49:01.043481+00:00
19b8bf7b43e9d96b,https://callofduty.com/guides/blackops6/multiplayer-maps/call-of-duty-guides-black-ops-6-multiplayer-map-guide-lifeline,https://callofduty.com/guides/blackops6/multiplayer-maps/call-of-duty-guides-black-ops-6-multiplayer-map-guide-lifeline,Call of Duty | Guides - Black Ops 6 Multiplayer Map Guide — Lifeline,Black Ops 6,Multiplayer,Map,"January 24, 2025",internal_link,call-of-duty-guides-black-ops-6-multiplayer-map-guide-lifeline-19b8bf7b43.html,2026-09-18T06:49:01.062245+00:00
27806d1bd1feaaa3,https://callofduty.com/guides/blackops6/multiplayer-maps/call-of-duty-guides-black-ops-6-multiplayer-map-guide-lowtown,https://callofduty.com/guides/blackops6/multiplayer-maps/call-of-duty-guides-black-ops-6-multiplayer-map-guide-lowtown,Call of Duty | Guides - Black Ops 6 Multiplayer Map Guide — Lowtown,Black Ops 6,Multiplayer,Map,"October 23, 2024",internal_link,call-of-duty-guides-black-ops-6-multiplayer-map-guide-lowtown-27806d1bd1.html,2026-09-18T06:49:01.082428+00:00
9ffa53edfc3ccbf8,https://callofduty.com/guides/blackops6/multiplayer-maps/call-of-duty-guides-black-ops-6-multiplayer-map-guide-nomad,https://callofduty.com/guides/blackops6/multiplayer-maps/call-of-duty-guides-black-ops-6-multiplayer-map-guide-nomad,Call of Duty | Guides - Black Ops 6 Multiplayer Map Guide — Nomad,Black Ops 6,Multiplayer,Map,"April 02, 2025",internal_link,call-of-duty-guides-black-ops-6-multiplayer-map-guide-nomad-9ffa53edfc.html,2026-09-18T06:49:01.100778+00:00
c2fd2432e4804a50,https://callofduty.com/guides/blackops6/multiplayer-maps/call-of-duty-guides-black-ops-6-multiplayer-map-guide-payback,https://callofduty.com/guides/blackops6/multiplayer-maps/call-of-duty-guides-black-ops-6-multiplayer-map-guide-payback,Call of Duty | Guides - Black Ops 6 Multiplayer Map Guide — Payback,Black Ops 6,Multiplayer,Map,"October 23, 2024",internal_link,call-of-duty-guides-black-ops-6-multiplayer-map-guide-payback-c2fd2432e4.html,2026-09-18T06:49:01.120600+00:00
0c3bc50bdc66b280,https://callofduty.com/guides/blackops6/multiplayer-maps/call-of-duty-guides-black-ops-6-multiplayer-map-guide-pit,https://callofduty.com/guides/blackops6/multiplayer-maps/call-of-duty-guides-black-ops-6-multiplayer-map-guide-pit,Call of Duty | Guides - Black Ops 6 Multiplayer Map Guide — Pit,Black Ops 6,Multiplayer,Map,"August 27, 2024",internal_link,call-of-duty-guides-black-ops-6-multiplayer-map-guide-pit-0c3bc50bdc.html,2026-09-18T06:49:01.141560+00:00
b8b3b79b3cb20d48,https://callofduty.com/guides/blackops6/multiplayer-maps/call-of-duty-guides-black-ops-6-multiplayer-map-guide-protocol,https://callofduty.com/guides/blackops6/multiplayer-maps/call-of-duty-guides-black-ops-6-multiplayer-map-guide-protocol,Call of Duty | Guides - Black Ops 6 Multiplayer Map Guide — Protocol,Black Ops 6,Multiplayer,Map,"October 23, 2024",internal_link,call-of-duty-guides-black-ops-6-multiplayer-map-guide-protocol-b8b3b79b3c.html,2026-09-18T06:49:01.163873+00:00
3bbb63aeac3b0073,https://callofduty.com/guides/blackops6/multiplayer-maps/call-of-duty-guides-black-ops-6-multiplayer-map-guide-racket,https://callofduty.com/guides/blackops6/multiplayer-maps/call-of-duty-guides-black-ops-6-multiplayer-map-guide-racket,Call of Duty | Guides - Black Ops 6 Multiplayer Map Guide — Racket,Black Ops 6,Multiplayer,Map,"December 10, 2024",internal_link,call-of-duty-guides-black-ops-6-multiplayer-map-guide-racket-3bbb63aeac.html,2026-09-18T06:49:01.182298+00:00
b891803e2a1a1fe4,https://callofduty.com/guides/blackops6/multiplayer-maps/call-of-duty-guides-black-ops-6-multiplayer-map-guide-red-card,https://callofduty.com/guides/blackops6/multiplayer-maps/call-of-duty-guides-black-ops-6-multiplayer-map-guide-red-card,Call of Duty | Guides - Black Ops 6 Multiplayer Map Guide — Red Card,Black Ops 6,Multiplayer,Map,"October 23, 2024",internal_link,call-of-duty-guides-black-ops-6-multiplayer-map-guide-red-card-b891803e2a.html,2026-09-18T06:49:01.215517+00:00
8f42890d116e16a2,https://callofduty.com/guides/blackops6/multiplayer-maps/call-of-duty-guides-black-ops-6-multiplayer-map-guide-rewind,https://callofduty.com/guides/blackops6/multiplayer-maps/call-of-duty-guides-black-ops-6-multiplayer-map-guide-rewind,Call of Duty | Guides - Black Ops 6 Multiplayer Map Guide — Rewind,Black Ops 6,Multiplayer,Map,"August 27, 2024",internal_link,call-of-duty-guides-black-ops-6-multiplayer-map-guide-rewind-8f42890d11.html,2026-09-18T06:49:01.237450+00:00
9870980d7a7804f5,https://callofduty.com/guides/blackops6/multiplayer-maps/call-of-duty-guides-black-ops-6-multiplayer-map-guide-runway,https://callofduty.com/guides/blackops6/multiplayer-maps/call-of-duty-guides-black-ops-6-multiplayer-map-guide-runway,Call of Duty | Guides - Black Ops 6 Multiplayer Map Guide — Runway,Black Ops 6,Multiplayer,Map,"August 01, 2025",internal_link,call-of-duty-guides-black-ops-6-multiplayer-map-guide-runway-9870980d7a.html,2026-09-18T06:49:01.257402+00:00
c1eea509d12df21a,https://callofduty.com/guides/blackops6/multiplayer-maps/call-of-duty-guides-black-ops-6-multiplayer-map-guide-scud,https://callofduty.com/guides/blackops6/multiplayer-maps/call-of-duty-guides-black-ops-6-multiplayer-map-guide-scud,Call of Duty | Guides - Black Ops 6 Multiplayer Map Guide — Scud,Black Ops 6,Multiplayer,Map,"August 27, 2024",internal_link,call-of-duty-guides-black-ops-6-multiplayer-map-guide-scud-c1eea509d1.html,2026-09-18T06:49:01.278753+00:00
399ba5c3004e69b6,https://callofduty.com/guides/blackops6/multiplayer-maps/call-of-duty-guides-black-ops-6-multiplayer-map-guide-shutdown,https://callofduty.com/guides/blackops6/multiplayer-maps/call-of-duty-guides-black-ops-6-multiplayer-map-guide-shutdown,Call of Duty | Guides - Black Ops 6 Multiplayer Map Guide — Shutdown,Black Ops 6,Multiplayer,Map,"May 23, 2025",internal_link,call-of-duty-guides-black-ops-6-multiplayer-map-guide-shutdown-399ba5c300.html,2026-09-18T06:49:01.300272+00:00
1288a7426999758c,https://callofduty.com/guides/blackops6/multiplayer-maps/call-of-duty-guides-black-ops-6-multiplayer-map-guide-signal,https://callofduty.com/guides/blackops6/multiplayer-maps/call-of-duty-guides-black-ops-6-multiplayer-map-guide-signal,Call of Duty | Guides - Black Ops 6 Multiplayer Map Guide — Signal,Black Ops 6,Multiplayer,Map,"April 29, 2025",internal_link,call-of-duty-guides-black-ops-6-multiplayer-map-guide-signal-1288a74269.html,2026-09-18T06:49:01.319841+00:00
d5b7f7fd868249d2,https://callofduty.com/guides/blackops6/multiplayer-maps/call-of-duty-guides-black-ops-6-multiplayer-map-guide-skyline,https://callofduty.com/guides/blackops6/multiplayer-maps/call-of-duty-guides-black-ops-6-multiplayer-map-guide-skyline,Call of Duty | Guides - Black Ops 6 Multiplayer Map Guide — Skyline,Black Ops 6,Multiplayer,Map,"August 27, 2024",internal_link,call-of-duty-guides-black-ops-6-multiplayer-map-guide-skyline-d5b7f7fd86.html,2026-09-18T06:49:01.342650+00:00
5da6c8e6cd2f9e28,https://callofduty.com/guides/blackops6/multiplayer-maps/call-of-duty-guides-black-ops-6-multiplayer-map-guide-stakeout,https://callofduty.com/guides/blackops6/multiplayer-maps/call-of-duty-guides-black-ops-6-multiplayer-map-guide-stakeout,Call of Duty | Guides - Black Ops 6 Multiplayer Map Guide — Stakeout,Black Ops 6,Multiplayer,Map,"October 23, 2024",internal_link,call-of-duty-guides-black-ops-6-multiplayer-map-guide-stakeout-5da6c8e6cd.html,2026-09-18T06:49:01.363025+00:00
04877cbf785c028c,https://callofduty.com/guides/blackops6/multiplayer-maps/call-of-duty-guides-black-ops-6-multiplayer-map-guide-subsonic,https://callofduty.com/guides/blackops6/multiplayer-maps/call-of-duty-guides-black-ops-6-multiplayer-map-guide-subsonic,Call of Duty | Guides - Black Ops 6 Multiplayer Map Guide — Subsonic,Black Ops 6,Multiplayer,Map,"October 23, 2024",internal_link,call-of-duty-guides-black-ops-6-multiplayer-map-guide-subsonic-04877cbf78.html,2026-09-18T06:49:01.382905+00:00
2e802a9a29ab3eb7,https://callofduty.com/guides/blackops6/multiplayer-maps/call-of-duty-guides-black-ops-6-multiplayer-map-guide-vault,https://callofduty.com/guides/blackops6/multiplayer-maps/call-of-duty-guides-black-ops-6-multiplayer-map-guide-vault,Call of Duty | Guides - Black Ops 6 Multiplayer Map Guide — Vault,Black Ops 6,Multiplayer,Map,"October 23, 2024",internal_link,call-of-duty-guides-black-ops-6-multiplayer-map-guide-vault-2e802a9a29.html,2026-09-18T06:49:01.403155+00:00
d30661b5c97d18ed,https://callofduty.com/guides/blackops6/multiplayer-maps/call-of-duty-guides-black-ops-6-multiplayer-map-guide-vorkuta,https://callofduty.com/guides/blackops6/multiplayer-maps/call-of-duty-guides-black-ops-6-multiplayer-map-guide-vorkuta,Call of Duty | Guides - Black Ops 6 Multiplayer Map Guide — Vorkuta,Black Ops 6,Multiplayer,Map,"October 23, 2024",internal_link,call-of-duty-guides-black-ops-6-multiplayer-map-guide-vorkuta-d30661b5c9.html,2026-09-18T06:49:01.423444+00:00
19a19578abb43c97,https://callofduty.com/guides/blackops6/multiplayer-maps/call-of-duty-guides-black-ops-6-multiplayer-map-guide-warhead,https://callofduty.com/guides/blackops6/multiplayer-maps/call-of-duty-guides-black-ops-6-multiplayer-map-guide-warhead,Call of Duty | Guides - Black Ops 6 Multiplayer Map Guide — Warhead,Black Ops 6,Multiplayer,Map,"October 23, 2024",internal_link,call-of-duty-guides-black-ops-6-multiplayer-map-guide-warhead-19a19578ab.html,2026-09-18T06:49:01.443984+00:00
d4cbdbf21aaf6aa5,https://callofduty.com/guides/blackops6/multiplayer-maps/call-of-duty-guides-black-ops-6-multiplayer-map-guide-world-motor-dynasty-wmd,https://callofduty.com/guides/blackops6/multiplayer-maps/call-of-duty-guides-black-ops-6-multiplayer-map-guide-world-motor-dynasty-wmd,Call of Duty | Guides - Black Ops 6 Multiplayer Map Guide — World Motor Dynasty (W.M.D.),Black Ops 6,Multiplayer,Map,"August 01, 2025",internal_link,call-of-duty-guides-black-ops-6-multiplayer-map-guide-world-motor-dynasty-wmd-d4cbdbf21a.html,2026-09-18T06:49:01.480655+00:00
debfa21dd27904b3,https://callofduty.com/guides/blackops6/pre-game/call-of-duty-guides-black-ops-6-multiplayer-pre-game-weapons-and-loadouts,https://callofduty.com/guides/blackops6/pre-game/call-of-duty-guides-black-ops-6-multiplayer-pre-game-weapons-and-loadouts,Call of Duty | Guides - Black Ops 6 Multiplayer: Pre-Game — Weapons & Loadouts,Black Ops 6,Multiplayer,Weapon,"August 27, 2024",internal_link,call-of-duty-guides-black-ops-6-multiplayer-pre-game-weapons-and-loadouts-debfa21dd2.html,2026-09-18T06:49:01.575143+00:00
379fac00d418a094,https://callofduty.com/guides/blackops6/training/call-of-duty-guides-black-ops-6-multiplayer-how-to-play,https://callofduty.com/guides/blackops6/training/call-of-duty-guides-black-ops-6-multiplayer-how-to-play,Call of Duty | Guides - Black Ops 6 Multiplayer: How to Play,Black Ops 6,Multiplayer,Guide,"October 23, 2024",internal_link,call-of-duty-guides-black-ops-6-multiplayer-how-to-play-379fac00d4.html,2026-09-18T06:49:01.610999+00:00
8c113e8cc07f43d9,https://callofduty.com/guides/blackops6/training/call-of-duty-guides-black-ops-6-multiplayer-leveling-up-and-progression,https://callofduty.com/guides/blackops6/training/call-of-duty-guides-black-ops-6-multiplayer-leveling-up-and-progression,Call of Duty | Guides - Black Ops 6 Multiplayer Guide — Leveling Up and Progression,Black Ops 6,Multiplayer,Progression,"October 23, 2024",internal_link,call-of-duty-guides-black-ops-6-multiplayer-leveling-up-and-progression-8c113e8cc0.html,2026-09-18T06:49:01.627574+00:00
c8b7ac539a3aae09,https://callofduty.com/guides/blackops6/training/call-of-duty-guides-black-ops-6-multiplayer-training-controls,https://callofduty.com/guides/blackops6/training/call-of-duty-guides-black-ops-6-multiplayer-training-controls,Call of Duty | Guides - Black Ops 6 Multiplayer Training — Controls,Black Ops 6,Multiplayer,Guide,"October 23, 2024",internal_link,call-of-duty-guides-black-ops-6-multiplayer-training-controls-c8b7ac539a.html,2026-09-18T06:49:01.646398+00:00
dae307595fbbe664,https://callofduty.com/guides/blackops6/training/call-of-duty-guides-black-ops-6-multiplayer-training-movement,https://callofduty.com/guides/blackops6/training/call-of-duty-guides-black-ops-6-multiplayer-training-movement,Call of Duty | Guides - Black Ops 6 Multiplayer Training — Movement,Black Ops 6,Multiplayer,Guide,"October 23, 2024",internal_link,call-of-duty-guides-black-ops-6-multiplayer-training-movement-dae307595f.html,2026-09-18T06:49:01.670432+00:00
68184148ce5d6739,https://callofduty.com/guides/blackops6/zombies/call-of-duty-guides-black-ops-6-round-based-zombies-citadelle-des-morts,https://callofduty.com/guides/blackops6/zombies/call-of-duty-guides-black-ops-6-round-based-zombies-citadelle-des-morts,Call of Duty | Guides - Black Ops 6 Round Based Zombies — Citadelle des Morts,Black Ops 6,Zombies,Guide,"January 15, 2025",internal_link,call-of-duty-guides-black-ops-6-round-based-zombies-citadelle-des-morts-68184148ce.html,2026-09-18T06:49:01.707986+00:00
b37e97076848a83c,https://callofduty.com/guides/blackops6/zombies/call-of-duty-guides-black-ops-6-round-based-zombies-directed-mode-reckoning,https://callofduty.com/guides/blackops6/zombies/call-of-duty-guides-black-ops-6-round-based-zombies-directed-mode-reckoning,Call of Duty | Guides - Black Ops 6 Round Based Zombies Directed Mode — Reckoning,Black Ops 6,Zombies,Mode,"September 04, 2025",internal_link,call-of-duty-guides-black-ops-6-round-based-zombies-directed-mode-reckoning-b37e970768.html,2026-09-18T06:49:01.772544+00:00
a5acc4f66c014a13,https://callofduty.com/guides/blackops6/zombies/call-of-duty-guides-black-ops-6-round-based-zombies-directed-mode-shattered-veil,https://callofduty.com/guides/blackops6/zombies/call-of-duty-guides-black-ops-6-round-based-zombies-directed-mode-shattered-veil,Call of Duty | Guides - Black Ops 6 Round Based Zombies Directed Mode — Shattered Veil,Black Ops 6,Zombies,Mode,"May 08, 2025",internal_link,call-of-duty-guides-black-ops-6-round-based-zombies-directed-mode-shattered-veil-a5acc4f66c.html,2026-09-18T06:49:01.825551+00:00
abafc89ae4dfff23,https://callofduty.com/guides/blackops6/zombies/call-of-duty-guides-black-ops-6-round-based-zombies-liberty-falls,https://callofduty.com/guides/blackops6/zombies/call-of-duty-guides-black-ops-6-round-based-zombies-liberty-falls,Call of Duty | Guides - Black Ops 6 Round Based Zombies — Liberty Falls,Black Ops 6,Zombies,Guide,"November 21, 2024",internal_link,call-of-duty-guides-black-ops-6-round-based-zombies-liberty-falls-abafc89ae4.html,2026-09-18T06:49:01.846788+00:00
d35970dfab548e28,https://callofduty.com/guides/blackops6/zombies/call-of-duty-guides-black-ops-6-round-based-zombies-terminus,https://callofduty.com/guides/blackops6/zombies/call-of-duty-guides-black-ops-6-round-based-zombies-terminus,Call of Duty | Guides - Black Ops 6 Round Based Zombies — Terminus,Black Ops 6,Zombies,Guide,"November 21, 2024",internal_link,call-of-duty-guides-black-ops-6-round-based-zombies-terminus-d35970dfab.html,2026-09-18T06:49:01.875415+00:00
6748f352789e1ce9,https://callofduty.com/guides/blackops6/zombies/call-of-duty-guides-black-ops-6-round-based-zombies-the-tomb,https://callofduty.com/guides/blackops6/zombies/call-of-duty-guides-black-ops-6-round-based-zombies-the-tomb,Call of Duty | Guides - Black Ops 6 Round Based Zombies — The Tomb,Black Ops 6,Zombies,Guide,"February 20, 2025",internal_link,call-of-duty-guides-black-ops-6-round-based-zombies-the-tomb-6748f35278.html,2026-09-18T06:49:01.924871+00:00
51af434d27c59687,https://callofduty.com/guides/blackops6/zombies/call-of-duty-guides-black-ops-6-zombies-mode-guide-grief,https://callofduty.com/guides/blackops6/zombies/call-of-duty-guides-black-ops-6-zombies-mode-guide-grief,Call of Duty | Guides - Black Ops 6 Zombies Mode Guide — Grief,Black Ops 6,Zombies,Mode,"May 22, 2025",internal_link,call-of-duty-guides-black-ops-6-zombies-mode-guide-grief-51af434d27.html,2026-09-18T06:49:01.947958+00:00
1f82d077fe0c4297,https://callofduty.com/guides/blackops7,https://callofduty.com/guides/blackops7,Call of Duty®: Guides | Black Ops 7,Black Ops 7,,Guide,,internal_link,blackops7-1f82d077fe.html,2026-09-18T06:49:02.006357+00:00
ceb29d53d0a361c6,https://callofduty.com/guides/blackops7/modes/overload,https://callofduty.com/guides/blackops7/modes/overload,Call of Duty | Guides - Black Ops 7 Multiplayer Mode Guide — Overload,Black Ops 7,Multiplayer,Mode,"September 30, 2025",internal_link,overload-ceb29d53d0.html,2026-09-18T06:49:02.028035+00:00
9668ecaafb61f6df,https://callofduty.com/guides/blackops7/multiplayer-maps/blackheart,https://callofduty.com/guides/blackops7/multiplayer-maps/blackheart,Call of Duty | Black Ops 7 Multiplayer Map Guide — Blackheart,Black Ops 7,Multiplayer,Map,,internal_link,blackheart-9668ecaafb.html,2026-09-18T06:49:02.054254+00:00
d848e6a53fd28491,https://callofduty.com/guides/blackops7/multiplayer-maps/colossus,https://callofduty.com/guides/blackops7/multiplayer-maps/colossus,Call of Duty | Black Ops 7 Multiplayer Map Guide — Colossus,Black Ops 7,Multiplayer,Map,,internal_link,colossus-d848e6a53f.html,2026-09-18T06:49:02.079219+00:00
6eaa6545f9d834b4,https://callofduty.com/guides/blackops7/multiplayer-maps/cortex,https://callofduty.com/guides/blackops7/multiplayer-maps/cortex,Call of Duty | Black Ops 7 Multiplayer Map Guide — Cortex,Black Ops 7,Multiplayer,Map,,internal_link,cortex-6eaa6545f9.html,2026-09-18T06:49:02.106290+00:00
87ee72c6bc5a77c9,https://callofduty.com/guides/blackops7/multiplayer-maps/den,https://callofduty.com/guides/blackops7/multiplayer-maps/den,Call of Duty | Black Ops 7 Multiplayer Map Guide — Den,Black Ops 7,Multiplayer,Map,,internal_link,den-87ee72c6bc.html,2026-09-18T06:49:02.132636+00:00
c5ffd4dbabd7a7c7,https://callofduty.com/guides/blackops7/multiplayer-maps/exposure,https://callofduty.com/guides/blackops7/multiplayer-maps/exposure,Call of Duty | Black Ops 7 Multiplayer Map Guide — Exposure,Black Ops 7,Multiplayer,Map,,internal_link,exposure-c5ffd4dbab.html,2026-09-18T06:49:02.158689+00:00
19f1607b2ba67c31,https://callofduty.com/guides/blackops7/multiplayer-maps/express,https://callofduty.com/guides/blackops7/multiplayer-maps/express,Call of Duty | Black Ops 7 Multiplayer Map Guide — Express,Black Ops 7,Multiplayer,Map,,internal_link,express-19f1607b2b.html,2026-09-18T06:49:02.183888+00:00
87055415d741a1c3,https://callofduty.com/guides/blackops7/multiplayer-maps/fate,https://callofduty.com/guides/blackops7/multiplayer-maps/fate,Fate,,,,,internal_link,fate-87055415d7.html,2026-09-18T06:49:02.209758+00:00
7a90ee32cee9fceb,https://callofduty.com/guides/blackops7/multiplayer-maps/flagship,https://callofduty.com/guides/blackops7/multiplayer-maps/flagship,Call of Duty | Black Ops 7 Multiplayer Map Guide — Flagship,Black Ops 7,Multiplayer,Map,,internal_link,flagship-7a90ee32ce.html,2026-09-18T06:49:02.250321+00:00
9dd7dfac388e46ac,https://callofduty.com/guides/blackops7/multiplayer-maps/hijacked,https://callofduty.com/guides/blackops7/multiplayer-maps/hijacked,Call of Duty | Black Ops 7 Multiplayer Map Guide — Hijacked,Black Ops 7,Multiplayer,Map,,internal_link,hijacked-9dd7dfac38.html,2026-09-18T06:49:02.275877+00:00
7821dfc2e2156c92,https://callofduty.com/guides/blackops7/multiplayer-maps/homestead,https://callofduty.com/guides/blackops7/multiplayer-maps/homestead,Call of Duty | Black Ops 7 Multiplayer Map Guide — Homestead,Black Ops 7,Multiplayer,Map,,internal_link,homestead-7821dfc2e2.html,2026-09-18T06:49:02.300731+00:00
91337b92406308ff,https://callofduty.com/guides/blackops7/multiplayer-maps/imprint,https://callofduty.com/guides/blackops7/multiplayer-maps/imprint,Call of Duty | Black Ops 7 Multiplayer Map Guide — Imprint,Black Ops 7,Multiplayer,Map,,internal_link,imprint-91337b9240.html,2026-09-18T06:49:02.326158+00:00
d88296f017104d00,https://callofduty.com/guides/blackops7/multiplayer-maps/nuketown-2025,https://callofduty.com/guides/blackops7/multiplayer-maps/nuketown-2025,Nuketown 2025,,,,,internal_link,nuketown-2025-d88296f017.html,2026-09-18T06:49:02.351933+00:00
5da7aea209a8cfac,https://callofduty.com/guides/blackops7/multiplayer-maps/odysseus,https://callofduty.com/guides/blackops7/multiplayer-maps/odysseus,Odysseus,,,,,internal_link,odysseus-5da7aea209.html,2026-09-18T06:49:02.377883+00:00
bd00e620a9428cf0,https://callofduty.com/guides/blackops7/multiplayer-maps/paranoia,https://callofduty.com/guides/blackops7/multiplayer-maps/paranoia,Call of Duty | Black Ops 7 Multiplayer Map Guide — Paranoia,Black Ops 7,Multiplayer,Map,,internal_link,paranoia-bd00e620a9.html,2026-09-18T06:49:02.402731+00:00
bc289e3f2d2755e3,https://callofduty.com/guides/blackops7/multiplayer-maps/raid,https://callofduty.com/guides/blackops7/multiplayer-maps/raid,Call of Duty | Black Ops 7 Multiplayer Map Guide — Raid,Black Ops 7,Multiplayer,Map,,internal_link,raid-bc289e3f2d.html,2026-09-18T06:49:02.427541+00:00
9e44eee5bc5bdecd,https://callofduty.com/guides/blackops7/multiplayer-maps/retrieval,https://callofduty.com/guides/blackops7/multiplayer-maps/retrieval,Call of Duty | Black Ops 7 Multiplayer Map Guide — Retrieval,Black Ops 7,Multiplayer,Map,,internal_link,retrieval-9e44eee5bc.html,2026-09-18T06:49:02.452680+00:00
35151c927b93e1be,https://callofduty.com/guides/blackops7/multiplayer-maps/s01/fringe,https://callofduty.com/guides/blackops7/multiplayer-maps/s01/fringe,Fringe,,,,,internal_link,fringe-35151c927b.html,2026-09-18T06:49:02.478842+00:00
e6e251a562f43014,https://callofduty.com/guides/blackops7/multiplayer-maps/s01/meltdown,https://callofduty.com/guides/blackops7/multiplayer-maps/s01/meltdown,Meltdown,,,,,internal_link,meltdown-e6e251a562.html,2026-09-18T06:49:02.522311+00:00
3d02faf92ee9b301,https://callofduty.com/guides/blackops7/multiplayer-maps/s01/yakei,https://callofduty.com/guides/blackops7/multiplayer-maps/s01/yakei,Yakei,,,,,internal_link,yakei-3d02faf92e.html,2026-09-18T06:49:02.548849+00:00
a82e751cf063354b,https://callofduty.com/guides/blackops7/multiplayer-maps/s02/cliff-town,https://callofduty.com/guides/blackops7/multiplayer-maps/s02/cliff-town,Cliff Town,,,,,internal_link,cliff-town-a82e751cf0.html,2026-09-18T06:49:02.575582+00:00
c1b2b5aca5a936e7,https://callofduty.com/guides/blackops7/multiplayer-maps/s02/firing-range,https://callofduty.com/guides/blackops7/multiplayer-maps/s02/firing-range,Firing Range,,,,,internal_link,firing-range-c1b2b5aca5.html,2026-09-18T06:49:02.603018+00:00
89413baa7bbf4a9b,https://callofduty.com/guides/blackops7/multiplayer-maps/s02/grind,https://callofduty.com/guides/blackops7/multiplayer-maps/s02/grind,Grind,,,,,internal_link,grind-89413baa7b.html,2026-09-18T06:49:02.629551+00:00
48951999d5100928,https://callofduty.com/guides/blackops7/multiplayer-maps/s02/nexus,https://callofduty.com/guides/blackops7/multiplayer-maps/s02/nexus,Nexus,,,,,internal_link,nexus-48951999d5.html,2026-09-18T06:49:02.655976+00:00
585bcee2d7730cac,https://callofduty.com/guides/blackops7/multiplayer-maps/s02/sake,https://callofduty.com/guides/blackops7/multiplayer-maps/s02/sake,Sake,,,,,internal_link,sake-585bcee2d7.html,2026-09-18T06:49:02.682929+00:00
588e3aa80d7a2b56,https://callofduty.com/guides/blackops7/multiplayer-maps/s02/slums,https://callofduty.com/guides/blackops7/multiplayer-maps/s02/slums,Slums,,,,,internal_link,slums-588e3aa80d.html,2026-09-18T06:49:02.709842+00:00
71a92b30e36ae1b1,https://callofduty.com/guides/blackops7/multiplayer-maps/s02/torment,https://callofduty.com/guides/blackops7/multiplayer-maps/s02/torment,Torment,,,,,internal_link,torment-71a92b30e3.html,2026-09-18T06:49:02.736049+00:00
4fb8de464a01058c,https://callofduty.com/guides/blackops7/multiplayer-maps/s02/torque,https://callofduty.com/guides/blackops7/multiplayer-maps/s02/torque,Torque,,,,,internal_link,torque-4fb8de464a.html,2026-09-18T06:49:02.761888+00:00
c43e5f59b3c1de73,https://callofduty.com/guides/blackops7/multiplayer-maps/s03/abyss,https://callofduty.com/guides/blackops7/multiplayer-maps/s03/abyss,Abyss,,,,,internal_link,abyss-c43e5f59b3.html,2026-09-18T06:49:02.805204+00:00
90fb185d50ea7949,https://callofduty.com/guides/blackops7/multiplayer-maps/s03/beacon,https://callofduty.com/guides/blackops7/multiplayer-maps/s03/beacon,Beacon,,,,,internal_link,beacon-90fb185d50.html,2026-09-18T06:49:02.831853+00:00
412dad7f23dce42e,https://callofduty.com/guides/blackops7/multiplayer-maps/s03/gridlock,https://callofduty.com/guides/blackops7/multiplayer-maps/s03/gridlock,Gridlock,,,,,internal_link,gridlock-412dad7f23.html,2026-09-18T06:49:02.858042+00:00
e28106a27627657b,https://callofduty.com/guides/blackops7/multiplayer-maps/s03/hacienda,https://callofduty.com/guides/blackops7/multiplayer-maps/s03/hacienda,Hacienda,,,,,internal_link,hacienda-e28106a276.html,2026-09-18T06:49:02.881650+00:00
eeaec8537381cafc,https://callofduty.com/guides/blackops7/multiplayer-maps/s03/onsen,https://callofduty.com/guides/blackops7/multiplayer-maps/s03/onsen,Onsen,,,,,internal_link,onsen-eeaec85373.html,2026-09-18T06:49:02.905788+00:00
4c124722db8093eb,https://callofduty.com/guides/blackops7/multiplayer-maps/s03/plaza,https://callofduty.com/guides/blackops7/multiplayer-maps/s03/plaza,Plaza,,,,,internal_link,plaza-4c124722db.html,2026-09-18T06:49:02.932115+00:00
578b239bb8fc43f8,https://callofduty.com/guides/blackops7/multiplayer-maps/s03/summit,https://callofduty.com/guides/blackops7/multiplayer-maps/s03/summit,Summit,,,,,internal_link,summit-578b239bb8.html,2026-09-18T06:49:02.956386+00:00
08eb9116e05e79a8,https://callofduty.com/guides/blackops7/multiplayer-maps/s04/launch,https://callofduty.com/guides/blackops7/multiplayer-maps/s04/launch,Launch,,,,,internal_link,launch-08eb9116e0.html,2026-09-18T06:49:02.980502+00:00
f96c54cd9f972acf,https://callofduty.com/guides/blackops7/multiplayer-maps/s04/liminal,https://callofduty.com/guides/blackops7/multiplayer-maps/s04/liminal,Liminal,,,,,internal_link,liminal-f96c54cd9f.html,2026-09-18T06:49:03.002489+00:00
d7cf2a98dab7376e,https://callofduty.com/guides/blackops7/multiplayer-maps/s04/primetime,https://callofduty.com/guides/blackops7/multiplayer-maps/s04/primetime,Primetime,,,,,internal_link,primetime-d7cf2a98da.html,2026-09-18T06:49:03.026442+00:00
9a0531d068487676,https://callofduty.com/guides/blackops7/multiplayer-maps/s04/vertigo,https://callofduty.com/guides/blackops7/multiplayer-maps/s04/vertigo,Vertigo,,,,,internal_link,vertigo-9a0531d068.html,2026-09-18T06:49:03.050128+00:00
4929a5b6ddf4c100,https://callofduty.com/guides/blackops7/multiplayer-maps/s04/zenith,https://callofduty.com/guides/blackops7/multiplayer-maps/s04/zenith,Zenith,,,,,internal_link,zenith-4929a5b6dd.html,2026-09-18T06:49:03.087809+00:00
deaf926ba8d8270a,https://callofduty.com/guides/blackops7/multiplayer-maps/s05/dig,https://callofduty.com/guides/blackops7/multiplayer-maps/s05/dig,Dig,,,,,internal_link,dig-deaf926ba8.html,2026-09-18T06:49:03.112656+00:00
3ffad92b1b02afd7,https://callofduty.com/guides/blackops7/multiplayer-maps/s05/frequency,https://callofduty.com/guides/blackops7/multiplayer-maps/s05/frequency,Frequency,,,,,internal_link,frequency-3ffad92b1b.html,2026-09-18T06:49:03.136445+00:00
1915dbe5adf3e176,https://callofduty.com/guides/blackops7/multiplayer-maps/s05/jubilee,https://callofduty.com/guides/blackops7/multiplayer-maps/s05/jubilee,Jubilee,,,,,internal_link,jubilee-1915dbe5ad.html,2026-09-18T06:49:03.160029+00:00
a1e5d5751118fc24,https://callofduty.com/guides/blackops7/multiplayer-maps/s05/turbo-tilt,https://callofduty.com/guides/blackops7/multiplayer-maps/s05/turbo-tilt,Turbo Tilt,,,,,internal_link,turbo-tilt-a1e5d57511.html,2026-09-18T06:49:03.182643+00:00
b5d927dbfec29ab2,https://callofduty.com/guides/blackops7/multiplayer-maps/s06/quantum,https://callofduty.com/guides/blackops7/multiplayer-maps/s06/quantum,Quantum,,,,,internal_link,quantum-b5d927dbfe.html,2026-09-18T06:49:03.206195+00:00
bca015f6e412fc5f,https://callofduty.com/guides/blackops7/multiplayer-maps/scar,https://callofduty.com/guides/blackops7/multiplayer-maps/scar,Call of Duty | Black Ops 7 Multiplayer Map Guide — Scar,Black Ops 7,Multiplayer,Map,,internal_link,scar-bca015f6e4.html,2026-09-18T06:49:03.231096+00:00
04c738119529380e,https://callofduty.com/guides/blackops7/multiplayer-maps/standoff,https://callofduty.com/guides/blackops7/multiplayer-maps/standoff,Standoff,,,,,internal_link,standoff-04c7381195.html,2026-09-18T06:49:03.257599+00:00
e0f4b8856fd3ea63,https://callofduty.com/guides/blackops7/multiplayer-maps/the-forge,https://callofduty.com/guides/blackops7/multiplayer-maps/the-forge,Call of Duty | Guides - Black Ops 7 Multiplayer Map Guide — The Forge,Black Ops 7,Multiplayer,Map,,internal_link,the-forge-e0f4b8856f.html,2026-09-18T06:49:03.283298+00:00
4beaff3af3d24915,https://callofduty.com/guides/blackops7/multiplayer-maps/toshin,https://callofduty.com/guides/blackops7/multiplayer-maps/toshin,Call of Duty | Black Ops 7 Multiplayer Map Guide — Toshin,Black Ops 7,Multiplayer,Map,,internal_link,toshin-4beaff3af3.html,2026-09-18T06:49:03.309264+00:00
eb63fa3d95417cab,https://callofduty.com/guides/blackops7/multiplayer-maps/utopia,https://callofduty.com/guides/blackops7/multiplayer-maps/utopia,Utopia,,,,,internal_link,utopia-eb63fa3d95.html,2026-09-18T06:49:03.349415+00:00
85a0c34210b80b0b,https://callofduty.com/guides/blackops7/training/cod-101,https://callofduty.com/guides/blackops7/training/cod-101,COD 101,,,,"November 12, 2025",internal_link,cod-101-85a0c34210.html,2026-09-18T06:49:03.370023+00:00
a444dd623c7609af,https://callofduty.com/guides/blackops7/weapons,https://callofduty.com/guides/blackops7/weapons,Call of Duty®: Guides | Black Ops 7,Black Ops 7,,Guide,,internal_link,weapons-a444dd623c.html,2026-09-18T06:49:03.408860+00:00
430cf6e3f8440c42,https://callofduty.com/guides/blackops7/weapons/assault-rifle/ak-27,https://callofduty.com/guides/blackops7/weapons/assault-rifle/ak-27,AK-27,,,,"November 13, 2025",internal_link,ak-27-430cf6e3f8.html,2026-09-18T06:49:04.091498+00:00
390705730ccf0f29,https://callofduty.com/guides/blackops7/weapons/assault-rifle/ds20-mirage,https://callofduty.com/guides/blackops7/weapons/assault-rifle/ds20-mirage,DS20 Mirage,,,,"November 13, 2025",internal_link,ds20-mirage-390705730c.html,2026-09-18T06:49:04.738236+00:00
0501d922888adefc,https://callofduty.com/guides/blackops7/weapons/assault-rifle/m15-mod-0,https://callofduty.com/guides/blackops7/weapons/assault-rifle/m15-mod-0,M15 MOD 0,,,,"November 13, 2025",internal_link,m15-mod-0-0501d92288.html,2026-09-18T06:49:05.393342+00:00
85d0db80a8a045a3,https://callofduty.com/guides/blackops7/weapons/assault-rifle/maddox-rfb,https://callofduty.com/guides/blackops7/weapons/assault-rifle/maddox-rfb,Maddox RFB,,,,"December 04, 2025",internal_link,maddox-rfb-85d0db80a8.html,2026-09-18T06:49:06.056986+00:00
5272399036794d77,https://callofduty.com/guides/blackops7/weapons/assault-rifle/mxr-17,https://callofduty.com/guides/blackops7/weapons/assault-rifle/mxr-17,MXR-17,,,,"November 13, 2025",internal_link,mxr-17-5272399036.html,2026-09-18T06:49:06.709721+00:00
d63c4a4733f8a48b,https://callofduty.com/guides/blackops7/weapons/assault-rifle/peacekeeper-mk1,https://callofduty.com/guides/blackops7/weapons/assault-rifle/peacekeeper-mk1,Peacekeeper MK1,,,,"November 13, 2025",internal_link,peacekeeper-mk1-d63c4a4733.html,2026-09-18T06:49:07.361303+00:00
cf649941c526a935,https://callofduty.com/guides/blackops7/weapons/assault-rifle/s02/egrt-17,https://callofduty.com/guides/blackops7/weapons/assault-rifle/s02/egrt-17,EGRT-17,,,,"January 29, 2026",internal_link,egrt-17-cf649941c5.html,2026-09-18T06:49:08.005599+00:00
e3a82f8f6a75dac7,https://callofduty.com/guides/blackops7/weapons/assault-rifle/s02/voyak-kt-3,https://callofduty.com/guides/blackops7/weapons/assault-rifle/s02/voyak-kt-3,Voyak KT-3,,,,"March 23, 2026",internal_link,voyak-kt-3-e3a82f8f6a.html,2026-09-18T06:49:08.675214+00:00
87644492ee5877ac,https://callofduty.com/guides/blackops7/weapons/assault-rifle/s03/mk35-isr,https://callofduty.com/guides/blackops7/weapons/assault-rifle/s03/mk35-isr,MK35-ISR,,,,"March 25, 2026",internal_link,mk35-isr-87644492ee.html,2026-09-18T06:49:09.339663+00:00
faea137f5056d709,https://callofduty.com/guides/blackops7/weapons/assault-rifle/s05/fg42,https://callofduty.com/guides/blackops7/weapons/assault-rifle/s05/fg42,FG42,,,,"August 04, 2026",internal_link,fg42-faea137f50.html,2026-09-18T06:49:09.986476+00:00
17b4a22290ef34e2,https://callofduty.com/guides/blackops7/weapons/assault-rifle/x9-maverick,https://callofduty.com/guides/blackops7/weapons/assault-rifle/x9-maverick,X9 Maverick,,,,"November 13, 2025",internal_link,x9-maverick-17b4a22290.html,2026-09-18T06:49:10.632509+00:00
d3d3118784d7c2b5,https://callofduty.com/guides/blackops7/weapons/launcher/aarow-109,https://callofduty.com/guides/blackops7/weapons/launcher/aarow-109,Aarow 109,,,,"November 13, 2025",internal_link,aarow-109-d3d3118784.html,2026-09-18T06:49:11.296533+00:00
ead6c4c1976ba9a6,https://callofduty.com/guides/blackops7/weapons/launcher/arc-m1,https://callofduty.com/guides/blackops7/weapons/launcher/arc-m1,A.R.C. M1,,,,"November 13, 2025",internal_link,arc-m1-ead6c4c197.html,2026-09-18T06:49:11.975482+00:00
899c78c411510a8b,https://callofduty.com/guides/blackops7/weapons/lmg/mk-78,https://callofduty.com/guides/blackops7/weapons/lmg/mk-78,Mk.78,,,,"November 13, 2025",internal_link,mk-78-899c78c411.html,2026-09-18T06:49:12.639781+00:00
ae0207f6f46ee725,https://callofduty.com/guides/blackops7/weapons/lmg/s05/mammoth,https://callofduty.com/guides/blackops7/weapons/lmg/s05/mammoth,Mammoth,,,,"August 13, 2026",internal_link,mammoth-ae0207f6f4.html,2026-09-18T06:49:13.285431+00:00
3b83280b701d78c0,https://callofduty.com/guides/blackops7/weapons/lmg/sokol-545,https://callofduty.com/guides/blackops7/weapons/lmg/sokol-545,Sokol 545,,,,"November 13, 2025",internal_link,sokol-545-3b83280b70.html,2026-09-18T06:49:13.953108+00:00
6bfd0e6bb06debd5,https://callofduty.com/guides/blackops7/weapons/lmg/xm325,https://callofduty.com/guides/blackops7/weapons/lmg/xm325,XM325,,,,"November 13, 2025",internal_link,xm325-6bfd0e6bb0.html,2026-09-18T06:49:14.597779+00:00
d2826d0469561c2b,https://callofduty.com/guides/blackops7/weapons/marksman-rifle/KRS-762,https://callofduty.com/guides/blackops7/weapons/marksman-rifle/KRS-762,KRS-7.62,,,,"June 02, 2026",internal_link,KRS-762-d2826d0469.html,2026-09-18T06:49:15.256044+00:00
2161774a170dc5da,https://callofduty.com/guides/blackops7/weapons/marksman-rifle/m34-novaline,https://callofduty.com/guides/blackops7/weapons/marksman-rifle/m34-novaline,M34 Novaline,,,,"November 13, 2025",internal_link,m34-novaline-2161774a17.html,2026-09-18T06:49:15.913057+00:00
6e4deca0da5b826f,https://callofduty.com/guides/blackops7/weapons/marksman-rifle/m8a1,https://callofduty.com/guides/blackops7/weapons/marksman-rifle/m8a1,M8A1,,,,"November 13, 2025",internal_link,m8a1-6e4deca0da.html,2026-09-18T06:49:16.551935+00:00
e244af902af0d542,https://callofduty.com/guides/blackops7/weapons/marksman-rifle/swordfish-a1,https://callofduty.com/guides/blackops7/weapons/marksman-rifle/swordfish-a1,Swordfish A1,,,,"November 17, 2025",internal_link,swordfish-a1-e244af902a.html,2026-09-18T06:49:17.196287+00:00
27d15df59eaa27b9,https://callofduty.com/guides/blackops7/weapons/marksman-rifle/warden-308,https://callofduty.com/guides/blackops7/weapons/marksman-rifle/warden-308,Warden 308,,,,"November 13, 2025",internal_link,warden-308-27d15df59e.html,2026-09-18T06:49:17.843174+00:00
ff2c337d7b77fb82,https://callofduty.com/guides/blackops7/weapons/melee/ballistic-knife,https://callofduty.com/guides/blackops7/weapons/melee/ballistic-knife,Ballistic Knife,,,,"December 04, 2025",internal_link,ballistic-knife-ff2c337d7b.html,2026-09-18T06:49:18.508727+00:00
c0880d1e495802d4,https://callofduty.com/guides/blackops7/weapons/melee/flatline-mk-ii,https://callofduty.com/guides/blackops7/weapons/melee/flatline-mk-ii,Flatline MK.II,,,,"November 13, 2025",internal_link,flatline-mk-ii-c0880d1e49.html,2026-09-18T06:49:19.154640+00:00
d5476514622787d2,https://callofduty.com/guides/blackops7/weapons/melee/knife,https://callofduty.com/guides/blackops7/weapons/melee/knife,Knife,,,,"November 13, 2025",internal_link,knife-d547651462.html,2026-09-18T06:49:19.800426+00:00
23d25e3b41a35351,https://callofduty.com/guides/blackops7/weapons/melee/s02/h311-saw,https://callofduty.com/guides/blackops7/weapons/melee/s02/h311-saw,H311-SAW,,,,"January 29, 2026",internal_link,h311-saw-23d25e3b41.html,2026-09-18T06:49:20.455005+00:00
66cd18039069ea12,https://callofduty.com/guides/blackops7/weapons/melee/s03/katana,https://callofduty.com/guides/blackops7/weapons/melee/s03/katana,Katana,,,,"May 13, 2026",internal_link,katana-66cd180390.html,2026-09-18T06:49:21.105273+00:00
f7bbe0e78d08a5dc,https://callofduty.com/guides/blackops7/weapons/melee/s05/mace,https://callofduty.com/guides/blackops7/weapons/melee/s05/mace,Mace,,,,"August 13, 2026",internal_link,mace-f7bbe0e78d.html,2026-09-18T06:49:21.796645+00:00
d6d561456fdc8ee7,https://callofduty.com/guides/blackops7/weapons/pistol/coda-9,https://callofduty.com/guides/blackops7/weapons/pistol/coda-9,Coda 9,,,,"November 13, 2025",internal_link,coda-9-d6d561456f.html,2026-09-18T06:49:22.471606+00:00
8ff62011666a4f89,https://callofduty.com/guides/blackops7/weapons/pistol/jager-45,https://callofduty.com/guides/blackops7/weapons/pistol/jager-45,Jäger 45,,,,"November 13, 2025",internal_link,jager-45-8ff6201166.html,2026-09-18T06:49:23.118983+00:00
8e28f7814bd0c201,https://callofduty.com/guides/blackops7/weapons/pistol/s03/1911,https://callofduty.com/guides/blackops7/weapons/pistol/s03/1911,1911,,,,"April 16, 2026",internal_link,1911-8e28f7814b.html,2026-09-18T06:49:23.784858+00:00
1a5f742dea38f41c,https://callofduty.com/guides/blackops7/weapons/pistol/velox-5-7,https://callofduty.com/guides/blackops7/weapons/pistol/velox-5-7,Velox 5.7,,,,"November 13, 2025",internal_link,velox-5-7-1a5f742dea.html,2026-09-18T06:49:24.450746+00:00
be641c531ccf88d5,https://callofduty.com/guides/blackops7/weapons/shotgun/akita,https://callofduty.com/guides/blackops7/weapons/shotgun/akita,Akita,,,,"November 13, 2025",internal_link,akita-be641c531c.html,2026-09-18T06:49:25.105293+00:00
371a087e80e59588,https://callofduty.com/guides/blackops7/weapons/shotgun/echo-12,https://callofduty.com/guides/blackops7/weapons/shotgun/echo-12,Echo 12,,,,"November 13, 2025",internal_link,echo-12-371a087e80.html,2026-09-18T06:49:25.755709+00:00
3c7491e6f02e4d72,https://callofduty.com/guides/blackops7/weapons/shotgun/m10-breacher,https://callofduty.com/guides/blackops7/weapons/shotgun/m10-breacher,M10 Breacher,,,,"November 13, 2025",internal_link,m10-breacher-3c7491e6f0.html,2026-09-18T06:49:26.403044+00:00
5f4cc33e566b7932,https://callofduty.com/guides/blackops7/weapons/shotgun/sg-12,https://callofduty.com/guides/blackops7/weapons/shotgun/sg-12,SG-12,,,,"March 11, 2026",internal_link,sg-12-5f4cc33e56.html,2026-09-18T06:49:27.078550+00:00
b3489a2e841d5d83,https://callofduty.com/guides/blackops7/weapons/smg/carbon-57,https://callofduty.com/guides/blackops7/weapons/smg/carbon-57,Carbon 57,,,,"November 13, 2025",internal_link,carbon-57-b3489a2e84.html,2026-09-18T06:49:27.749398+00:00
b0250221756a4ee0,https://callofduty.com/guides/blackops7/weapons/smg/dravec-45,https://callofduty.com/guides/blackops7/weapons/smg/dravec-45,Dravec 45,,,,"November 13, 2025",internal_link,dravec-45-b025022175.html,2026-09-18T06:49:28.384074+00:00
a7e6714b8a61d525,https://callofduty.com/guides/blackops7/weapons/smg/kogot-7,https://callofduty.com/guides/blackops7/weapons/smg/kogot-7,Kogot-7,,,,"December 04, 2025",internal_link,kogot-7-a7e6714b8a.html,2026-09-18T06:49:29.032376+00:00
dc8c0ec17f9fb4b3,https://callofduty.com/guides/blackops7/weapons/smg/mpc-25,https://callofduty.com/guides/blackops7/weapons/smg/mpc-25,MPC-25,,,,"November 13, 2025",internal_link,mpc-25-dc8c0ec17f.html,2026-09-18T06:49:29.672370+00:00
2931c3d3e20041dd,https://callofduty.com/guides/blackops7/weapons/smg/razor-9mm,https://callofduty.com/guides/blackops7/weapons/smg/razor-9mm,Razor 9mm,,,,"November 13, 2025",internal_link,razor-9mm-2931c3d3e2.html,2026-09-18T06:49:30.320612+00:00
09f6421e8393e1c5,https://callofduty.com/guides/blackops7/weapons/smg/rk-9,https://callofduty.com/guides/blackops7/weapons/smg/rk-9,RK-9,,,,"November 13, 2025",internal_link,rk-9-09f6421e83.html,2026-09-18T06:49:30.985632+00:00
3c60238edce9e2ce,https://callofduty.com/guides/blackops7/weapons/smg/ryden-45k,https://callofduty.com/guides/blackops7/weapons/smg/ryden-45k,Ryden 45k,,,,"November 13, 2025",internal_link,ryden-45k-3c60238edc.html,2026-09-18T06:49:31.654945+00:00
6e1a039e8a04dc3f,https://callofduty.com/guides/blackops7/weapons/smg/s02/rev-46,https://callofduty.com/guides/blackops7/weapons/smg/s02/rev-46,Rev-46,,,,"January 29, 2026",internal_link,rev-46-6e1a039e8a.html,2026-09-18T06:49:32.313646+00:00
5410450181f4fef1,https://callofduty.com/guides/blackops7/weapons/smg/s03/vst,https://callofduty.com/guides/blackops7/weapons/smg/s03/vst,VST,,,,"March 25, 2026",internal_link,vst-5410450181.html,2026-09-18T06:49:32.992174+00:00
f227eb622626ce69,https://callofduty.com/guides/blackops7/weapons/smg/s04/cbrs-3,https://callofduty.com/guides/blackops7/weapons/smg/s04/cbrs-3,CBRS-3,,,,"June 02, 2026",internal_link,cbrs-3-f227eb6226.html,2026-09-18T06:49:33.650398+00:00
54aaa97b6eeb0ea5,https://callofduty.com/guides/blackops7/weapons/smg/s05/gremlin,https://callofduty.com/guides/blackops7/weapons/smg/s05/gremlin,Gremlin,,,,"August 13, 2026",internal_link,gremlin-54aaa97b6e.html,2026-09-18T06:49:34.292776+00:00
007ef52e767bf094,https://callofduty.com/guides/blackops7/weapons/smg/sturmwolf-45,https://callofduty.com/guides/blackops7/weapons/smg/sturmwolf-45,Sturmwolf 45,,,,"December 04, 2025",internal_link,sturmwolf-45-007ef52e76.html,2026-09-18T06:49:34.953423+00:00
d482357c628d08c4,https://callofduty.com/guides/blackops7/weapons/sniper-rifle/hawker-hx,https://callofduty.com/guides/blackops7/weapons/sniper-rifle/hawker-hx,Hawker HX,,,,"December 04, 2025",internal_link,hawker-hx-d482357c62.html,2026-09-18T06:49:35.609999+00:00
837d6566b3871697,https://callofduty.com/guides/blackops7/weapons/sniper-rifle/s03/strider-300,https://callofduty.com/guides/blackops7/weapons/sniper-rifle/s03/strider-300,Strider 300,,,,"April 09, 2026",internal_link,strider-300-837d6566b3.html,2026-09-18T06:49:36.279174+00:00
0668127e472c9986,https://callofduty.com/guides/blackops7/weapons/sniper-rifle/vs-recon,https://callofduty.com/guides/blackops7/weapons/sniper-rifle/vs-recon,VS Recon,,,,"November 13, 2025",internal_link,vs-recon-0668127e47.html,2026-09-18T06:49:36.946196+00:00
f6c0298db9798d71,https://callofduty.com/guides/blackops7/weapons/sniper-rifle/xr-3-ion,https://callofduty.com/guides/blackops7/weapons/sniper-rifle/xr-3-ion,XR-3 Ion,,,,"November 13, 2025",internal_link,xr-3-ion-f6c0298db9.html,2026-09-18T06:49:37.598103+00:00
92afb70d75959d9d,https://callofduty.com/guides/blackops7/weapons/special/gdl-havoc,https://callofduty.com/guides/blackops7/weapons/special/gdl-havoc,GDL Havoc,,,,"March 11, 2026",internal_link,gdl-havoc-92afb70d75.html,2026-09-18T06:49:38.241418+00:00
c4c4c238e231c70a,https://callofduty.com/guides/blackops7/weapons/special/nx-ravager,https://callofduty.com/guides/blackops7/weapons/special/nx-ravager,NX Ravager,,,,"December 04, 2025",internal_link,nx-ravager-c4c4c238e2.html,2026-09-18T06:49:38.894399+00:00
ee66053fbc3f7281,https://callofduty.com/guides/blackops7/weapons/special/s03/siren,https://callofduty.com/guides/blackops7/weapons/special/s03/siren,Siren,,,,"May 13, 2026",internal_link,siren-ee66053fbc.html,2026-09-18T06:49:39.553763+00:00
2501c002156bc545,https://callofduty.com/guides/blackops7/weapons/special/s04/grimhawk,https://callofduty.com/guides/blackops7/weapons/special/s04/grimhawk,Grimhawk,,,,"June 18, 2026",internal_link,grimhawk-2501c00215.html,2026-09-18T06:49:40.227942+00:00
2048dcf0423101da,https://callofduty.com/guides/blackops7/zombies/ashes-of-the-damned,https://callofduty.com/guides/blackops7/zombies/ashes-of-the-damned,Ashes of the Damned,,,,,internal_link,ashes-of-the-damned-2048dcf042.html,2026-09-18T06:49:40.248586+00:00
c55ab48d226ac8bb,https://callofduty.com/guides/blackops7/zombies/astra-malorum,https://callofduty.com/guides/blackops7/zombies/astra-malorum,Astra Malorum,,,,,internal_link,astra-malorum-c55ab48d22.html,2026-09-18T06:49:40.269629+00:00
67000e556a68cc5f,https://callofduty.com/guides/blackops7/zombies/gobblegums,https://callofduty.com/guides/blackops7/zombies/gobblegums,GobbleGums,,,,"November 12, 2025",internal_link,gobblegums-67000e556a.html,2026-09-18T06:49:40.338790+00:00
d0d4538947a84594,https://callofduty.com/guides/blackops7/zombies/kowakujo,https://callofduty.com/guides/blackops7/zombies/kowakujo,Kowakujo,,,,,internal_link,kowakujo-d0d4538947.html,2026-09-18T06:49:40.362727+00:00
46c7341e6d98f639,https://callofduty.com/guides/blackops7/zombies/paradox-junction,https://callofduty.com/guides/blackops7/zombies/paradox-junction,Paradox Junction,,,,,internal_link,paradox-junction-46c7341e6d.html,2026-09-18T06:49:40.384308+00:00
0387fe4bfa50a3de,https://callofduty.com/guides/blackops7/zombies/survival-vandorn-farm,https://callofduty.com/guides/blackops7/zombies/survival-vandorn-farm,Call of Duty | Guides - Black Ops 7 Zombies Survival Map Guide — Vandorn Farm,Black Ops 7,Zombies,Map,"September 30, 2025",internal_link,survival-vandorn-farm-0387fe4bfa.html,2026-09-18T06:49:40.402655+00:00
778b2a28e6456fa7,https://callofduty.com/guides/blackops7/zombies/totenreich-starting-room,https://callofduty.com/guides/blackops7/zombies/totenreich-starting-room,Totenreich (Starting Room),,,,,internal_link,totenreich-starting-room-778b2a28e6.html,2026-09-18T06:49:40.441412+00:00
bbdf20c9510407fa,https://callofduty.com/guides/getting-started/call-of-duty-modern-warfare-iii-play-guides-getting-started-cod-101,https://callofduty.com/guides/getting-started/call-of-duty-modern-warfare-iii-play-guides-getting-started-cod-101,Call of Duty | Guides - Modern Warfare III COD 101,Modern Warfare III,,Mode,,internal_link,call-of-duty-modern-warfare-iii-play-guides-getting-started-cod-101-bbdf20c951.html,2026-09-18T06:49:40.463033+00:00
21ab44977d4f3a8a,https://callofduty.com/guides/getting-started/call-of-duty-modern-warfare-iii-play-guides-getting-started-guide,https://callofduty.com/guides/getting-started/call-of-duty-modern-warfare-iii-play-guides-getting-started-guide,Call of Duty | Guides - Modern Warfare III Getting Started,Modern Warfare III,,Mode,,internal_link,call-of-duty-modern-warfare-iii-play-guides-getting-started-guide-21ab44977d.html,2026-09-18T06:49:40.496382+00:00
ebfc633185992144,https://callofduty.com/guides/getting-started/call-of-duty-modern-warfare-iii-play-guides-getting-started-in-game-terms,https://callofduty.com/guides/getting-started/call-of-duty-modern-warfare-iii-play-guides-getting-started-in-game-terms,Call of Duty | Guides - Modern Warfare III In-Game Terms: Learn the Lingo of Call of Duty: Modern Warfare III,Modern Warfare III,,Mode,,internal_link,call-of-duty-modern-warfare-iii-play-guides-getting-started-in-game-terms-ebfc633185.html,2026-09-18T06:49:40.520709+00:00
bc714ae29625df87,https://callofduty.com/guides/mobile,https://callofduty.com/guides/mobile,Call of Duty®: Guides | Call of Duty Mobile,,,Guide,,internal_link,mobile-bc714ae296.html,2026-09-18T06:49:40.545171+00:00
0e4e5724083dbc51,https://callofduty.com/guides/mobile/dmz-recon-101-how-to-play,https://callofduty.com/guides/mobile/dmz-recon-101-how-to-play,DMZ: Recon 101 How to Play,,,,"December 08, 2025",internal_link,dmz-recon-101-how-to-play-0e4e572408.html,2026-09-18T06:49:40.566307+00:00
5153f83fc19808ef,https://callofduty.com/guides/mobile/dmz-recon-rebirth-island,https://callofduty.com/guides/mobile/dmz-recon-rebirth-island,Rebirth Island,,,,,internal_link,dmz-recon-rebirth-island-5153f83fc1.html,2026-09-18T06:49:40.590505+00:00
1bda7745145430c6,https://callofduty.com/guides/mobile/serpent-island,https://callofduty.com/guides/mobile/serpent-island,DMZ Recon Serpent Island,,,,,internal_link,serpent-island-1bda774514.html,2026-09-18T06:49:40.615696+00:00
fdd28e9b8c03792d,https://callofduty.com/guides/modernwarfare3,https://callofduty.com/guides/modernwarfare3,Call of Duty®: Guides | Modern Warfare® III,,,Mode,,internal_link,modernwarfare3-fdd28e9b8c.html,2026-09-18T06:49:40.662714+00:00
378e5b95d41e1fed,https://callofduty.com/guides/multiplayer-maps/call-of-duty-guide-modern-warfare-iii-multiplayer-map-meat,https://callofduty.com/guides/multiplayer-maps/call-of-duty-guide-modern-warfare-iii-multiplayer-map-meat,Call of Duty | Guides - Modern Warfare III Multiplayer Map — Meat,Modern Warfare III,Multiplayer,Map,,internal_link,call-of-duty-guide-modern-warfare-iii-multiplayer-map-meat-378e5b95d4.html,2026-09-18T06:49:40.701615+00:00
d99f96abeb81b107,https://callofduty.com/guides/multiplayer-maps/call-of-duty-guides-modern-warfare-iii-multiplayer-map-guide-6-star,https://callofduty.com/guides/multiplayer-maps/call-of-duty-guides-modern-warfare-iii-multiplayer-map-guide-6-star,Call of Duty | Guides - Modern Warfare III Multiplayer Map Guide — 6 Star,Modern Warfare III,Multiplayer,Map,,internal_link,call-of-duty-guides-modern-warfare-iii-multiplayer-map-guide-6-star-d99f96abeb.html,2026-09-18T06:49:40.727466+00:00
4c7b4ac731406527,https://callofduty.com/guides/multiplayer-maps/call-of-duty-guides-modern-warfare-iii-multiplayer-map-guide-bait,https://callofduty.com/guides/multiplayer-maps/call-of-duty-guides-modern-warfare-iii-multiplayer-map-guide-bait,Call of Duty | Guides - Modern Warfare III Multiplayer Map Guide — Bait,Modern Warfare III,Multiplayer,Map,,internal_link,call-of-duty-guides-modern-warfare-iii-multiplayer-map-guide-bait-4c7b4ac731.html,2026-09-18T06:49:40.754821+00:00
d41e8660074534a1,https://callofduty.com/guides/multiplayer-maps/call-of-duty-guides-modern-warfare-iii-multiplayer-map-guide-checkpoint,https://callofduty.com/guides/multiplayer-maps/call-of-duty-guides-modern-warfare-iii-multiplayer-map-guide-checkpoint,Call of Duty | Guides - Modern Warfare III Multiplayer Map Guide — Checkpoint,Modern Warfare III,Multiplayer,Map,,internal_link,call-of-duty-guides-modern-warfare-iii-multiplayer-map-guide-checkpoint-d41e866007.html,2026-09-18T06:49:40.780599+00:00
6afc9b83bbcfa740,https://callofduty.com/guides/multiplayer-maps/call-of-duty-guides-modern-warfare-iii-multiplayer-map-guide-departures,https://callofduty.com/guides/multiplayer-maps/call-of-duty-guides-modern-warfare-iii-multiplayer-map-guide-departures,Call of Duty | Guides - Modern Warfare III Multiplayer Map Guide — Departures,Modern Warfare III,Multiplayer,Map,,internal_link,call-of-duty-guides-modern-warfare-iii-multiplayer-map-guide-departures-6afc9b83bb.html,2026-09-18T06:49:40.805466+00:00
14ab4ff0ba7534e1,https://callofduty.com/guides/multiplayer-maps/call-of-duty-guides-modern-warfare-iii-multiplayer-map-guide-emergency,https://callofduty.com/guides/multiplayer-maps/call-of-duty-guides-modern-warfare-iii-multiplayer-map-guide-emergency,Call of Duty | Guides - Modern Warfare III Multiplayer Map Guide — Emergency,Modern Warfare III,Multiplayer,Map,,internal_link,call-of-duty-guides-modern-warfare-iii-multiplayer-map-guide-emergency-14ab4ff0ba.html,2026-09-18T06:49:40.831754+00:00
e21345d620a840e2,https://callofduty.com/guides/multiplayer-maps/call-of-duty-guides-modern-warfare-iii-multiplayer-map-guide-farm-18,https://callofduty.com/guides/multiplayer-maps/call-of-duty-guides-modern-warfare-iii-multiplayer-map-guide-farm-18,Call of Duty | Guides - Modern Warfare III Multiplayer Map Guide — Farm 18,Modern Warfare III,Multiplayer,Map,,internal_link,call-of-duty-guides-modern-warfare-iii-multiplayer-map-guide-farm-18-e21345d620.html,2026-09-18T06:49:40.858208+00:00
8cd18416e4ca1d7d,https://callofduty.com/guides/multiplayer-maps/call-of-duty-guides-modern-warfare-iii-multiplayer-map-guide-grime,https://callofduty.com/guides/multiplayer-maps/call-of-duty-guides-modern-warfare-iii-multiplayer-map-guide-grime,Call of Duty | Guides - Modern Warfare III Multiplayer Map Guide — Grime,Modern Warfare III,Multiplayer,Map,,internal_link,call-of-duty-guides-modern-warfare-iii-multiplayer-map-guide-grime-8cd18416e4.html,2026-09-18T06:49:40.885419+00:00
e63d464a04ce91bc,https://callofduty.com/guides/multiplayer-maps/call-of-duty-guides-modern-warfare-iii-multiplayer-map-guide-growhouse,https://callofduty.com/guides/multiplayer-maps/call-of-duty-guides-modern-warfare-iii-multiplayer-map-guide-growhouse,Call of Duty | Guides - Modern Warfare III Multiplayer Map Guide — Growhouse,Modern Warfare III,Multiplayer,Map,,internal_link,call-of-duty-guides-modern-warfare-iii-multiplayer-map-guide-growhouse-e63d464a04.html,2026-09-18T06:49:40.910659+00:00
66ddb628d3e9ce4c,https://callofduty.com/guides/multiplayer-maps/call-of-duty-guides-modern-warfare-iii-multiplayer-map-guide-incline,https://callofduty.com/guides/multiplayer-maps/call-of-duty-guides-modern-warfare-iii-multiplayer-map-guide-incline,Call of Duty | Guides - Modern Warfare III Multiplayer Map Guide — Incline,Modern Warfare III,Multiplayer,Map,,internal_link,call-of-duty-guides-modern-warfare-iii-multiplayer-map-guide-incline-66ddb628d3.html,2026-09-18T06:49:40.938778+00:00
aa17934246a9b526,https://callofduty.com/guides/multiplayer-maps/call-of-duty-guides-modern-warfare-iii-multiplayer-map-guide-mercado-las-almas,https://callofduty.com/guides/multiplayer-maps/call-of-duty-guides-modern-warfare-iii-multiplayer-map-guide-mercado-las-almas,Call of Duty | Guides - Modern Warfare III Multiplayer Map Guide — Mercado Las Almas,Modern Warfare III,Multiplayer,Map,,internal_link,call-of-duty-guides-modern-warfare-iii-multiplayer-map-guide-mercado-las-almas-aa17934246.html,2026-09-18T06:49:40.980333+00:00
52a9e6ff534d21a6,https://callofduty.com/guides/multiplayer-maps/call-of-duty-guides-modern-warfare-iii-multiplayer-map-guide-operation-das-haus,https://callofduty.com/guides/multiplayer-maps/call-of-duty-guides-modern-warfare-iii-multiplayer-map-guide-operation-das-haus,Call of Duty | Guides - Modern Warfare III Multiplayer Map Guide — Das Haus,Modern Warfare III,Multiplayer,Map,,internal_link,call-of-duty-guides-modern-warfare-iii-multiplayer-map-guide-operation-das-haus-52a9e6ff53.html,2026-09-18T06:49:41.005824+00:00
248130276ff11206,https://callofduty.com/guides/multiplayer-maps/call-of-duty-guides-modern-warfare-iii-multiplayer-map-guide-operation-tin-man,https://callofduty.com/guides/multiplayer-maps/call-of-duty-guides-modern-warfare-iii-multiplayer-map-guide-operation-tin-man,Call of Duty | Guides - Modern Warfare III Multiplayer Map Guide — Operation: Tin Man,Modern Warfare III,Multiplayer,Map,,internal_link,call-of-duty-guides-modern-warfare-iii-multiplayer-map-guide-operation-tin-man-248130276f.html,2026-09-18T06:49:41.032282+00:00
32e4edc4d319fe02,https://callofduty.com/guides/multiplayer-maps/call-of-duty-guides-modern-warfare-iii-multiplayer-map-guide-paris,https://callofduty.com/guides/multiplayer-maps/call-of-duty-guides-modern-warfare-iii-multiplayer-map-guide-paris,Call of Duty | Guides - Modern Warfare III Multiplayer Map Guide — Paris,Modern Warfare III,Multiplayer,Map,,internal_link,call-of-duty-guides-modern-warfare-iii-multiplayer-map-guide-paris-32e4edc4d3.html,2026-09-18T06:49:41.058599+00:00
62730e34bd1b65e5,https://callofduty.com/guides/multiplayer-maps/call-of-duty-guides-modern-warfare-iii-multiplayer-map-guide-rio,https://callofduty.com/guides/multiplayer-maps/call-of-duty-guides-modern-warfare-iii-multiplayer-map-guide-rio,Call of Duty | Modern Warfare III Multiplayer Map Guide — Rio,Modern Warfare III,Multiplayer,Map,,internal_link,call-of-duty-guides-modern-warfare-iii-multiplayer-map-guide-rio-62730e34bd.html,2026-09-18T06:49:41.084055+00:00
0857241d2fb0c415,https://callofduty.com/guides/multiplayer-maps/call-of-duty-guides-modern-warfare-iii-multiplayer-map-guide-shipment,https://callofduty.com/guides/multiplayer-maps/call-of-duty-guides-modern-warfare-iii-multiplayer-map-guide-shipment,Call of Duty | Guides - Modern Warfare III Multiplayer Map Guide — Shipment,Modern Warfare III,Multiplayer,Map,,internal_link,call-of-duty-guides-modern-warfare-iii-multiplayer-map-guide-shipment-0857241d2f.html,2026-09-18T06:49:41.109058+00:00
ba968bb99339c785,https://callofduty.com/guides/multiplayer-maps/call-of-duty-guides-modern-warfare-iii-multiplayer-map-guide-shoot-house,https://callofduty.com/guides/multiplayer-maps/call-of-duty-guides-modern-warfare-iii-multiplayer-map-guide-shoot-house,Call of Duty | Guides - Modern Warfare III Multiplayer Map Guide — Shoot House,Modern Warfare III,Multiplayer,Map,,internal_link,call-of-duty-guides-modern-warfare-iii-multiplayer-map-guide-shoot-house-ba968bb993.html,2026-09-18T06:49:41.134659+00:00
6321c758289a6d1c,https://callofduty.com/guides/multiplayer-maps/call-of-duty-guides-modern-warfare-iii-multiplayer-map-guide-stash-house,https://callofduty.com/guides/multiplayer-maps/call-of-duty-guides-modern-warfare-iii-multiplayer-map-guide-stash-house,Call of Duty | Modern Warfare III Multiplayer Map Guide — Stash House,Modern Warfare III,Multiplayer,Map,,internal_link,call-of-duty-guides-modern-warfare-iii-multiplayer-map-guide-stash-house-6321c75828.html,2026-09-18T06:49:41.158441+00:00
f9531d7cc2175af7,https://callofduty.com/guides/multiplayer-maps/call-of-duty-guides-modern-warfare-iii-multiplayer-map-guide-tanked,https://callofduty.com/guides/multiplayer-maps/call-of-duty-guides-modern-warfare-iii-multiplayer-map-guide-tanked,Call of Duty | Guides - Modern Warfare III Multiplayer Map Guide — Tanked,Modern Warfare III,Multiplayer,Map,,internal_link,call-of-duty-guides-modern-warfare-iii-multiplayer-map-guide-tanked-f9531d7cc2.html,2026-09-18T06:49:41.184282+00:00
9a3a6578295fad8b,https://callofduty.com/guides/multiplayer-maps/call-of-duty-guides-modern-warfare-iii-multiplayer-map-guide-tokyo,https://callofduty.com/guides/multiplayer-maps/call-of-duty-guides-modern-warfare-iii-multiplayer-map-guide-tokyo,Call of Duty | Guides - Modern Warfare III Multiplayer Map Guide — Tokyo,Modern Warfare III,Multiplayer,Map,,internal_link,call-of-duty-guides-modern-warfare-iii-multiplayer-map-guide-tokyo-9a3a657829.html,2026-09-18T06:49:41.210171+00:00
5c798b3687f97e38,https://callofduty.com/guides/multiplayer-maps/call-of-duty-guides-modern-warfare-iii-multiplayer-map-guide-training-facility,https://callofduty.com/guides/multiplayer-maps/call-of-duty-guides-modern-warfare-iii-multiplayer-map-guide-training-facility,Call of Duty | Guides - Modern Warfare III Multiplayer Map Guide — Training Facility,Modern Warfare III,Multiplayer,Map,,internal_link,call-of-duty-guides-modern-warfare-iii-multiplayer-map-guide-training-facility-5c798b3687.html,2026-09-18T06:49:41.250504+00:00
4e395337e8c62534,https://callofduty.com/guides/multiplayer-maps/call-of-duty-guides-modern-warfare-iii-multiplayer-map-guide-vista,https://callofduty.com/guides/multiplayer-maps/call-of-duty-guides-modern-warfare-iii-multiplayer-map-guide-vista,Call of Duty | Guides - Modern Warfare III Multiplayer Map Guide — Vista,Modern Warfare III,Multiplayer,Map,,internal_link,call-of-duty-guides-modern-warfare-iii-multiplayer-map-guide-vista-4e395337e8.html,2026-09-18T06:49:41.274519+00:00
f82b659dfdfa479b,https://callofduty.com/guides/multiplayer-maps/call-of-duty-guides-modern-warfare-iii-multiplayer-map-guide-yard,https://callofduty.com/guides/multiplayer-maps/call-of-duty-guides-modern-warfare-iii-multiplayer-map-guide-yard,Call of Duty | Guides - Modern Warfare III Multiplayer Map Guide — Yard,Modern Warfare III,Multiplayer,Map,,internal_link,call-of-duty-guides-modern-warfare-iii-multiplayer-map-guide-yard-f82b659dfd.html,2026-09-18T06:49:41.300375+00:00
83a6917af7754794,https://callofduty.com/guides/multiplayer-maps/call-of-duty-modern-warfare-iii-play-maps-core-multiplayer-map-guide-afghan,https://callofduty.com/guides/multiplayer-maps/call-of-duty-modern-warfare-iii-play-maps-core-multiplayer-map-guide-afghan,Call of Duty | Guides - Modern Warfare III Multiplayer Map — Afghan,Modern Warfare III,Multiplayer,Map,,internal_link,call-of-duty-modern-warfare-iii-play-maps-core-multiplayer-map-guide-afghan-83a6917af7.html,2026-09-18T06:49:41.326569+00:00
0b664de0f368a565,https://callofduty.com/guides/multiplayer-maps/call-of-duty-modern-warfare-iii-play-maps-core-multiplayer-map-guide-derail,https://callofduty.com/guides/multiplayer-maps/call-of-duty-modern-warfare-iii-play-maps-core-multiplayer-map-guide-derail,Call of Duty | Guides - Modern Warfare III Multiplayer Map — Derail,Modern Warfare III,Multiplayer,Map,,internal_link,call-of-duty-modern-warfare-iii-play-maps-core-multiplayer-map-guide-derail-0b664de0f3.html,2026-09-18T06:49:41.353962+00:00
e9d173c95dd8b59f,https://callofduty.com/guides/multiplayer-maps/call-of-duty-modern-warfare-iii-play-maps-core-multiplayer-map-guide-estate,https://callofduty.com/guides/multiplayer-maps/call-of-duty-modern-warfare-iii-play-maps-core-multiplayer-map-guide-estate,Call of Duty | Guides - Modern Warfare III Multiplayer Map — Estate,Modern Warfare III,Multiplayer,Map,,internal_link,call-of-duty-modern-warfare-iii-play-maps-core-multiplayer-map-guide-estate-e9d173c95d.html,2026-09-18T06:49:41.381032+00:00
3554bf8a231f9cbb,https://callofduty.com/guides/multiplayer-maps/call-of-duty-modern-warfare-iii-play-maps-core-multiplayer-map-guide-favela,https://callofduty.com/guides/multiplayer-maps/call-of-duty-modern-warfare-iii-play-maps-core-multiplayer-map-guide-favela,Call of Duty | Guides - Modern Warfare III Multiplayer Map — Favela,Modern Warfare III,Multiplayer,Map,,internal_link,call-of-duty-modern-warfare-iii-play-maps-core-multiplayer-map-guide-favela-3554bf8a23.html,2026-09-18T06:49:41.407498+00:00
00c11a6fb4ad9379,https://callofduty.com/guides/multiplayer-maps/call-of-duty-modern-warfare-iii-play-maps-core-multiplayer-map-guide-greece,https://callofduty.com/guides/multiplayer-maps/call-of-duty-modern-warfare-iii-play-maps-core-multiplayer-map-guide-greece,Call of Duty | Guides - Modern Warfare III Multiplayer Map Guide — Greece,Modern Warfare III,Multiplayer,Map,,internal_link,call-of-duty-modern-warfare-iii-play-maps-core-multiplayer-map-guide-greece-00c11a6fb4.html,2026-09-18T06:49:41.431692+00:00
6763897ffc16a2b7,https://callofduty.com/guides/multiplayer-maps/call-of-duty-modern-warfare-iii-play-maps-core-multiplayer-map-guide-highrise,https://callofduty.com/guides/multiplayer-maps/call-of-duty-modern-warfare-iii-play-maps-core-multiplayer-map-guide-highrise,Call of Duty | Guides - Modern Warfare III Multiplayer Map — Highrise,Modern Warfare III,Multiplayer,Map,,internal_link,call-of-duty-modern-warfare-iii-play-maps-core-multiplayer-map-guide-highrise-6763897ffc.html,2026-09-18T06:49:41.458027+00:00
f4d7f5edd68175a1,https://callofduty.com/guides/multiplayer-maps/call-of-duty-modern-warfare-iii-play-maps-core-multiplayer-map-guide-invasion,https://callofduty.com/guides/multiplayer-maps/call-of-duty-modern-warfare-iii-play-maps-core-multiplayer-map-guide-invasion,Call of Duty | Guides - Modern Warfare III Multiplayer Map — Invasion,Modern Warfare III,Multiplayer,Map,,internal_link,call-of-duty-modern-warfare-iii-play-maps-core-multiplayer-map-guide-invasion-f4d7f5edd6.html,2026-09-18T06:49:41.484375+00:00
14fe179b8fc39236,https://callofduty.com/guides/multiplayer-maps/call-of-duty-modern-warfare-iii-play-maps-core-multiplayer-map-guide-karachi,https://callofduty.com/guides/multiplayer-maps/call-of-duty-modern-warfare-iii-play-maps-core-multiplayer-map-guide-karachi,Call of Duty | Guides - Modern Warfare III Multiplayer Map — Karachi,Modern Warfare III,Multiplayer,Map,,internal_link,call-of-duty-modern-warfare-iii-play-maps-core-multiplayer-map-guide-karachi-14fe179b8f.html,2026-09-18T06:49:41.526830+00:00
57784d9828bb7ade,https://callofduty.com/guides/multiplayer-maps/call-of-duty-modern-warfare-iii-play-maps-core-multiplayer-map-guide-operation-spearhead,https://callofduty.com/guides/multiplayer-maps/call-of-duty-modern-warfare-iii-play-maps-core-multiplayer-map-guide-operation-spearhead,Call of Duty | Guides - Modern Warfare III Multiplayer Map — Operation Spearhead,Modern Warfare III,Multiplayer,Map,,internal_link,call-of-duty-modern-warfare-iii-play-maps-core-multiplayer-map-guide-operation-spearhead-57784d9828.html,2026-09-18T06:49:41.553999+00:00
14f108c6f0ba43f1,https://callofduty.com/guides/multiplayer-maps/call-of-duty-modern-warfare-iii-play-maps-core-multiplayer-map-guide-orlove-military-base,https://callofduty.com/guides/multiplayer-maps/call-of-duty-modern-warfare-iii-play-maps-core-multiplayer-map-guide-orlove-military-base,Call of Duty | Guides - Modern Warfare III Multiplayer Map — Orlov Military Base,Modern Warfare III,Multiplayer,Map,,internal_link,call-of-duty-modern-warfare-iii-play-maps-core-multiplayer-map-guide-orlove-military-base-14f108c6f0.html,2026-09-18T06:49:41.579536+00:00
a0e05686d208189c,https://callofduty.com/guides/multiplayer-maps/call-of-duty-modern-warfare-iii-play-maps-core-multiplayer-map-guide-popov-power,https://callofduty.com/guides/multiplayer-maps/call-of-duty-modern-warfare-iii-play-maps-core-multiplayer-map-guide-popov-power,Call of Duty | Guides - Modern Warfare III Multiplayer Map — Popov Power,Modern Warfare III,Multiplayer,Map,,internal_link,call-of-duty-modern-warfare-iii-play-maps-core-multiplayer-map-guide-popov-power-a0e05686d2.html,2026-09-18T06:49:41.605178+00:00
dca75474c0c5f60c,https://callofduty.com/guides/multiplayer-maps/call-of-duty-modern-warfare-iii-play-maps-core-multiplayer-map-guide-quarry,https://callofduty.com/guides/multiplayer-maps/call-of-duty-modern-warfare-iii-play-maps-core-multiplayer-map-guide-quarry,Call of Duty | Guides - Modern Warfare III Multiplayer Map — Quarry,Modern Warfare III,Multiplayer,Map,,internal_link,call-of-duty-modern-warfare-iii-play-maps-core-multiplayer-map-guide-quarry-dca75474c0.html,2026-09-18T06:49:41.631951+00:00
8a73e91aeaad9cf2,https://callofduty.com/guides/multiplayer-maps/call-of-duty-modern-warfare-iii-play-maps-core-multiplayer-map-guide-rundown,https://callofduty.com/guides/multiplayer-maps/call-of-duty-modern-warfare-iii-play-maps-core-multiplayer-map-guide-rundown,Call of Duty | Guides - Modern Warfare III Multiplayer Map — Rundown,Modern Warfare III,Multiplayer,Map,,internal_link,call-of-duty-modern-warfare-iii-play-maps-core-multiplayer-map-guide-rundown-8a73e91aea.html,2026-09-18T06:49:41.658625+00:00
51de70dfef8bdaee,https://callofduty.com/guides/multiplayer-maps/call-of-duty-modern-warfare-iii-play-maps-core-multiplayer-map-guide-rust,https://callofduty.com/guides/multiplayer-maps/call-of-duty-modern-warfare-iii-play-maps-core-multiplayer-map-guide-rust,Call of Duty | Guides - Modern Warfare III Multiplayer Map — Rust,Modern Warfare III,Multiplayer,Map,,internal_link,call-of-duty-modern-warfare-iii-play-maps-core-multiplayer-map-guide-rust-51de70dfef.html,2026-09-18T06:49:41.684722+00:00
f734caff4feee5b4,https://callofduty.com/guides/multiplayer-maps/call-of-duty-modern-warfare-iii-play-maps-core-multiplayer-map-guide-scrapyard,https://callofduty.com/guides/multiplayer-maps/call-of-duty-modern-warfare-iii-play-maps-core-multiplayer-map-guide-scrapyard,Call of Duty | Guides - Modern Warfare III Multiplayer Map — Scrapyard,Modern Warfare III,Multiplayer,Map,,internal_link,call-of-duty-modern-warfare-iii-play-maps-core-multiplayer-map-guide-scrapyard-f734caff4f.html,2026-09-18T06:49:41.710943+00:00
6fe540f619356b9b,https://callofduty.com/guides/multiplayer-maps/call-of-duty-modern-warfare-iii-play-maps-core-multiplayer-map-guide-skidrow,https://callofduty.com/guides/multiplayer-maps/call-of-duty-modern-warfare-iii-play-maps-core-multiplayer-map-guide-skidrow,Call of Duty | Guides - Modern Warfare III Multiplayer Map — Skidrow,Modern Warfare III,Multiplayer,Map,,internal_link,call-of-duty-modern-warfare-iii-play-maps-core-multiplayer-map-guide-skidrow-6fe540f619.html,2026-09-18T06:49:41.737622+00:00
4b8099434134ee26,https://callofduty.com/guides/multiplayer-maps/call-of-duty-modern-warfare-iii-play-maps-core-multiplayer-map-guide-sub-base,https://callofduty.com/guides/multiplayer-maps/call-of-duty-modern-warfare-iii-play-maps-core-multiplayer-map-guide-sub-base,Call of Duty | Guides - Modern Warfare III Multiplayer Map — Sub Base,Modern Warfare III,Multiplayer,Map,,internal_link,call-of-duty-modern-warfare-iii-play-maps-core-multiplayer-map-guide-sub-base-4b80994341.html,2026-09-18T06:49:41.779092+00:00
daf672d2ddac87e8,https://callofduty.com/guides/multiplayer-maps/call-of-duty-modern-warfare-iii-play-maps-core-multiplayer-map-guide-terminal,https://callofduty.com/guides/multiplayer-maps/call-of-duty-modern-warfare-iii-play-maps-core-multiplayer-map-guide-terminal,Call of Duty | Guides - Modern Warfare III Multiplayer Map — Terminal,Modern Warfare III,Multiplayer,Map,,internal_link,call-of-duty-modern-warfare-iii-play-maps-core-multiplayer-map-guide-terminal-daf672d2dd.html,2026-09-18T06:49:41.805585+00:00
19cb9b2cf3b54b45,https://callofduty.com/guides/multiplayer-maps/call-of-duty-modern-warfare-iii-play-maps-core-multiplayer-map-guide-underpass,https://callofduty.com/guides/multiplayer-maps/call-of-duty-modern-warfare-iii-play-maps-core-multiplayer-map-guide-underpass,Call of Duty | Guides - Modern Warfare III Multiplayer Map — Underpass,Modern Warfare III,Multiplayer,Map,,internal_link,call-of-duty-modern-warfare-iii-play-maps-core-multiplayer-map-guide-underpass-19cb9b2cf3.html,2026-09-18T06:49:41.832288+00:00
dce83cf8ef065f4d,https://callofduty.com/guides/multiplayer-maps/call-of-duty-modern-warfare-iii-play-maps-core-multiplayer-map-guide-wasteland,https://callofduty.com/guides/multiplayer-maps/call-of-duty-modern-warfare-iii-play-maps-core-multiplayer-map-guide-wasteland,Call of Duty | Guides - Modern Warfare III Multiplayer Map — Wasteland,Modern Warfare III,Multiplayer,Map,,internal_link,call-of-duty-modern-warfare-iii-play-maps-core-multiplayer-map-guide-wasteland-dce83cf8ef.html,2026-09-18T06:49:41.859118+00:00
590910ecde0cce0c,https://callofduty.com/guides/multiplayer-maps/call-of-duty-modern-warfare-iii-play-maps-ground-war-invasion-guide-levin-resort,https://callofduty.com/guides/multiplayer-maps/call-of-duty-modern-warfare-iii-play-maps-ground-war-invasion-guide-levin-resort,Call of Duty | Guides - Modern Warfare III Multiplayer Map — Levin Resort,Modern Warfare III,Multiplayer,Map,,internal_link,call-of-duty-modern-warfare-iii-play-maps-ground-war-invasion-guide-levin-resort-590910ecde.html,2026-09-18T06:49:41.884768+00:00
a2a8945833b61fec,https://callofduty.com/guides/multiplayer-modes/call-of-duty-guides-modern-warfare-iii-mode-gunfight,https://callofduty.com/guides/multiplayer-modes/call-of-duty-guides-modern-warfare-iii-mode-gunfight,Call of Duty | Guides - Modern Warfare III Mode — Gunfight,Modern Warfare III,,Mode,,internal_link,call-of-duty-guides-modern-warfare-iii-mode-gunfight-a2a8945833.html,2026-09-18T06:49:42.638457+00:00
2f11df3822f35ac7,https://callofduty.com/guides/multiplayer-modes/call-of-duty-modern-warfare-iii-play-guides-modes-search-destroy,https://callofduty.com/guides/multiplayer-modes/call-of-duty-modern-warfare-iii-play-guides-modes-search-destroy,Call of Duty | Guides - Modern Warfare III Mode — Search & Destroy,Modern Warfare III,,Mode,,internal_link,call-of-duty-modern-warfare-iii-play-guides-modes-search-destroy-2f11df3822.html,2026-09-18T06:49:42.667638+00:00
7e9ac7ef0185ac02,https://callofduty.com/guides/multiplayer-modes/call-of-duty-modern-warfare-iii-play-modes-guides--ground-war-invasion,https://callofduty.com/guides/multiplayer-modes/call-of-duty-modern-warfare-iii-play-modes-guides--ground-war-invasion,Call of Duty | Guides - Modern Warfare III Mode — Ground War/Invasion,Modern Warfare III,,Mode,,internal_link,call-of-duty-modern-warfare-iii-play-modes-guides--ground-war-invasion-7e9ac7ef01.html,2026-09-18T06:49:42.691528+00:00
a688f53b638829e0,https://callofduty.com/guides/multiplayer-modes/call-of-duty-modern-warfare-iii-play-modes-guides-control,https://callofduty.com/guides/multiplayer-modes/call-of-duty-modern-warfare-iii-play-modes-guides-control,Call of Duty | Guides - Modern Warfare III Mode — Control,Modern Warfare III,,Mode,,internal_link,call-of-duty-modern-warfare-iii-play-modes-guides-control-a688f53b63.html,2026-09-18T06:49:42.712782+00:00
924e6f1d50f61aa9,https://callofduty.com/guides/multiplayer-modes/call-of-duty-modern-warfare-iii-play-modes-guides-cutthroat,https://callofduty.com/guides/multiplayer-modes/call-of-duty-modern-warfare-iii-play-modes-guides-cutthroat,Call of Duty | Guides - Modern Warfare III Mode — Cutthroat,Modern Warfare III,,Mode,,internal_link,call-of-duty-modern-warfare-iii-play-modes-guides-cutthroat-924e6f1d50.html,2026-09-18T06:49:42.734210+00:00
e3cff17c416fb008,https://callofduty.com/guides/multiplayer-modes/call-of-duty-modern-warfare-iii-play-modes-guides-domination,https://callofduty.com/guides/multiplayer-modes/call-of-duty-modern-warfare-iii-play-modes-guides-domination,Call of Duty | Guides - Modern Warfare III Mode — Domination,Modern Warfare III,,Mode,,internal_link,call-of-duty-modern-warfare-iii-play-modes-guides-domination-e3cff17c41.html,2026-09-18T06:49:42.756095+00:00
80e18c4552021dbf,https://callofduty.com/guides/multiplayer-modes/call-of-duty-modern-warfare-iii-play-modes-guides-free-for-all,https://callofduty.com/guides/multiplayer-modes/call-of-duty-modern-warfare-iii-play-modes-guides-free-for-all,Call of Duty | Guides - Modern Warfare III Mode — Free-For-All,Modern Warfare III,,Mode,,internal_link,call-of-duty-modern-warfare-iii-play-modes-guides-free-for-all-80e18c4552.html,2026-09-18T06:49:42.795474+00:00
608b57fbb6eebcc8,https://callofduty.com/guides/multiplayer-modes/call-of-duty-modern-warfare-iii-play-modes-guides-hardpoint,https://callofduty.com/guides/multiplayer-modes/call-of-duty-modern-warfare-iii-play-modes-guides-hardpoint,Call of Duty | Guides - Modern Warfare Mode — Hardpoint,,,Mode,,internal_link,call-of-duty-modern-warfare-iii-play-modes-guides-hardpoint-608b57fbb6.html,2026-09-18T06:49:42.816968+00:00
6ff1c235d3adfbd4,https://callofduty.com/guides/multiplayer-modes/call-of-duty-modern-warfare-iii-play-modes-guides-kill-confirmed,https://callofduty.com/guides/multiplayer-modes/call-of-duty-modern-warfare-iii-play-modes-guides-kill-confirmed,Call of Duty | Guides - Modern Warfare III Mode — Kill Confirmed,Modern Warfare III,,Mode,,internal_link,call-of-duty-modern-warfare-iii-play-modes-guides-kill-confirmed-6ff1c235d3.html,2026-09-18T06:49:42.839111+00:00
31d76c549daf3b40,https://callofduty.com/guides/multiplayer-modes/call-of-duty-modern-warfare-iii-play-modes-guides-war,https://callofduty.com/guides/multiplayer-modes/call-of-duty-modern-warfare-iii-play-modes-guides-war,Call of Duty | Guides - Modern Warfare III Mode — War,Modern Warfare III,,Mode,,internal_link,call-of-duty-modern-warfare-iii-play-modes-guides-war-31d76c549d.html,2026-09-18T06:49:42.861165+00:00
38ff6eb74bb5f5bf,https://callofduty.com/guides/multiplayer-modes/call-of-duty-modern-warfare-iii-play-modes-team-deathmatch,https://callofduty.com/guides/multiplayer-modes/call-of-duty-modern-warfare-iii-play-modes-team-deathmatch,Call of Duty | Guides - Modern Warfare III Mode — Team Deathmatch,Modern Warfare III,,Mode,,internal_link,call-of-duty-modern-warfare-iii-play-modes-team-deathmatch-38ff6eb74b.html,2026-09-18T06:49:42.885845+00:00
802f5f9952d0893a,https://callofduty.com/guides/multiplayer-pre-game,https://callofduty.com/guides/multiplayer-pre-game,Call of Duty | Guides,,,Guide,,internal_link,multiplayer-pre-game-802f5f9952.html,2026-09-18T06:49:43.560316+00:00
1a06c20d0129d2bc,https://callofduty.com/guides/multiplayer-pre-game/call-of-duty-modern-warfare-III-campaign-play-guides-weapons-loadouts,https://callofduty.com/guides/multiplayer-pre-game/call-of-duty-modern-warfare-III-campaign-play-guides-weapons-loadouts,Call of Duty | Guides - Modern Warfare III Weapons and Loadouts,Modern Warfare III,,Weapon,,internal_link,call-of-duty-modern-warfare-III-campaign-play-guides-weapons-loadouts-1a06c20d01.html,2026-09-18T06:49:43.639661+00:00
155688928db12fcc,https://callofduty.com/guides/multiplayer-pre-game/call-of-duty-modern-warfare-iii-play-multiplayer-operators-factions-guide,https://callofduty.com/guides/multiplayer-pre-game/call-of-duty-modern-warfare-iii-play-multiplayer-operators-factions-guide,Call of Duty | Guides - Modern Warfare III OPERATORS,Modern Warfare III,,Operator,,internal_link,call-of-duty-modern-warfare-iii-play-multiplayer-operators-factions-guide-155688928d.html,2026-09-18T06:49:43.660255+00:00
7fa92103ff0c3471,https://callofduty.com/guides/tac-atlas-urzikstan,https://callofduty.com/guides/tac-atlas-urzikstan,Call of Duty®: Warzone™ | Warzone Tac Map,,Warzone,Map,,internal_link,tac-atlas-urzikstan-7fa92103ff.html,2026-09-18T06:49:43.720741+00:00
3cc5b4585087b9dd,https://callofduty.com/guides/tac-atlas-verdansk,https://callofduty.com/guides/tac-atlas-verdansk,Call of Duty®: Warzone™ | Verdansk Tac Map,,Warzone,Map,,internal_link,tac-atlas-verdansk-3cc5b45850.html,2026-09-18T06:49:43.847557+00:00
32b59e94aeb355f0,https://callofduty.com/guides/tac-atlas-wz-rebirth-island,https://callofduty.com/guides/tac-atlas-wz-rebirth-island,Call of Duty®: Warzone™ | Warzone Tac Map,,Warzone,Map,,internal_link,tac-atlas-wz-rebirth-island-32b59e94ae.html,2026-09-18T06:49:43.892315+00:00
c3c5b334104841f4,https://callofduty.com/guides/tac-maps-atlas-urzikstan,https://callofduty.com/guides/tac-maps-atlas-urzikstan,Call of Duty®: Warzone™ | Warzone Tac Map,,Warzone,Map,,internal_link,tac-maps-atlas-urzikstan-c3c5b33410.html,2026-09-18T06:49:43.938822+00:00
3047ada877b4e13e,https://callofduty.com/guides/training/call-of-duty-guides-modern-warfare-iii-weapons-training-and-tactics,https://callofduty.com/guides/training/call-of-duty-guides-modern-warfare-iii-weapons-training-and-tactics,Call of Duty | Guides - Modern Warfare III Weapons Training and Tactics,Modern Warfare III,,Weapon,,internal_link,call-of-duty-guides-modern-warfare-iii-weapons-training-and-tactics-3047ada877.html,2026-09-18T06:49:44.035631+00:00
63d28df2bb3ad469,https://callofduty.com/guides/training/call-of-duty-guides-warzone-how-to-play,https://callofduty.com/guides/training/call-of-duty-guides-warzone-how-to-play,Call of Duty | Guides - Warzone: How to Play,,Warzone,Guide,,internal_link,call-of-duty-guides-warzone-how-to-play-63d28df2bb.html,2026-09-18T06:49:44.077442+00:00
7efe084b1f3f5ae4,https://callofduty.com/guides/training/call-of-duty-modern-warfare-III-campaign-play-guides-training,https://callofduty.com/guides/training/call-of-duty-modern-warfare-III-campaign-play-guides-training,Call of Duty | Guides - Modern Warfare III Campaign: How to Play,Modern Warfare III,Campaign,Mode,,internal_link,call-of-duty-modern-warfare-III-campaign-play-guides-training-7efe084b1f.html,2026-09-18T06:49:44.102211+00:00
942814575417f5d0,https://callofduty.com/guides/training/call-of-duty-modern-warfare-III-play-guides-multiplayer-movement,https://callofduty.com/guides/training/call-of-duty-modern-warfare-III-play-guides-multiplayer-movement,Call of Duty | Guides - Modern Warfare III Movement,Modern Warfare III,,Mode,,internal_link,call-of-duty-modern-warfare-III-play-guides-multiplayer-movement-9428145754.html,2026-09-18T06:49:44.130461+00:00
25307bae06273be1,https://callofduty.com/guides/training/call-of-duty-modern-warfare-III-play-guides-training-controls-pc,https://callofduty.com/guides/training/call-of-duty-modern-warfare-III-play-guides-training-controls-pc,Call of Duty | Gudies - Modern Warfare III CONTROLS PC,Modern Warfare III,,Mode,,internal_link,call-of-duty-modern-warfare-III-play-guides-training-controls-pc-25307bae06.html,2026-09-18T06:49:44.153193+00:00
a153258a34b168e5,https://callofduty.com/guides/training/call-of-duty-modern-warfare-III-play-guides-training-controls-ps4-ps5,https://callofduty.com/guides/training/call-of-duty-modern-warfare-III-play-guides-training-controls-ps4-ps5,Call of Duty | Guides - Modern Warfare III CONTROLS PS4 and PS5,Modern Warfare III,,Mode,,internal_link,call-of-duty-modern-warfare-III-play-guides-training-controls-ps4-ps5-a153258a34.html,2026-09-18T06:49:44.175337+00:00
962de0272d41a350,https://callofduty.com/guides/training/call-of-duty-modern-warfare-III-play-guides-training-controls-xbox-series-s-xbox-series-x,https://callofduty.com/guides/training/call-of-duty-modern-warfare-III-play-guides-training-controls-xbox-series-s-xbox-series-x,Call of Duty | Guides - Modern Warfare III CONTROLS Xbox Series X|S,Modern Warfare III,,Mode,,internal_link,call-of-duty-modern-warfare-III-play-guides-training-controls-xbox-series-s-xbox-series-x-962de0272d.html,2026-09-18T06:49:44.197267+00:00
2c57b789ad009694,https://callofduty.com/guides/training/call-of-duty-modern-warfare-III-training-multiplayer-how-to-play,https://callofduty.com/guides/training/call-of-duty-modern-warfare-III-training-multiplayer-how-to-play,Call of Duty | Guides - Modern Warfare III MULTIPLAYER: HOW TO PLAY,Modern Warfare III,Multiplayer,Mode,,internal_link,call-of-duty-modern-warfare-III-training-multiplayer-how-to-play-2c57b789ad.html,2026-09-18T06:49:44.245229+00:00
e0b0002791bb320d,https://callofduty.com/guides/training/call-of-duty-modern-warfare-iii-play-guides-training-rank-progression-leveling-up,https://callofduty.com/guides/training/call-of-duty-modern-warfare-iii-play-guides-training-rank-progression-leveling-up,Call of Duty | Guides - Modern Warfare III LEVELING UP,Modern Warfare III,,Mode,,internal_link,call-of-duty-modern-warfare-iii-play-guides-training-rank-progression-leveling-up-e0b0002791.html,2026-09-18T06:49:44.269541+00:00
e6ecce9df29210f6,https://callofduty.com/guides/training/call-of-duty-modern-warfare-iii-play-guides-training-weapons-camo-leveling,https://callofduty.com/guides/training/call-of-duty-modern-warfare-iii-play-guides-training-weapons-camo-leveling,Call of Duty | Guides - Modern Warfare III WEAPONS AND CAMO LEVELING (MASTERY),Modern Warfare III,,Weapon,,internal_link,call-of-duty-modern-warfare-iii-play-guides-training-weapons-camo-leveling-e6ecce9df2.html,2026-09-18T06:49:44.299968+00:00
de31d1f660d25431,https://callofduty.com/guides/training/call-of-duty-modern-warfare-iii-play-guides-training-zombies,https://callofduty.com/guides/training/call-of-duty-modern-warfare-iii-play-guides-training-zombies,Call of Duty | Guides - Modern Warfare III MODERN WARFARE ZOMBIES: HOW TO PLAY,Modern Warfare III,Zombies,Mode,,internal_link,call-of-duty-modern-warfare-iii-play-guides-training-zombies-de31d1f660.html,2026-09-18T06:49:44.333443+00:00
edf617f6fcd86ea0,https://callofduty.com/guides/warzone,https://callofduty.com/guides/warzone,Call of Duty®: Guides | Call of Duty: Warzone™,,Warzone,Guide,,internal_link,warzone-edf617f6fc.html,2026-09-18T06:49:44.359672+00:00
8f7b78cee57e850f,https://callofduty.com/guides/warzone/avalon,https://callofduty.com/guides/warzone/avalon,Avalon,,,,,internal_link,avalon-8f7b78cee5.html,2026-09-18T06:49:44.393073+00:00
cf4c9640cd721bae,https://callofduty.com/guides/warzone/fortunes-keep,https://callofduty.com/guides/warzone/fortunes-keep,Fortune's Keep,,,,,internal_link,fortunes-keep-cf4c9640cd.html,2026-09-18T06:49:44.418005+00:00
18cb70ae60603c12,https://callofduty.com/guides/warzone/havens-hollow,https://callofduty.com/guides/warzone/havens-hollow,Haven's Hollow Tac Map,,,Map,,internal_link,havens-hollow-18cb70ae60.html,2026-09-18T06:49:44.437423+00:00
d22a30b127cf2d9b,https://callofduty.com/guides/warzone/rebirth-island,https://callofduty.com/guides/warzone/rebirth-island,Rebirth Island,,,,,internal_link,rebirth-island-d22a30b127.html,2026-09-18T06:49:44.459288+00:00
7fe37bfd5f5a6c87,https://callofduty.com/guides/zombies/call-of-duty-guide-modern-warfare-zombies-tactics,https://callofduty.com/guides/zombies/call-of-duty-guide-modern-warfare-zombies-tactics,Call of Duty | Guides - Modern Warfare Zombies Tactics,,Zombies,Mode,,internal_link,call-of-duty-guide-modern-warfare-zombies-tactics-7fe37bfd5f.html,2026-09-18T06:49:44.506645+00:00
ce5bacc511676962,https://callofduty.com/guides/zombies/call-of-duty-guides-black-ops-6-zombies-gobblegums,https://callofduty.com/guides/zombies/call-of-duty-guides-black-ops-6-zombies-gobblegums,Call of Duty | Guides - Black Ops 6 Round Based Zombies — GobbleGums,Black Ops 6,Zombies,Guide,"June 30, 2025",internal_link,call-of-duty-guides-black-ops-6-zombies-gobblegums-ce5bacc511.html,2026-09-18T06:49:44.564385+00:00
912db266e154e0b8,https://callofduty.com/guides/zombies/call-of-duty-guides-modern-warfare-zombies-acquisitions,https://callofduty.com/guides/zombies/call-of-duty-guides-modern-warfare-zombies-acquisitions,Call of Duty | Guides - Modern Warfare Zombies Acquisitions,,Zombies,Mode,,internal_link,call-of-duty-guides-modern-warfare-zombies-acquisitions-912db266e1.html,2026-09-18T06:49:44.598728+00:00
94d653aef8489026,https://callofduty.com/guides/zombies/call-of-duty-guides-modern-warfare-zombies-bestiary,https://callofduty.com/guides/zombies/call-of-duty-guides-modern-warfare-zombies-bestiary,Call of Duty | Guides - Modern Warfare Zombies Bestiary,,Zombies,Mode,,internal_link,call-of-duty-guides-modern-warfare-zombies-bestiary-94d653aef8.html,2026-09-18T06:49:44.638851+00:00
8e64f0ad08d7fc6a,https://callofduty.com/guides/zombies/call-of-duty-guides-modern-warfare-zombies-equipping-your-operator,https://callofduty.com/guides/zombies/call-of-duty-guides-modern-warfare-zombies-equipping-your-operator,Call of Duty | Guides - Modern Warfare Zombies Equipping Your Operator,,Zombies,Operator,,internal_link,call-of-duty-guides-modern-warfare-zombies-equipping-your-operator-8e64f0ad08.html,2026-09-18T06:49:44.686637+00:00
65c4c91cf5cbb04d,https://callofduty.com/guides/zombies/call-of-duty-guides-modern-warfare-zombies-missions-and-progression,https://callofduty.com/guides/zombies/call-of-duty-guides-modern-warfare-zombies-missions-and-progression,Call of Duty | Guides - Modern Warfare Zombies Bestiary,,Zombies,Mode,,internal_link,call-of-duty-guides-modern-warfare-zombies-missions-and-progression-65c4c91cf5.html,2026-09-18T06:49:44.724264+00:00
c2567dd2fa30e3ba,https://callofduty.com/guides/zombies/call-of-duty-guides-modern-warfare-zombies-overview-and-lore,https://callofduty.com/guides/zombies/call-of-duty-guides-modern-warfare-zombies-overview-and-lore,Call of Duty | Guides - Modern Warfare Zombies Overview and Lore,,Zombies,Mode,,internal_link,call-of-duty-guides-modern-warfare-zombies-overview-and-lore-c2567dd2fa.html,2026-09-18T06:49:44.774819+00:00
828cf9ab655fa1a5,https://cmsauthor.activision.com/guides/zombies,https://cmsauthor.activision.com/guides/zombies,Activision Blizzard Inc. - Prod - Sign In,,,,,internal_link,zombies-828cf9ab65.html,2026-09-18T06:49:44.779634+00:00
60d8124488ee4622,https://cmsauthor.activision.com/guides/zombies/call-of-duty-guides-modern-warfare-zombies-overview-and-lore,https://cmsauthor.activision.com/guides/zombies/call-of-duty-guides-modern-warfare-zombies-overview-and-lore,Activision Blizzard Inc. - Prod - Sign In,,,,,internal_link,call-of-duty-guides-modern-warfare-zombies-overview-and-lore-60d8124488.html,2026-09-18T06:49:44.781699+00:00
4ef50f1a613fbdc4,https://www.callofduty.com/cdn/blog/guides/BO6/DERELICT-TOWER-DIVE.mp4,https://www.callofduty.com/cdn/blog/guides/BO6/DERELICT-TOWER-DIVE.mp4,,,,,,internal_link,DERELICT-TOWER-DIVE.mp4-4ef50f1a61.html,2026-09-18T06:49:44.820119+00:00
30c4902439339b7d,https://www.callofduty.com/cdn/blog/guides/BO6/MOVEMENT-CORNER-SLICE.mp4,https://www.callofduty.com/cdn/blog/guides/BO6/MOVEMENT-CORNER-SLICE.mp4,,,,,,internal_link,MOVEMENT-CORNER-SLICE.mp4-30c4902439.html,2026-09-18T06:49:44.859919+00:00
65564a67f53e757f,https://www.callofduty.com/cdn/blog/guides/BO6/MOVEMENT-INTELLIGENT-MOVEMENT.mp4,https://www.callofduty.com/cdn/blog/guides/BO6/MOVEMENT-INTELLIGENT-MOVEMENT.mp4,,,,,,internal_link,MOVEMENT-INTELLIGENT-MOVEMENT.mp4-65564a67f5.html,2026-09-18T06:49:44.921911+00:00
9d5a3b06c6658f57,https://www.callofduty.com/cdn/blog/guides/BO6/MOVEMENT_Omnimovement.mp4,https://www.callofduty.com/cdn/blog/guides/BO6/MOVEMENT_Omnimovement.mp4,,,,,,internal_link,MOVEMENT_Omnimovement.mp4-9d5a3b06c6.html,2026-09-18T06:49:44.996304+00:00
2cfd2401df8d19df,https://www.callofduty.com/cdn/blog/guides/BO6/REWIND-BETA.mp4,https://www.callofduty.com/cdn/blog/guides/BO6/REWIND-BETA.mp4,,,,,,internal_link,REWIND-BETA.mp4-2cfd2401df.html,2026-09-18T06:49:45.061175+00:00
cfbbdbbc88e584ad,https://www.callofduty.com/cdn/blog/guides/BO6/SKYLINE-SECRUITY.mp4,https://www.callofduty.com/cdn/blog/guides/BO6/SKYLINE-SECRUITY.mp4,,,,,,internal_link,SKYLINE-SECRUITY.mp4-cfbbdbbc88.html,2026-09-18T06:49:45.114748+00:00
b88ffdebed304beb,https://www.callofduty.com/cdn/blog/guides/BO6/SWIMMING.mp4,https://www.callofduty.com/cdn/blog/guides/BO6/SWIMMING.mp4,,,,,,internal_link,SWIMMING.mp4-b88ffdebed.html,2026-09-18T06:49:45.150947+00:00
7552e741783d27a6,https://www.callofduty.com/cdn/blog/guides/mwiii/maps/incline/COD-INCLINE-VIDEO-001-encoded.mp4,https://www.callofduty.com/cdn/blog/guides/mwiii/maps/incline/COD-INCLINE-VIDEO-001-encoded.mp4,,,,,,internal_link,COD-INCLINE-VIDEO-001-encoded.mp4-7552e74178.html,2026-09-18T06:49:45.163236+00:00
4bfa1f630787033d,https://www.callofduty.com/cdn/blog/guides/mwiii/maps/incline/COD-INCLINE-VIDEO-002-encoded.mp4,https://www.callofduty.com/cdn/blog/guides/mwiii/maps/incline/COD-INCLINE-VIDEO-002-encoded.mp4,,,,,,internal_link,COD-INCLINE-VIDEO-002-encoded.mp4-4bfa1f6307.html,2026-09-18T06:49:45.181112+00:00
d06d46306447b93d,https://www.callofduty.com/cdn/blog/guides/mwiii/maps/incline/COD-INCLINE-VIDEO-003-encoded.mp4,https://www.callofduty.com/cdn/blog/guides/mwiii/maps/incline/COD-INCLINE-VIDEO-003-encoded.mp4,,,,,,internal_link,COD-INCLINE-VIDEO-003-encoded.mp4-d06d463064.html,2026-09-18T06:49:45.203912+00:00
e014fa303cb7c3ab,https://www.callofduty.com/guides/blackops6,https://www.callofduty.com/guides/blackops6,Call of Duty®: Guides | Black Ops 6,Black Ops 6,,Guide,,guide_hub;internal_link;sitemap,blackops6-e014fa303c.html,2026-09-18T06:49:45.250579+00:00
563871bcd0c4cc92,https://www.callofduty.com/guides/blackops6/getting-started/call-of-duty-guides-black-ops-6-level-unlocks-player-level-1-55,https://www.callofduty.com/guides/blackops6/getting-started/call-of-duty-guides-black-ops-6-level-unlocks-player-level-1-55,Call of Duty | Guides - Black Ops 6 Level Unlocks: Player Level 1-55,Black Ops 6,,Guide,"October 21, 2024",internal_link;sitemap,call-of-duty-guides-black-ops-6-level-unlocks-player-level-1-55-563871bcd0.html,2026-09-18T06:49:45.320148+00:00
ede226041cff5ebc,https://www.callofduty.com/guides/blackops6/getting-started/call-of-duty-guides-black-ops-6-multiplayer-beta-everything-you-need-to-know,https://www.callofduty.com/guides/blackops6/getting-started/call-of-duty-guides-black-ops-6-multiplayer-beta-everything-you-need-to-know,Call of Duty | Guides - Black Ops 6 Multiplayer Beta — Everything You Need to Know,Black Ops 6,Multiplayer,Guide,"August 28, 2024",internal_link;sitemap,call-of-duty-guides-black-ops-6-multiplayer-beta-everything-you-need-to-know-ede226041c.html,2026-09-18T06:49:45.373895+00:00
c37d2042836cbd87,https://www.callofduty.com/guides/blackops6/getting-started/call-of-duty-guides-black-ops-6-multiplayer-guide-cod-101-read-this-first,https://www.callofduty.com/guides/blackops6/getting-started/call-of-duty-guides-black-ops-6-multiplayer-guide-cod-101-read-this-first,Call of Duty | Guides - Black Ops 6 Multiplayer Guide — COD 101 - READ THIS FIRST,Black Ops 6,Multiplayer,Guide,"October 23, 2024",internal_link;sitemap,call-of-duty-guides-black-ops-6-multiplayer-guide-cod-101-read-this-first-c37d204283.html,2026-09-18T06:49:45.397473+00:00
3dda7a93fad2fc77,https://www.callofduty.com/guides/blackops6/modes/call-of-duty-guides-black-ops-6-multiplayer-mode-domination,https://www.callofduty.com/guides/blackops6/modes/call-of-duty-guides-black-ops-6-multiplayer-mode-domination,Call of Duty | Guides - Black Ops 6 Multiplayer Mode Guide — Domination,Black Ops 6,Multiplayer,Mode,"August 27, 2024",internal_link;sitemap,call-of-duty-guides-black-ops-6-multiplayer-mode-domination-3dda7a93fa.html,2026-09-18T06:49:45.414291+00:00
334f07851af7d447,https://www.callofduty.com/guides/blackops6/modes/call-of-duty-guides-black-ops-6-multiplayer-mode-guide-control,https://www.callofduty.com/guides/blackops6/modes/call-of-duty-guides-black-ops-6-multiplayer-mode-guide-control,Call of Duty | Guides - Black Ops 6 Multiplayer Mode Guide — Control,Black Ops 6,Multiplayer,Mode,"October 23, 2024",internal_link;sitemap,call-of-duty-guides-black-ops-6-multiplayer-mode-guide-control-334f07851a.html,2026-09-18T06:49:45.428811+00:00
131fc2501cbe79b0,https://www.callofduty.com/guides/blackops6/modes/call-of-duty-guides-black-ops-6-multiplayer-mode-guide-face-off,https://www.callofduty.com/guides/blackops6/modes/call-of-duty-guides-black-ops-6-multiplayer-mode-guide-face-off,Call of Duty | Guides - Black Ops 6 Multiplayer Mode Guide — Face Off,Black Ops 6,Multiplayer,Mode,"October 23, 2024",internal_link;sitemap,call-of-duty-guides-black-ops-6-multiplayer-mode-guide-face-off-131fc2501c.html,2026-09-18T06:49:45.458628+00:00
633607cb6c086c3e,https://www.callofduty.com/guides/blackops6/modes/call-of-duty-guides-black-ops-6-multiplayer-mode-guide-free-for-all,https://www.callofduty.com/guides/blackops6/modes/call-of-duty-guides-black-ops-6-multiplayer-mode-guide-free-for-all,Call of Duty | Guides - Black Ops 6 Multiplayer Mode Guide — Free For All,Black Ops 6,Multiplayer,Mode,"October 23, 2024",internal_link;sitemap,call-of-duty-guides-black-ops-6-multiplayer-mode-guide-free-for-all-633607cb6c.html,2026-09-18T06:49:45.473300+00:00
ec1df595afb2c7bb,https://www.callofduty.com/guides/blackops6/modes/call-of-duty-guides-black-ops-6-multiplayer-mode-guide-gunfight,https://www.callofduty.com/guides/blackops6/modes/call-of-duty-guides-black-ops-6-multiplayer-mode-guide-gunfight,Call of Duty | Guides - Black Ops 6 Multiplayer Mode Guide — Gunfight,Black Ops 6,Multiplayer,Mode,"October 23, 2024",internal_link;sitemap,call-of-duty-guides-black-ops-6-multiplayer-mode-guide-gunfight-ec1df595af.html,2026-09-18T06:49:45.489448+00:00
1be02ad5b10c9700,https://www.callofduty.com/guides/blackops6/modes/call-of-duty-guides-black-ops-6-multiplayer-mode-guide-hardpoint,https://www.callofduty.com/guides/blackops6/modes/call-of-duty-guides-black-ops-6-multiplayer-mode-guide-hardpoint,Call of Duty | Guides - Black Ops 6 Multiplayer Mode Guide — Hardpoint,Black Ops 6,Multiplayer,Mode,"October 23, 2024",internal_link;sitemap,call-of-duty-guides-black-ops-6-multiplayer-mode-guide-hardpoint-1be02ad5b1.html,2026-09-18T06:49:45.505728+00:00
b5ddcbb4692a8eed,https://www.callofduty.com/guides/blackops6/modes/call-of-duty-guides-black-ops-6-multiplayer-mode-guide-headquarters,https://www.callofduty.com/guides/blackops6/modes/call-of-duty-guides-black-ops-6-multiplayer-mode-guide-headquarters,Call of Duty | Guides - Black Ops 6 Multiplayer Mode Guide — Headquarters,Black Ops 6,Multiplayer,Mode,"October 23, 2024",internal_link;sitemap,call-of-duty-guides-black-ops-6-multiplayer-mode-guide-headquarters-b5ddcbb469.html,2026-09-18T06:49:45.520264+00:00
dc711b8046cb643f,https://www.callofduty.com/guides/blackops6/modes/call-of-duty-guides-black-ops-6-multiplayer-mode-guide-kill-confirmed,https://www.callofduty.com/guides/blackops6/modes/call-of-duty-guides-black-ops-6-multiplayer-mode-guide-kill-confirmed,Call of Duty | Guides - Black Ops 6 Multiplayer Mode Guide — Kill Confirmed,Black Ops 6,Multiplayer,Mode,"October 23, 2024",internal_link;sitemap,call-of-duty-guides-black-ops-6-multiplayer-mode-guide-kill-confirmed-dc711b8046.html,2026-09-18T06:49:45.534650+00:00
5de0df722ca177a5,https://www.callofduty.com/guides/blackops6/modes/call-of-duty-guides-black-ops-6-multiplayer-mode-guide-search-and-destroy,https://www.callofduty.com/guides/blackops6/modes/call-of-duty-guides-black-ops-6-multiplayer-mode-guide-search-and-destroy,Call of Duty | Guides - Black Ops 6 Multiplayer Mode Guide — Search & Destroy,Black Ops 6,Multiplayer,Mode,"October 23, 2024",internal_link;sitemap,call-of-duty-guides-black-ops-6-multiplayer-mode-guide-search-and-destroy-5de0df722c.html,2026-09-18T06:49:45.551688+00:00
2bc265533730c3d4,https://www.callofduty.com/guides/blackops6/modes/call-of-duty-guides-black-ops-6-multiplayer-mode-kill-order,https://www.callofduty.com/guides/blackops6/modes/call-of-duty-guides-black-ops-6-multiplayer-mode-kill-order,Call of Duty | Guides - Black Ops 6 Multiplayer Mode Guide — Kill Order,Black Ops 6,Multiplayer,Mode,"October 23, 2024",internal_link;sitemap,call-of-duty-guides-black-ops-6-multiplayer-mode-kill-order-2bc2655337.html,2026-09-18T06:49:45.570909+00:00
ff20bee6d01bfd22,https://www.callofduty.com/guides/blackops6/modes/call-of-duty-guides-black-ops-6-multiplayer-mode-team-deathmatch,https://www.callofduty.com/guides/blackops6/modes/call-of-duty-guides-black-ops-6-multiplayer-mode-team-deathmatch,Call of Duty | Guides - Black Ops 6 Multiplayer Mode Guide — Team Deathmatch,Black Ops 6,Multiplayer,Mode,"October 23, 2024",internal_link;sitemap,call-of-duty-guides-black-ops-6-multiplayer-mode-team-deathmatch-ff20bee6d0.html,2026-09-18T06:49:45.587639+00:00
dcb103879b39d660,https://www.callofduty.com/guides/blackops6/multiplayer-maps/call-of-duty-guides-black-ops-6-multiplayer-map-guide-babylon,https://www.callofduty.com/guides/blackops6/multiplayer-maps/call-of-duty-guides-black-ops-6-multiplayer-map-guide-babylon,Call of Duty | Guides - Black Ops 6 Multiplayer Map Guide — Babylon,Black Ops 6,Multiplayer,Map,"October 23, 2024",internal_link;sitemap,call-of-duty-guides-black-ops-6-multiplayer-map-guide-babylon-dcb103879b.html,2026-09-18T06:49:45.609156+00:00
a2700c5f7c48ae4f,https://www.callofduty.com/guides/blackops6/multiplayer-maps/call-of-duty-guides-black-ops-6-multiplayer-map-guide-barrage,https://www.callofduty.com/guides/blackops6/multiplayer-maps/call-of-duty-guides-black-ops-6-multiplayer-map-guide-barrage,Call of Duty | Guides - Black Ops 6 Multiplayer Map Guide — Barrage,Black Ops 6,Multiplayer,Map,"April 03, 2025",internal_link;sitemap,call-of-duty-guides-black-ops-6-multiplayer-map-guide-barrage-a2700c5f7c.html,2026-09-18T06:49:45.629221+00:00
8963c36e8f9715b2,https://www.callofduty.com/guides/blackops6/multiplayer-maps/call-of-duty-guides-black-ops-6-multiplayer-map-guide-blitz,https://www.callofduty.com/guides/blackops6/multiplayer-maps/call-of-duty-guides-black-ops-6-multiplayer-map-guide-blitz,Call of Duty | Guides - Black Ops 6 Multiplayer Map Guide — Blitz,Black Ops 6,Multiplayer,Map,"May 23, 2025",internal_link;sitemap,call-of-duty-guides-black-ops-6-multiplayer-map-guide-blitz-8963c36e8f.html,2026-09-18T06:49:45.648923+00:00
8969769302dcc176,https://www.callofduty.com/guides/blackops6/multiplayer-maps/call-of-duty-guides-black-ops-6-multiplayer-map-guide-bounty,https://www.callofduty.com/guides/blackops6/multiplayer-maps/call-of-duty-guides-black-ops-6-multiplayer-map-guide-bounty,Call of Duty | Guides - Black Ops 6 Multiplayer Map Guide — Bounty,Black Ops 6,Multiplayer,Map,"January 24, 2025",internal_link;sitemap,call-of-duty-guides-black-ops-6-multiplayer-map-guide-bounty-8969769302.html,2026-09-18T06:49:45.670593+00:00
7bf03309ad2e9e6e,https://www.callofduty.com/guides/blackops6/multiplayer-maps/call-of-duty-guides-black-ops-6-multiplayer-map-guide-bullet,https://www.callofduty.com/guides/blackops6/multiplayer-maps/call-of-duty-guides-black-ops-6-multiplayer-map-guide-bullet,Call of Duty | Guides - Black Ops 6 Multiplayer Map Guide — Bullet,Black Ops 6,Multiplayer,Map,"February 19, 2025",internal_link;sitemap,call-of-duty-guides-black-ops-6-multiplayer-map-guide-bullet-7bf03309ad.html,2026-09-18T06:49:45.691646+00:00
14be7bcaa85b7a3a,https://www.callofduty.com/guides/blackops6/multiplayer-maps/call-of-duty-guides-black-ops-6-multiplayer-map-guide-dealership,https://www.callofduty.com/guides/blackops6/multiplayer-maps/call-of-duty-guides-black-ops-6-multiplayer-map-guide-dealership,Call of Duty | Guides - Black Ops 6 Multiplayer Map Guide — Dealership,Black Ops 6,Multiplayer,Map,"January 24, 2025",internal_link;sitemap,call-of-duty-guides-black-ops-6-multiplayer-map-guide-dealership-14be7bcaa8.html,2026-09-18T06:49:45.726241+00:00
ad888d9192724227,https://www.callofduty.com/guides/blackops6/multiplayer-maps/call-of-duty-guides-black-ops-6-multiplayer-map-guide-derelict,https://www.callofduty.com/guides/blackops6/multiplayer-maps/call-of-duty-guides-black-ops-6-multiplayer-map-guide-derelict,Call of Duty | Guides - Black Ops 6 Multiplayer Map Guide — Derelict,Black Ops 6,Multiplayer,Map,"August 27, 2024",internal_link;sitemap,call-of-duty-guides-black-ops-6-multiplayer-map-guide-derelict-ad888d9192.html,2026-09-18T06:49:45.749088+00:00
38f5609928884de0,https://www.callofduty.com/guides/blackops6/multiplayer-maps/call-of-duty-guides-black-ops-6-multiplayer-map-guide-eclipse,https://www.callofduty.com/guides/blackops6/multiplayer-maps/call-of-duty-guides-black-ops-6-multiplayer-map-guide-eclipse,Call of Duty | Guides - Black Ops 6 Multiplayer Map Guide — Eclipse,Black Ops 6,Multiplayer,Map,"June 26, 2025",internal_link;sitemap,call-of-duty-guides-black-ops-6-multiplayer-map-guide-eclipse-38f5609928.html,2026-09-18T06:49:45.767825+00:00
790a1de18e03ac76,https://www.callofduty.com/guides/blackops6/multiplayer-maps/call-of-duty-guides-black-ops-6-multiplayer-map-guide-exchange,https://www.callofduty.com/guides/blackops6/multiplayer-maps/call-of-duty-guides-black-ops-6-multiplayer-map-guide-exchange,Call of Duty | Guides - Black Ops 6 Multiplayer Map Guide — Exchange,Black Ops 6,Multiplayer,Map,"August 01, 2025",internal_link;sitemap,call-of-duty-guides-black-ops-6-multiplayer-map-guide-exchange-790a1de18e.html,2026-09-18T06:49:45.788008+00:00
9afdcad054a33ad0,https://www.callofduty.com/guides/blackops6/multiplayer-maps/call-of-duty-guides-black-ops-6-multiplayer-map-guide-extraction,https://www.callofduty.com/guides/blackops6/multiplayer-maps/call-of-duty-guides-black-ops-6-multiplayer-map-guide-extraction,Call of Duty | Guides - Black Ops 6 Multiplayer Map Guide — Extraction,Black Ops 6,Multiplayer,Map,"November 13, 2024",internal_link;sitemap,call-of-duty-guides-black-ops-6-multiplayer-map-guide-extraction-9afdcad054.html,2026-09-18T06:49:45.809450+00:00
b137fd9176be5fb4,https://www.callofduty.com/guides/blackops6/multiplayer-maps/call-of-duty-guides-black-ops-6-multiplayer-map-guide-firing-range,https://www.callofduty.com/guides/blackops6/multiplayer-maps/call-of-duty-guides-black-ops-6-multiplayer-map-guide-firing-range,Call of Duty | Guides - Black Ops 6 Multiplayer Map Guide — Firing Range,Black Ops 6,Multiplayer,Map,"April 03, 2025",internal_link;sitemap,call-of-duty-guides-black-ops-6-multiplayer-map-guide-firing-range-b137fd9176.html,2026-09-18T06:49:45.830114+00:00
77f61b6e93e6afa0,https://www.callofduty.com/guides/blackops6/multiplayer-maps/call-of-duty-guides-black-ops-6-multiplayer-map-guide-fringe,https://www.callofduty.com/guides/blackops6/multiplayer-maps/call-of-duty-guides-black-ops-6-multiplayer-map-guide-fringe,Call of Duty | Guides - Black Ops 6 Multiplayer Map Guide — Fringe,Black Ops 6,Multiplayer,Map,"June 26, 2025",internal_link;sitemap,call-of-duty-guides-black-ops-6-multiplayer-map-guide-fringe-77f61b6e93.html,2026-09-18T06:49:45.850575+00:00
f5ddbd6278608ae4,https://www.callofduty.com/guides/blackops6/multiplayer-maps/call-of-duty-guides-black-ops-6-multiplayer-map-guide-fugitive,https://www.callofduty.com/guides/blackops6/multiplayer-maps/call-of-duty-guides-black-ops-6-multiplayer-map-guide-fugitive,Call of Duty | Guides - Black Ops 6 Multiplayer Map Guide — Fugitive,Black Ops 6,Multiplayer,Map,"May 23, 2025",internal_link;sitemap,call-of-duty-guides-black-ops-6-multiplayer-map-guide-fugitive-f5ddbd6278.html,2026-09-18T06:49:45.870622+00:00
93d59f758cc495d3,https://www.callofduty.com/guides/blackops6/multiplayer-maps/call-of-duty-guides-black-ops-6-multiplayer-map-guide-gala,https://www.callofduty.com/guides/blackops6/multiplayer-maps/call-of-duty-guides-black-ops-6-multiplayer-map-guide-gala,Call of Duty | Guides - Black Ops 6 Multiplayer Map Guide — Gala,Black Ops 6,Multiplayer,Map,"August 27, 2024",internal_link;sitemap,call-of-duty-guides-black-ops-6-multiplayer-map-guide-gala-93d59f758c.html,2026-09-18T06:49:45.891140+00:00
3cec9289e97fbea6,https://www.callofduty.com/guides/blackops6/multiplayer-maps/call-of-duty-guides-black-ops-6-multiplayer-map-guide-grind,https://www.callofduty.com/guides/blackops6/multiplayer-maps/call-of-duty-guides-black-ops-6-multiplayer-map-guide-grind,Call of Duty | Guides - Black Ops 6 Multiplayer Map Guide — Grind,Black Ops 6,Multiplayer,Map,"February 19, 2025",internal_link;sitemap,call-of-duty-guides-black-ops-6-multiplayer-map-guide-grind-3cec9289e9.html,2026-09-18T06:49:45.915122+00:00
633417280d4ab596,https://www.callofduty.com/guides/blackops6/multiplayer-maps/call-of-duty-guides-black-ops-6-multiplayer-map-guide-hacienda,https://www.callofduty.com/guides/blackops6/multiplayer-maps/call-of-duty-guides-black-ops-6-multiplayer-map-guide-hacienda,Call of Duty | Guides - Black Ops 6 Multiplayer Map Guide — Hacienda,Black Ops 6,Multiplayer,Map,"December 10, 2024",internal_link;sitemap,call-of-duty-guides-black-ops-6-multiplayer-map-guide-hacienda-633417280d.html,2026-09-18T06:49:45.936330+00:00
845b3fcb101a490b,https://www.callofduty.com/guides/blackops6/multiplayer-maps/call-of-duty-guides-black-ops-6-multiplayer-map-guide-haven,https://www.callofduty.com/guides/blackops6/multiplayer-maps/call-of-duty-guides-black-ops-6-multiplayer-map-guide-haven,Call of Duty | Guides - Black Ops 6 Multiplayer Map Guide — Haven,Black Ops 6,Multiplayer,Map,"April 29, 2025",internal_link;sitemap,call-of-duty-guides-black-ops-6-multiplayer-map-guide-haven-845b3fcb10.html,2026-09-18T06:49:45.956855+00:00
f76aea896fd9d0b4,https://www.callofduty.com/guides/blackops6/multiplayer-maps/call-of-duty-guides-black-ops-6-multiplayer-map-guide-heirloom,https://www.callofduty.com/guides/blackops6/multiplayer-maps/call-of-duty-guides-black-ops-6-multiplayer-map-guide-heirloom,Call of Duty | Guides - Black Ops 6 Multiplayer Map Guide — Heirloom,Black Ops 6,Multiplayer,Map,"November 13, 2024",internal_link;sitemap,call-of-duty-guides-black-ops-6-multiplayer-map-guide-heirloom-f76aea896f.html,2026-09-18T06:49:45.990569+00:00
032e360a0b048045,https://www.callofduty.com/guides/blackops6/multiplayer-maps/call-of-duty-guides-black-ops-6-multiplayer-map-guide-hideout,https://www.callofduty.com/guides/blackops6/multiplayer-maps/call-of-duty-guides-black-ops-6-multiplayer-map-guide-hideout,Call of Duty | Guides - Black Ops 6 Multiplayer Map Guide — Hideout,Black Ops 6,Multiplayer,Map,"November 13, 2024",internal_link;sitemap,call-of-duty-guides-black-ops-6-multiplayer-map-guide-hideout-032e360a0b.html,2026-09-18T06:49:46.010444+00:00
bbf7c7e1c4e08022,https://www.callofduty.com/guides/blackops6/multiplayer-maps/call-of-duty-guides-black-ops-6-multiplayer-map-guide-jackpot,https://www.callofduty.com/guides/blackops6/multiplayer-maps/call-of-duty-guides-black-ops-6-multiplayer-map-guide-jackpot,Call of Duty | Guides - Black Ops 6 Multiplayer Map Guide — Jackpot,Black Ops 6,Multiplayer,Map,"September 02, 2025",internal_link;sitemap,call-of-duty-guides-black-ops-6-multiplayer-map-guide-jackpot-bbf7c7e1c4.html,2026-09-18T06:49:46.030073+00:00
74055fe01a35bcaa,https://www.callofduty.com/guides/blackops6/multiplayer-maps/call-of-duty-guides-black-ops-6-multiplayer-map-guide-lifeline,https://www.callofduty.com/guides/blackops6/multiplayer-maps/call-of-duty-guides-black-ops-6-multiplayer-map-guide-lifeline,Call of Duty | Guides - Black Ops 6 Multiplayer Map Guide — Lifeline,Black Ops 6,Multiplayer,Map,"January 24, 2025",internal_link;sitemap,call-of-duty-guides-black-ops-6-multiplayer-map-guide-lifeline-74055fe01a.html,2026-09-18T06:49:46.048567+00:00
2c880e15966cec20,https://www.callofduty.com/guides/blackops6/multiplayer-maps/call-of-duty-guides-black-ops-6-multiplayer-map-guide-lowtown,https://www.callofduty.com/guides/blackops6/multiplayer-maps/call-of-duty-guides-black-ops-6-multiplayer-map-guide-lowtown,Call of Duty | Guides - Black Ops 6 Multiplayer Map Guide — Lowtown,Black Ops 6,Multiplayer,Map,"October 23, 2024",internal_link;sitemap,call-of-duty-guides-black-ops-6-multiplayer-map-guide-lowtown-2c880e1596.html,2026-09-18T06:49:46.069789+00:00
b40fdfbb086c4bba,https://www.callofduty.com/guides/blackops6/multiplayer-maps/call-of-duty-guides-black-ops-6-multiplayer-map-guide-nomad,https://www.callofduty.com/guides/blackops6/multiplayer-maps/call-of-duty-guides-black-ops-6-multiplayer-map-guide-nomad,Call of Duty | Guides - Black Ops 6 Multiplayer Map Guide — Nomad,Black Ops 6,Multiplayer,Map,"April 02, 2025",internal_link;sitemap,call-of-duty-guides-black-ops-6-multiplayer-map-guide-nomad-b40fdfbb08.html,2026-09-18T06:49:46.088130+00:00
23e22d624054a891,https://www.callofduty.com/guides/blackops6/multiplayer-maps/call-of-duty-guides-black-ops-6-multiplayer-map-guide-payback,https://www.callofduty.com/guides/blackops6/multiplayer-maps/call-of-duty-guides-black-ops-6-multiplayer-map-guide-payback,Call of Duty | Guides - Black Ops 6 Multiplayer Map Guide — Payback,Black Ops 6,Multiplayer,Map,"October 23, 2024",internal_link;sitemap,call-of-duty-guides-black-ops-6-multiplayer-map-guide-payback-23e22d6240.html,2026-09-18T06:49:46.108704+00:00
d67fdf583713377b,https://www.callofduty.com/guides/blackops6/multiplayer-maps/call-of-duty-guides-black-ops-6-multiplayer-map-guide-pit,https://www.callofduty.com/guides/blackops6/multiplayer-maps/call-of-duty-guides-black-ops-6-multiplayer-map-guide-pit,Call of Duty | Guides - Black Ops 6 Multiplayer Map Guide — Pit,Black Ops 6,Multiplayer,Map,"August 27, 2024",internal_link;sitemap,call-of-duty-guides-black-ops-6-multiplayer-map-guide-pit-d67fdf5837.html,2026-09-18T06:49:46.129375+00:00
fcba0a2eb0a09c6e,https://www.callofduty.com/guides/blackops6/multiplayer-maps/call-of-duty-guides-black-ops-6-multiplayer-map-guide-protocol,https://www.callofduty.com/guides/blackops6/multiplayer-maps/call-of-duty-guides-black-ops-6-multiplayer-map-guide-protocol,Call of Duty | Guides - Black Ops 6 Multiplayer Map Guide — Protocol,Black Ops 6,Multiplayer,Map,"October 23, 2024",internal_link;sitemap,call-of-duty-guides-black-ops-6-multiplayer-map-guide-protocol-fcba0a2eb0.html,2026-09-18T06:49:46.151035+00:00
cec19afe8f7ce7d5,https://www.callofduty.com/guides/blackops6/multiplayer-maps/call-of-duty-guides-black-ops-6-multiplayer-map-guide-racket,https://www.callofduty.com/guides/blackops6/multiplayer-maps/call-of-duty-guides-black-ops-6-multiplayer-map-guide-racket,Call of Duty | Guides - Black Ops 6 Multiplayer Map Guide — Racket,Black Ops 6,Multiplayer,Map,"December 10, 2024",internal_link;sitemap,call-of-duty-guides-black-ops-6-multiplayer-map-guide-racket-cec19afe8f.html,2026-09-18T06:49:46.169584+00:00
a1310dd6aa4f05e2,https://www.callofduty.com/guides/blackops6/multiplayer-maps/call-of-duty-guides-black-ops-6-multiplayer-map-guide-red-card,https://www.callofduty.com/guides/blackops6/multiplayer-maps/call-of-duty-guides-black-ops-6-multiplayer-map-guide-red-card,Call of Duty | Guides - Black Ops 6 Multiplayer Map Guide — Red Card,Black Ops 6,Multiplayer,Map,"October 23, 2024",internal_link;sitemap,call-of-duty-guides-black-ops-6-multiplayer-map-guide-red-card-a1310dd6aa.html,2026-09-18T06:49:46.190916+00:00
2d0ace61b6c8bfd2,https://www.callofduty.com/guides/blackops6/multiplayer-maps/call-of-duty-guides-black-ops-6-multiplayer-map-guide-rewind,https://www.callofduty.com/guides/blackops6/multiplayer-maps/call-of-duty-guides-black-ops-6-multiplayer-map-guide-rewind,Call of Duty | Guides - Black Ops 6 Multiplayer Map Guide — Rewind,Black Ops 6,Multiplayer,Map,"August 27, 2024",internal_link;sitemap,call-of-duty-guides-black-ops-6-multiplayer-map-guide-rewind-2d0ace61b6.html,2026-09-18T06:49:46.214293+00:00
c261b362bea73c5e,https://www.callofduty.com/guides/blackops6/multiplayer-maps/call-of-duty-guides-black-ops-6-multiplayer-map-guide-runway,https://www.callofduty.com/guides/blackops6/multiplayer-maps/call-of-duty-guides-black-ops-6-multiplayer-map-guide-runway,Call of Duty | Guides - Black Ops 6 Multiplayer Map Guide — Runway,Black Ops 6,Multiplayer,Map,"August 01, 2025",internal_link;sitemap,call-of-duty-guides-black-ops-6-multiplayer-map-guide-runway-c261b362be.html,2026-09-18T06:49:46.234397+00:00
43a2be0d03c48508,https://www.callofduty.com/guides/blackops6/multiplayer-maps/call-of-duty-guides-black-ops-6-multiplayer-map-guide-scud,https://www.callofduty.com/guides/blackops6/multiplayer-maps/call-of-duty-guides-black-ops-6-multiplayer-map-guide-scud,Call of Duty | Guides - Black Ops 6 Multiplayer Map Guide — Scud,Black Ops 6,Multiplayer,Map,"August 27, 2024",internal_link;sitemap,call-of-duty-guides-black-ops-6-multiplayer-map-guide-scud-43a2be0d03.html,2026-09-18T06:49:46.271345+00:00
ffc438ef704231bb,https://www.callofduty.com/guides/blackops6/multiplayer-maps/call-of-duty-guides-black-ops-6-multiplayer-map-guide-shutdown,https://www.callofduty.com/guides/blackops6/multiplayer-maps/call-of-duty-guides-black-ops-6-multiplayer-map-guide-shutdown,Call of Duty | Guides - Black Ops 6 Multiplayer Map Guide — Shutdown,Black Ops 6,Multiplayer,Map,"May 23, 2025",internal_link;sitemap,call-of-duty-guides-black-ops-6-multiplayer-map-guide-shutdown-ffc438ef70.html,2026-09-18T06:49:46.291633+00:00
f281139e67d0d231,https://www.callofduty.com/guides/blackops6/multiplayer-maps/call-of-duty-guides-black-ops-6-multiplayer-map-guide-signal,https://www.callofduty.com/guides/blackops6/multiplayer-maps/call-of-duty-guides-black-ops-6-multiplayer-map-guide-signal,Call of Duty | Guides - Black Ops 6 Multiplayer Map Guide — Signal,Black Ops 6,Multiplayer,Map,"April 29, 2025",internal_link;sitemap,call-of-duty-guides-black-ops-6-multiplayer-map-guide-signal-f281139e67.html,2026-09-18T06:49:46.311000+00:00
314188d365f0436d,https://www.callofduty.com/guides/blackops6/multiplayer-maps/call-of-duty-guides-black-ops-6-multiplayer-map-guide-skyline,https://www.callofduty.com/guides/blackops6/multiplayer-maps/call-of-duty-guides-black-ops-6-multiplayer-map-guide-skyline,Call of Duty | Guides - Black Ops 6 Multiplayer Map Guide — Skyline,Black Ops 6,Multiplayer,Map,"August 27, 2024",internal_link;sitemap,call-of-duty-guides-black-ops-6-multiplayer-map-guide-skyline-314188d365.html,2026-09-18T06:49:46.333367+00:00
67044868d3d477e9,https://www.callofduty.com/guides/blackops6/multiplayer-maps/call-of-duty-guides-black-ops-6-multiplayer-map-guide-stakeout,https://www.callofduty.com/guides/blackops6/multiplayer-maps/call-of-duty-guides-black-ops-6-multiplayer-map-guide-stakeout,Call of Duty | Guides - Black Ops 6 Multiplayer Map Guide — Stakeout,Black Ops 6,Multiplayer,Map,"October 23, 2024",internal_link;sitemap,call-of-duty-guides-black-ops-6-multiplayer-map-guide-stakeout-67044868d3.html,2026-09-18T06:49:46.354028+00:00
61704786f3df9146,https://www.callofduty.com/guides/blackops6/multiplayer-maps/call-of-duty-guides-black-ops-6-multiplayer-map-guide-subsonic,https://www.callofduty.com/guides/blackops6/multiplayer-maps/call-of-duty-guides-black-ops-6-multiplayer-map-guide-subsonic,Call of Duty | Guides - Black Ops 6 Multiplayer Map Guide — Subsonic,Black Ops 6,Multiplayer,Map,"October 23, 2024",internal_link;sitemap,call-of-duty-guides-black-ops-6-multiplayer-map-guide-subsonic-61704786f3.html,2026-09-18T06:49:46.373898+00:00
a09a17a994b81aa6,https://www.callofduty.com/guides/blackops6/multiplayer-maps/call-of-duty-guides-black-ops-6-multiplayer-map-guide-vault,https://www.callofduty.com/guides/blackops6/multiplayer-maps/call-of-duty-guides-black-ops-6-multiplayer-map-guide-vault,Call of Duty | Guides - Black Ops 6 Multiplayer Map Guide — Vault,Black Ops 6,Multiplayer,Map,"October 23, 2024",internal_link;sitemap,call-of-duty-guides-black-ops-6-multiplayer-map-guide-vault-a09a17a994.html,2026-09-18T06:49:46.394379+00:00
281e9ce1b6604345,https://www.callofduty.com/guides/blackops6/multiplayer-maps/call-of-duty-guides-black-ops-6-multiplayer-map-guide-vorkuta,https://www.callofduty.com/guides/blackops6/multiplayer-maps/call-of-duty-guides-black-ops-6-multiplayer-map-guide-vorkuta,Call of Duty | Guides - Black Ops 6 Multiplayer Map Guide — Vorkuta,Black Ops 6,Multiplayer,Map,"October 23, 2024",internal_link;sitemap,call-of-duty-guides-black-ops-6-multiplayer-map-guide-vorkuta-281e9ce1b6.html,2026-09-18T06:49:46.414618+00:00
eaa1d2912fa4dd8d,https://www.callofduty.com/guides/blackops6/multiplayer-maps/call-of-duty-guides-black-ops-6-multiplayer-map-guide-warhead,https://www.callofduty.com/guides/blackops6/multiplayer-maps/call-of-duty-guides-black-ops-6-multiplayer-map-guide-warhead,Call of Duty | Guides - Black Ops 6 Multiplayer Map Guide — Warhead,Black Ops 6,Multiplayer,Map,"October 23, 2024",internal_link;sitemap,call-of-duty-guides-black-ops-6-multiplayer-map-guide-warhead-eaa1d2912f.html,2026-09-18T06:49:46.435676+00:00
5f7f533305cf5756,https://www.callofduty.com/guides/blackops6/multiplayer-maps/call-of-duty-guides-black-ops-6-multiplayer-map-guide-world-motor-dynasty-wmd,https://www.callofduty.com/guides/blackops6/multiplayer-maps/call-of-duty-guides-black-ops-6-multiplayer-map-guide-world-motor-dynasty-wmd,Call of Duty | Guides - Black Ops 6 Multiplayer Map Guide — World Motor Dynasty (W.M.D.),Black Ops 6,Multiplayer,Map,"August 01, 2025",internal_link;sitemap,call-of-duty-guides-black-ops-6-multiplayer-map-guide-world-motor-dynasty-wmd-5f7f533305.html,2026-09-18T06:49:46.455430+00:00
9fd8e38841402d03,https://www.callofduty.com/guides/blackops6/pre-game/call-of-duty-guides-black-ops-6-multiplayer-pre-game-weapons-and-loadouts,https://www.callofduty.com/guides/blackops6/pre-game/call-of-duty-guides-black-ops-6-multiplayer-pre-game-weapons-and-loadouts,Call of Duty | Guides - Black Ops 6 Multiplayer: Pre-Game — Weapons & Loadouts,Black Ops 6,Multiplayer,Weapon,"August 27, 2024",internal_link;sitemap,call-of-duty-guides-black-ops-6-multiplayer-pre-game-weapons-and-loadouts-9fd8e38841.html,2026-09-18T06:49:46.563954+00:00
441eab9fd284bdca,https://www.callofduty.com/guides/blackops6/training/call-of-duty-guides-black-ops-6-multiplayer-how-to-play,https://www.callofduty.com/guides/blackops6/training/call-of-duty-guides-black-ops-6-multiplayer-how-to-play,Call of Duty | Guides - Black Ops 6 Multiplayer: How to Play,Black Ops 6,Multiplayer,Guide,"October 23, 2024",internal_link;sitemap,call-of-duty-guides-black-ops-6-multiplayer-how-to-play-441eab9fd2.html,2026-09-18T06:49:46.601574+00:00
5389470c33c52c29,https://www.callofduty.com/guides/blackops6/training/call-of-duty-guides-black-ops-6-multiplayer-leveling-up-and-progression,https://www.callofduty.com/guides/blackops6/training/call-of-duty-guides-black-ops-6-multiplayer-leveling-up-and-progression,Call of Duty | Guides - Black Ops 6 Multiplayer Guide — Leveling Up and Progression,Black Ops 6,Multiplayer,Progression,"October 23, 2024",internal_link;sitemap,call-of-duty-guides-black-ops-6-multiplayer-leveling-up-and-progression-5389470c33.html,2026-09-18T06:49:46.618430+00:00
0f886d6cf19fff50,https://www.callofduty.com/guides/blackops6/training/call-of-duty-guides-black-ops-6-multiplayer-training-controls,https://www.callofduty.com/guides/blackops6/training/call-of-duty-guides-black-ops-6-multiplayer-training-controls,Call of Duty | Guides - Black Ops 6 Multiplayer Training — Controls,Black Ops 6,Multiplayer,Guide,"October 23, 2024",internal_link;sitemap,call-of-duty-guides-black-ops-6-multiplayer-training-controls-0f886d6cf1.html,2026-09-18T06:49:46.637530+00:00
d3a05f8c7c2a2695,https://www.callofduty.com/guides/blackops6/training/call-of-duty-guides-black-ops-6-multiplayer-training-movement,https://www.callofduty.com/guides/blackops6/training/call-of-duty-guides-black-ops-6-multiplayer-training-movement,Call of Duty | Guides - Black Ops 6 Multiplayer Training — Movement,Black Ops 6,Multiplayer,Guide,"October 23, 2024",internal_link;sitemap,call-of-duty-guides-black-ops-6-multiplayer-training-movement-d3a05f8c7c.html,2026-09-18T06:49:46.661924+00:00
f9fb885f45269e3a,https://www.callofduty.com/guides/blackops6/zombies/call-of-duty-guides-black-ops-6-round-based-zombies-citadelle-des-morts,https://www.callofduty.com/guides/blackops6/zombies/call-of-duty-guides-black-ops-6-round-based-zombies-citadelle-des-morts,Call of Duty | Guides - Black Ops 6 Round Based Zombies — Citadelle des Morts,Black Ops 6,Zombies,Guide,"January 15, 2025",internal_link;sitemap,call-of-duty-guides-black-ops-6-round-based-zombies-citadelle-des-morts-f9fb885f45.html,2026-09-18T06:49:46.700988+00:00
e0fb992ba407fff3,https://www.callofduty.com/guides/blackops6/zombies/call-of-duty-guides-black-ops-6-round-based-zombies-directed-mode-reckoning,https://www.callofduty.com/guides/blackops6/zombies/call-of-duty-guides-black-ops-6-round-based-zombies-directed-mode-reckoning,Call of Duty | Guides - Black Ops 6 Round Based Zombies Directed Mode — Reckoning,Black Ops 6,Zombies,Mode,"September 04, 2025",internal_link;sitemap,call-of-duty-guides-black-ops-6-round-based-zombies-directed-mode-reckoning-e0fb992ba4.html,2026-09-18T06:49:46.752405+00:00
701107e5d0a615a0,https://www.callofduty.com/guides/blackops6/zombies/call-of-duty-guides-black-ops-6-round-based-zombies-directed-mode-shattered-veil,https://www.callofduty.com/guides/blackops6/zombies/call-of-duty-guides-black-ops-6-round-based-zombies-directed-mode-shattered-veil,Call of Duty | Guides - Black Ops 6 Round Based Zombies Directed Mode — Shattered Veil,Black Ops 6,Zombies,Mode,"May 08, 2025",internal_link;sitemap,call-of-duty-guides-black-ops-6-round-based-zombies-directed-mode-shattered-veil-701107e5d0.html,2026-09-18T06:49:46.820814+00:00
8908fbbf8c2f2624,https://www.callofduty.com/guides/blackops6/zombies/call-of-duty-guides-black-ops-6-round-based-zombies-liberty-falls,https://www.callofduty.com/guides/blackops6/zombies/call-of-duty-guides-black-ops-6-round-based-zombies-liberty-falls,Call of Duty | Guides - Black Ops 6 Round Based Zombies — Liberty Falls,Black Ops 6,Zombies,Guide,"November 21, 2024",internal_link;sitemap,call-of-duty-guides-black-ops-6-round-based-zombies-liberty-falls-8908fbbf8c.html,2026-09-18T06:49:46.843199+00:00
a4fdf193f6c2051c,https://www.callofduty.com/guides/blackops6/zombies/call-of-duty-guides-black-ops-6-round-based-zombies-terminus,https://www.callofduty.com/guides/blackops6/zombies/call-of-duty-guides-black-ops-6-round-based-zombies-terminus,Call of Duty | Guides - Black Ops 6 Round Based Zombies — Terminus,Black Ops 6,Zombies,Guide,"November 21, 2024",internal_link;sitemap,call-of-duty-guides-black-ops-6-round-based-zombies-terminus-a4fdf193f6.html,2026-09-18T06:49:46.872305+00:00
47f8cedd5cffc676,https://www.callofduty.com/guides/blackops6/zombies/call-of-duty-guides-black-ops-6-round-based-zombies-the-tomb,https://www.callofduty.com/guides/blackops6/zombies/call-of-duty-guides-black-ops-6-round-based-zombies-the-tomb,Call of Duty | Guides - Black Ops 6 Round Based Zombies — The Tomb,Black Ops 6,Zombies,Guide,"February 20, 2025",internal_link;sitemap,call-of-duty-guides-black-ops-6-round-based-zombies-the-tomb-47f8cedd5c.html,2026-09-18T06:49:46.921571+00:00
522f4b966f690996,https://www.callofduty.com/guides/blackops6/zombies/call-of-duty-guides-black-ops-6-zombies-mode-guide-grief,https://www.callofduty.com/guides/blackops6/zombies/call-of-duty-guides-black-ops-6-zombies-mode-guide-grief,Call of Duty | Guides - Black Ops 6 Zombies Mode Guide — Grief,Black Ops 6,Zombies,Mode,"May 22, 2025",internal_link;sitemap,call-of-duty-guides-black-ops-6-zombies-mode-guide-grief-522f4b966f.html,2026-09-18T06:49:46.944733+00:00
26b6917e3513c5c9,https://www.callofduty.com/guides/blackops7,https://www.callofduty.com/guides/blackops7,Call of Duty®: Guides | Black Ops 7,Black Ops 7,,Guide,,guide_hub;internal_link;sitemap,blackops7-26b6917e35.html,2026-09-18T06:49:46.988078+00:00
e04b7995f02f3adc,https://www.callofduty.com/guides/blackops7/modes/overload,https://www.callofduty.com/guides/blackops7/modes/overload,Call of Duty | Guides - Black Ops 7 Multiplayer Mode Guide — Overload,Black Ops 7,Multiplayer,Mode,"September 30, 2025",internal_link;sitemap,overload-e04b7995f0.html,2026-09-18T06:49:47.008611+00:00
6ed8fdcacbbba6ad,https://www.callofduty.com/guides/blackops7/multiplayer-maps/blackheart,https://www.callofduty.com/guides/blackops7/multiplayer-maps/blackheart,Call of Duty | Black Ops 7 Multiplayer Map Guide — Blackheart,Black Ops 7,Multiplayer,Map,,internal_link;sitemap,blackheart-6ed8fdcacb.html,2026-09-18T06:49:47.050852+00:00
672b83b0f68602f9,https://www.callofduty.com/guides/blackops7/multiplayer-maps/colossus,https://www.callofduty.com/guides/blackops7/multiplayer-maps/colossus,Call of Duty | Black Ops 7 Multiplayer Map Guide — Colossus,Black Ops 7,Multiplayer,Map,,internal_link;sitemap,colossus-672b83b0f6.html,2026-09-18T06:49:47.076321+00:00
bc28415e51fd5123,https://www.callofduty.com/guides/blackops7/multiplayer-maps/cortex,https://www.callofduty.com/guides/blackops7/multiplayer-maps/cortex,Call of Duty | Black Ops 7 Multiplayer Map Guide — Cortex,Black Ops 7,Multiplayer,Map,,internal_link;sitemap,cortex-bc28415e51.html,2026-09-18T06:49:47.103827+00:00
f3f8b4bf5fc2b89b,https://www.callofduty.com/guides/blackops7/multiplayer-maps/den,https://www.callofduty.com/guides/blackops7/multiplayer-maps/den,Call of Duty | Black Ops 7 Multiplayer Map Guide — Den,Black Ops 7,Multiplayer,Map,,internal_link;sitemap,den-f3f8b4bf5f.html,2026-09-18T06:49:47.130199+00:00
68091bfa180a5e2d,https://www.callofduty.com/guides/blackops7/multiplayer-maps/exposure,https://www.callofduty.com/guides/blackops7/multiplayer-maps/exposure,Call of Duty | Black Ops 7 Multiplayer Map Guide — Exposure,Black Ops 7,Multiplayer,Map,,internal_link;sitemap,exposure-68091bfa18.html,2026-09-18T06:49:47.156482+00:00
47b6fcb5a21d1dfe,https://www.callofduty.com/guides/blackops7/multiplayer-maps/express,https://www.callofduty.com/guides/blackops7/multiplayer-maps/express,Call of Duty | Black Ops 7 Multiplayer Map Guide — Express,Black Ops 7,Multiplayer,Map,,internal_link;sitemap,express-47b6fcb5a2.html,2026-09-18T06:49:47.182629+00:00
6d4d0e0894fb562b,https://www.callofduty.com/guides/blackops7/multiplayer-maps/fate,https://www.callofduty.com/guides/blackops7/multiplayer-maps/fate,Fate,,,,,internal_link;sitemap,fate-6d4d0e0894.html,2026-09-18T06:49:47.208817+00:00
4ecf59c1bda4f839,https://www.callofduty.com/guides/blackops7/multiplayer-maps/flagship,https://www.callofduty.com/guides/blackops7/multiplayer-maps/flagship,Call of Duty | Black Ops 7 Multiplayer Map Guide — Flagship,Black Ops 7,Multiplayer,Map,,internal_link;sitemap,flagship-4ecf59c1bd.html,2026-09-18T06:49:47.234947+00:00
f4c06f82c49a48f8,https://www.callofduty.com/guides/blackops7/multiplayer-maps/hijacked,https://www.callofduty.com/guides/blackops7/multiplayer-maps/hijacked,Call of Duty | Black Ops 7 Multiplayer Map Guide — Hijacked,Black Ops 7,Multiplayer,Map,,internal_link;sitemap,hijacked-f4c06f82c4.html,2026-09-18T06:49:47.261628+00:00
9b7d8f9b4e2a08aa,https://www.callofduty.com/guides/blackops7/multiplayer-maps/homestead,https://www.callofduty.com/guides/blackops7/multiplayer-maps/homestead,Call of Duty | Black Ops 7 Multiplayer Map Guide — Homestead,Black Ops 7,Multiplayer,Map,,internal_link;sitemap,homestead-9b7d8f9b4e.html,2026-09-18T06:49:47.288312+00:00
f889f0b2a9e14cdc,https://www.callofduty.com/guides/blackops7/multiplayer-maps/imprint,https://www.callofduty.com/guides/blackops7/multiplayer-maps/imprint,Call of Duty | Black Ops 7 Multiplayer Map Guide — Imprint,Black Ops 7,Multiplayer,Map,,internal_link;sitemap,imprint-f889f0b2a9.html,2026-09-18T06:49:47.331239+00:00
3636afe971e1397c,https://www.callofduty.com/guides/blackops7/multiplayer-maps/nuketown-2025,https://www.callofduty.com/guides/blackops7/multiplayer-maps/nuketown-2025,Nuketown 2025,,,,,internal_link;sitemap,nuketown-2025-3636afe971.html,2026-09-18T06:49:47.359682+00:00
0591da44253dc38e,https://www.callofduty.com/guides/blackops7/multiplayer-maps/odysseus,https://www.callofduty.com/guides/blackops7/multiplayer-maps/odysseus,Odysseus,,,,,internal_link;sitemap,odysseus-0591da4425.html,2026-09-18T06:49:47.387184+00:00
6a304602e6f0ad77,https://www.callofduty.com/guides/blackops7/multiplayer-maps/paranoia,https://www.callofduty.com/guides/blackops7/multiplayer-maps/paranoia,Call of Duty | Black Ops 7 Multiplayer Map Guide — Paranoia,Black Ops 7,Multiplayer,Map,,internal_link;sitemap,paranoia-6a304602e6.html,2026-09-18T06:49:47.412756+00:00
96c7bf61cbce62ee,https://www.callofduty.com/guides/blackops7/multiplayer-maps/raid,https://www.callofduty.com/guides/blackops7/multiplayer-maps/raid,Call of Duty | Black Ops 7 Multiplayer Map Guide — Raid,Black Ops 7,Multiplayer,Map,,internal_link;sitemap,raid-96c7bf61cb.html,2026-09-18T06:49:47.438098+00:00
b5f11937310cf401,https://www.callofduty.com/guides/blackops7/multiplayer-maps/retrieval,https://www.callofduty.com/guides/blackops7/multiplayer-maps/retrieval,Call of Duty | Black Ops 7 Multiplayer Map Guide — Retrieval,Black Ops 7,Multiplayer,Map,,internal_link;sitemap,retrieval-b5f1193731.html,2026-09-18T06:49:47.463532+00:00
8d0fc3b67451afa3,https://www.callofduty.com/guides/blackops7/multiplayer-maps/s01/fringe,https://www.callofduty.com/guides/blackops7/multiplayer-maps/s01/fringe,Fringe,,,,,internal_link;sitemap,fringe-8d0fc3b674.html,2026-09-18T06:49:47.489570+00:00
a8472191443e3a51,https://www.callofduty.com/guides/blackops7/multiplayer-maps/s01/meltdown,https://www.callofduty.com/guides/blackops7/multiplayer-maps/s01/meltdown,Meltdown,,,,,internal_link;sitemap,meltdown-a847219144.html,2026-09-18T06:49:47.515705+00:00
4edbad6eb2cb8149,https://www.callofduty.com/guides/blackops7/multiplayer-maps/s01/yakei,https://www.callofduty.com/guides/blackops7/multiplayer-maps/s01/yakei,Yakei,,,,,internal_link;sitemap,yakei-4edbad6eb2.html,2026-09-18T06:49:47.542183+00:00
fed11e417bc4f801,https://www.callofduty.com/guides/blackops7/multiplayer-maps/s02/cliff-town,https://www.callofduty.com/guides/blackops7/multiplayer-maps/s02/cliff-town,Cliff Town,,,,,internal_link;sitemap,cliff-town-fed11e417b.html,2026-09-18T06:49:47.569529+00:00
a39024c3f6a274ad,https://www.callofduty.com/guides/blackops7/multiplayer-maps/s02/firing-range,https://www.callofduty.com/guides/blackops7/multiplayer-maps/s02/firing-range,Firing Range,,,,,internal_link;sitemap,firing-range-a39024c3f6.html,2026-09-18T06:49:47.611201+00:00
7857206fd287b06a,https://www.callofduty.com/guides/blackops7/multiplayer-maps/s02/grind,https://www.callofduty.com/guides/blackops7/multiplayer-maps/s02/grind,Grind,,,,,internal_link;sitemap,grind-7857206fd2.html,2026-09-18T06:49:47.638643+00:00
df64585d1a231ce6,https://www.callofduty.com/guides/blackops7/multiplayer-maps/s02/nexus,https://www.callofduty.com/guides/blackops7/multiplayer-maps/s02/nexus,Nexus,,,,,internal_link;sitemap,nexus-df64585d1a.html,2026-09-18T06:49:47.665310+00:00
a1ecb42e3656c97a,https://www.callofduty.com/guides/blackops7/multiplayer-maps/s02/sake,https://www.callofduty.com/guides/blackops7/multiplayer-maps/s02/sake,Sake,,,,,internal_link;sitemap,sake-a1ecb42e36.html,2026-09-18T06:49:47.692159+00:00
83da1ed78fb9fe48,https://www.callofduty.com/guides/blackops7/multiplayer-maps/s02/slums,https://www.callofduty.com/guides/blackops7/multiplayer-maps/s02/slums,Slums,,,,,internal_link;sitemap,slums-83da1ed78f.html,2026-09-18T06:49:47.719315+00:00
53d7154be14e461d,https://www.callofduty.com/guides/blackops7/multiplayer-maps/s02/torment,https://www.callofduty.com/guides/blackops7/multiplayer-maps/s02/torment,Torment,,,,,internal_link;sitemap,torment-53d7154be1.html,2026-09-18T06:49:47.746141+00:00
684e5772c4c2c981,https://www.callofduty.com/guides/blackops7/multiplayer-maps/s02/torque,https://www.callofduty.com/guides/blackops7/multiplayer-maps/s02/torque,Torque,,,,,internal_link;sitemap,torque-684e5772c4.html,2026-09-18T06:49:47.772233+00:00
c0e1ea3795797162,https://www.callofduty.com/guides/blackops7/multiplayer-maps/s03/abyss,https://www.callofduty.com/guides/blackops7/multiplayer-maps/s03/abyss,Abyss,,,,,internal_link;sitemap,abyss-c0e1ea3795.html,2026-09-18T06:49:47.797577+00:00
03c002f75d19c034,https://www.callofduty.com/guides/blackops7/multiplayer-maps/s03/beacon,https://www.callofduty.com/guides/blackops7/multiplayer-maps/s03/beacon,Beacon,,,,,internal_link;sitemap,beacon-03c002f75d.html,2026-09-18T06:49:47.824056+00:00
d645ada62f644c46,https://www.callofduty.com/guides/blackops7/multiplayer-maps/s03/gridlock,https://www.callofduty.com/guides/blackops7/multiplayer-maps/s03/gridlock,Gridlock,,,,,internal_link;sitemap,gridlock-d645ada62f.html,2026-09-18T06:49:47.867515+00:00
03b46d2f5887fb6c,https://www.callofduty.com/guides/blackops7/multiplayer-maps/s03/hacienda,https://www.callofduty.com/guides/blackops7/multiplayer-maps/s03/hacienda,Hacienda,,,,,internal_link;sitemap,hacienda-03b46d2f58.html,2026-09-18T06:49:47.891417+00:00
7df3fe0d3fe33662,https://www.callofduty.com/guides/blackops7/multiplayer-maps/s03/onsen,https://www.callofduty.com/guides/blackops7/multiplayer-maps/s03/onsen,Onsen,,,,,internal_link;sitemap,onsen-7df3fe0d3f.html,2026-09-18T06:49:47.914998+00:00
5d658548b2397e57,https://www.callofduty.com/guides/blackops7/multiplayer-maps/s03/plaza,https://www.callofduty.com/guides/blackops7/multiplayer-maps/s03/plaza,Plaza,,,,,internal_link;sitemap,plaza-5d658548b2.html,2026-09-18T06:49:47.941777+00:00
abefd4946cde135f,https://www.callofduty.com/guides/blackops7/multiplayer-maps/s03/summit,https://www.callofduty.com/guides/blackops7/multiplayer-maps/s03/summit,Summit,,,,,internal_link;sitemap,summit-abefd4946c.html,2026-09-18T06:49:47.967007+00:00
81a758d6d606a9ed,https://www.callofduty.com/guides/blackops7/multiplayer-maps/s04/launch,https://www.callofduty.com/guides/blackops7/multiplayer-maps/s04/launch,Launch,,,,,internal_link;sitemap,launch-81a758d6d6.html,2026-09-18T06:49:47.991139+00:00
1fb7c1cf2f8b54b9,https://www.callofduty.com/guides/blackops7/multiplayer-maps/s04/liminal,https://www.callofduty.com/guides/blackops7/multiplayer-maps/s04/liminal,Liminal,,,,,internal_link;sitemap,liminal-1fb7c1cf2f.html,2026-09-18T06:49:48.013807+00:00
9eaea7197d7f9012,https://www.callofduty.com/guides/blackops7/multiplayer-maps/s04/primetime,https://www.callofduty.com/guides/blackops7/multiplayer-maps/s04/primetime,Primetime,,,,,internal_link;sitemap,primetime-9eaea7197d.html,2026-09-18T06:49:48.037748+00:00
bc5ed6e34bde237e,https://www.callofduty.com/guides/blackops7/multiplayer-maps/s04/vertigo,https://www.callofduty.com/guides/blackops7/multiplayer-maps/s04/vertigo,Vertigo,,,,,internal_link;sitemap,vertigo-bc5ed6e34b.html,2026-09-18T06:49:48.061476+00:00
df0dfee9214ca475,https://www.callofduty.com/guides/blackops7/multiplayer-maps/s04/zenith,https://www.callofduty.com/guides/blackops7/multiplayer-maps/s04/zenith,Zenith,,,,,internal_link;sitemap,zenith-df0dfee921.html,2026-09-18T06:49:48.085081+00:00
d6868be84381c5c2,https://www.callofduty.com/guides/blackops7/multiplayer-maps/s05/dig,https://www.callofduty.com/guides/blackops7/multiplayer-maps/s05/dig,Dig,,,,,internal_link;sitemap,dig-d6868be843.html,2026-09-18T06:49:48.108960+00:00
aef8e8ba91e70d51,https://www.callofduty.com/guides/blackops7/multiplayer-maps/s05/frequency,https://www.callofduty.com/guides/blackops7/multiplayer-maps/s05/frequency,Frequency,,,,,internal_link;sitemap,frequency-aef8e8ba91.html,2026-09-18T06:49:48.149897+00:00
b96f5116196ab91c,https://www.callofduty.com/guides/blackops7/multiplayer-maps/s05/jubilee,https://www.callofduty.com/guides/blackops7/multiplayer-maps/s05/jubilee,Jubilee,,,,,internal_link;sitemap,jubilee-b96f511619.html,2026-09-18T06:49:48.173539+00:00
a934cb7af5158679,https://www.callofduty.com/guides/blackops7/multiplayer-maps/s05/turbo-tilt,https://www.callofduty.com/guides/blackops7/multiplayer-maps/s05/turbo-tilt,Turbo Tilt,,,,,internal_link;sitemap,turbo-tilt-a934cb7af5.html,2026-09-18T06:49:48.196395+00:00
0c2ac71b3edda1f9,https://www.callofduty.com/guides/blackops7/multiplayer-maps/s06/quantum,https://www.callofduty.com/guides/blackops7/multiplayer-maps/s06/quantum,Quantum,,,,,internal_link,quantum-0c2ac71b3e.html,2026-09-18T06:49:48.220402+00:00
b499041df9b0663b,https://www.callofduty.com/guides/blackops7/multiplayer-maps/scar,https://www.callofduty.com/guides/blackops7/multiplayer-maps/scar,Call of Duty | Black Ops 7 Multiplayer Map Guide — Scar,Black Ops 7,Multiplayer,Map,,internal_link;sitemap,scar-b499041df9.html,2026-09-18T06:49:48.245919+00:00
30e124168107d250,https://www.callofduty.com/guides/blackops7/multiplayer-maps/standoff,https://www.callofduty.com/guides/blackops7/multiplayer-maps/standoff,Standoff,,,,,internal_link;sitemap,standoff-30e1241681.html,2026-09-18T06:49:48.273449+00:00
d161869a6e91cdc1,https://www.callofduty.com/guides/blackops7/multiplayer-maps/the-forge,https://www.callofduty.com/guides/blackops7/multiplayer-maps/the-forge,Call of Duty | Guides - Black Ops 7 Multiplayer Map Guide — The Forge,Black Ops 7,Multiplayer,Map,,internal_link;sitemap,the-forge-d161869a6e.html,2026-09-18T06:49:48.299895+00:00
d80cfe87f6fa051b,https://www.callofduty.com/guides/blackops7/multiplayer-maps/toshin,https://www.callofduty.com/guides/blackops7/multiplayer-maps/toshin,Call of Duty | Black Ops 7 Multiplayer Map Guide — Toshin,Black Ops 7,Multiplayer,Map,,internal_link;sitemap,toshin-d80cfe87f6.html,2026-09-18T06:49:48.326211+00:00
cbce9fe924cc073b,https://www.callofduty.com/guides/blackops7/multiplayer-maps/utopia,https://www.callofduty.com/guides/blackops7/multiplayer-maps/utopia,Utopia,,,,,internal_link;sitemap,utopia-cbce9fe924.html,2026-09-18T06:49:48.352447+00:00
c8d8b0bc5c0f3974,https://www.callofduty.com/guides/blackops7/training/cod-101,https://www.callofduty.com/guides/blackops7/training/cod-101,COD 101,,,,"November 12, 2025",internal_link;sitemap,cod-101-c8d8b0bc5c.html,2026-09-18T06:49:48.371972+00:00
580378482bf672b3,https://www.callofduty.com/guides/blackops7/weapons,https://www.callofduty.com/guides/blackops7/weapons,Call of Duty®: Guides | Black Ops 7,Black Ops 7,,Guide,,internal_link;sitemap,weapons-580378482b.html,2026-09-18T06:49:48.425569+00:00
cc8eaade379851b1,https://www.callofduty.com/guides/blackops7/weapons/assault-rifle/ak-27,https://www.callofduty.com/guides/blackops7/weapons/assault-rifle/ak-27,AK-27,,,,"November 13, 2025",internal_link;sitemap,ak-27-cc8eaade37.html,2026-09-18T06:49:48.479434+00:00
62fe08ceae134ef1,https://www.callofduty.com/guides/blackops7/weapons/assault-rifle/ds20-mirage,https://www.callofduty.com/guides/blackops7/weapons/assault-rifle/ds20-mirage,DS20 Mirage,,,,"November 13, 2025",internal_link;sitemap,ds20-mirage-62fe08ceae.html,2026-09-18T06:49:48.531257+00:00
ce52f781d8950492,https://www.callofduty.com/guides/blackops7/weapons/assault-rifle/m15-mod-0,https://www.callofduty.com/guides/blackops7/weapons/assault-rifle/m15-mod-0,M15 MOD 0,,,,"November 13, 2025",internal_link;sitemap,m15-mod-0-ce52f781d8.html,2026-09-18T06:49:48.579979+00:00
27580bace8e14c8d,https://www.callofduty.com/guides/blackops7/weapons/assault-rifle/maddox-rfb,https://www.callofduty.com/guides/blackops7/weapons/assault-rifle/maddox-rfb,Maddox RFB,,,,"December 04, 2025",internal_link;sitemap,maddox-rfb-27580bace8.html,2026-09-18T06:49:48.628960+00:00
b2cd4746bac47e1e,https://www.callofduty.com/guides/blackops7/weapons/assault-rifle/mxr-17,https://www.callofduty.com/guides/blackops7/weapons/assault-rifle/mxr-17,MXR-17,,,,"November 13, 2025",internal_link;sitemap,mxr-17-b2cd4746ba.html,2026-09-18T06:49:48.694988+00:00
b6de01bad6421487,https://www.callofduty.com/guides/blackops7/weapons/assault-rifle/peacekeeper-mk1,https://www.callofduty.com/guides/blackops7/weapons/assault-rifle/peacekeeper-mk1,Peacekeeper MK1,,,,"November 13, 2025",internal_link;sitemap,peacekeeper-mk1-b6de01bad6.html,2026-09-18T06:49:48.744834+00:00
1933f4c1d6e7c876,https://www.callofduty.com/guides/blackops7/weapons/assault-rifle/s02/egrt-17,https://www.callofduty.com/guides/blackops7/weapons/assault-rifle/s02/egrt-17,EGRT-17,,,,"January 29, 2026",internal_link;sitemap,egrt-17-1933f4c1d6.html,2026-09-18T06:49:48.795558+00:00
8a74ceef075b9bbe,https://www.callofduty.com/guides/blackops7/weapons/assault-rifle/s02/voyak-kt-3,https://www.callofduty.com/guides/blackops7/weapons/assault-rifle/s02/voyak-kt-3,Voyak KT-3,,,,"March 23, 2026",internal_link;sitemap,voyak-kt-3-8a74ceef07.html,2026-09-18T06:49:48.846393+00:00
3991c86ce1912ee5,https://www.callofduty.com/guides/blackops7/weapons/assault-rifle/s03/mk35-isr,https://www.callofduty.com/guides/blackops7/weapons/assault-rifle/s03/mk35-isr,MK35-ISR,,,,"March 25, 2026",internal_link;sitemap,mk35-isr-3991c86ce1.html,2026-09-18T06:49:48.896235+00:00
d5c0491c7a8732c2,https://www.callofduty.com/guides/blackops7/weapons/assault-rifle/s05/fg42,https://www.callofduty.com/guides/blackops7/weapons/assault-rifle/s05/fg42,FG42,,,,"August 04, 2026",internal_link;sitemap,fg42-d5c0491c7a.html,2026-09-18T06:49:48.962681+00:00
ce80130673b5d677,https://www.callofduty.com/guides/blackops7/weapons/assault-rifle/x9-maverick,https://www.callofduty.com/guides/blackops7/weapons/assault-rifle/x9-maverick,X9 Maverick,,,,"November 13, 2025",internal_link;sitemap,x9-maverick-ce80130673.html,2026-09-18T06:49:49.013352+00:00
5508e319fc98a8e5,https://www.callofduty.com/guides/blackops7/weapons/launcher/aarow-109,https://www.callofduty.com/guides/blackops7/weapons/launcher/aarow-109,Aarow 109,,,,"November 13, 2025",internal_link;sitemap,aarow-109-5508e319fc.html,2026-09-18T06:49:49.062170+00:00
18bd9d032019ace2,https://www.callofduty.com/guides/blackops7/weapons/launcher/arc-m1,https://www.callofduty.com/guides/blackops7/weapons/launcher/arc-m1,A.R.C. M1,,,,"November 13, 2025",internal_link;sitemap,arc-m1-18bd9d0320.html,2026-09-18T06:49:49.110750+00:00
1bda9ebb971a6f83,https://www.callofduty.com/guides/blackops7/weapons/lmg/mk-78,https://www.callofduty.com/guides/blackops7/weapons/lmg/mk-78,Mk.78,,,,"November 13, 2025",internal_link;sitemap,mk-78-1bda9ebb97.html,2026-09-18T06:49:49.159409+00:00
5a7b09e447ddd2e3,https://www.callofduty.com/guides/blackops7/weapons/lmg/s05/mammoth,https://www.callofduty.com/guides/blackops7/weapons/lmg/s05/mammoth,Mammoth,,,,"August 13, 2026",internal_link;sitemap,mammoth-5a7b09e447.html,2026-09-18T06:49:49.224840+00:00
3e2d9d005ec21d3b,https://www.callofduty.com/guides/blackops7/weapons/lmg/sokol-545,https://www.callofduty.com/guides/blackops7/weapons/lmg/sokol-545,Sokol 545,,,,"November 13, 2025",internal_link;sitemap,sokol-545-3e2d9d005e.html,2026-09-18T06:49:49.273996+00:00
e6160a5110232c06,https://www.callofduty.com/guides/blackops7/weapons/lmg/xm325,https://www.callofduty.com/guides/blackops7/weapons/lmg/xm325,XM325,,,,"November 13, 2025",internal_link;sitemap,xm325-e6160a5110.html,2026-09-18T06:49:49.323050+00:00
fc06fab0c668e88f,https://www.callofduty.com/guides/blackops7/weapons/marksman-rifle/KRS-762,https://www.callofduty.com/guides/blackops7/weapons/marksman-rifle/KRS-762,KRS-7.62,,,,"June 02, 2026",internal_link;sitemap,KRS-762-fc06fab0c6.html,2026-09-18T06:49:49.374386+00:00
f5288f153adc983f,https://www.callofduty.com/guides/blackops7/weapons/marksman-rifle/m34-novaline,https://www.callofduty.com/guides/blackops7/weapons/marksman-rifle/m34-novaline,M34 Novaline,,,,"November 13, 2025",internal_link;sitemap,m34-novaline-f5288f153a.html,2026-09-18T06:49:49.439329+00:00
12ebfae07ff8ed60,https://www.callofduty.com/guides/blackops7/weapons/marksman-rifle/m8a1,https://www.callofduty.com/guides/blackops7/weapons/marksman-rifle/m8a1,M8A1,,,,"November 13, 2025",internal_link;sitemap,m8a1-12ebfae07f.html,2026-09-18T06:49:49.489232+00:00
fef2880748f370c6,https://www.callofduty.com/guides/blackops7/weapons/marksman-rifle/swordfish-a1,https://www.callofduty.com/guides/blackops7/weapons/marksman-rifle/swordfish-a1,Swordfish A1,,,,"November 17, 2025",internal_link;sitemap,swordfish-a1-fef2880748.html,2026-09-18T06:49:49.540335+00:00
61ccff2c06700179,https://www.callofduty.com/guides/blackops7/weapons/marksman-rifle/warden-308,https://www.callofduty.com/guides/blackops7/weapons/marksman-rifle/warden-308,Warden 308,,,,"November 13, 2025",internal_link;sitemap,warden-308-61ccff2c06.html,2026-09-18T06:49:49.590911+00:00
fe86cd792a6d84ec,https://www.callofduty.com/guides/blackops7/weapons/melee/ballistic-knife,https://www.callofduty.com/guides/blackops7/weapons/melee/ballistic-knife,Ballistic Knife,,,,"December 04, 2025",internal_link;sitemap,ballistic-knife-fe86cd792a.html,2026-09-18T06:49:49.640474+00:00
cf42a01be979b539,https://www.callofduty.com/guides/blackops7/weapons/melee/flatline-mk-ii,https://www.callofduty.com/guides/blackops7/weapons/melee/flatline-mk-ii,Flatline MK.II,,,,"November 13, 2025",internal_link;sitemap,flatline-mk-ii-cf42a01be9.html,2026-09-18T06:49:49.707140+00:00
a7aa0fe653e0254f,https://www.callofduty.com/guides/blackops7/weapons/melee/knife,https://www.callofduty.com/guides/blackops7/weapons/melee/knife,Knife,,,,"November 13, 2025",internal_link;sitemap,knife-a7aa0fe653.html,2026-09-18T06:49:49.757398+00:00
fd8fa52a3ed77f09,https://www.callofduty.com/guides/blackops7/weapons/melee/s02/h311-saw,https://www.callofduty.com/guides/blackops7/weapons/melee/s02/h311-saw,H311-SAW,,,,"January 29, 2026",internal_link;sitemap,h311-saw-fd8fa52a3e.html,2026-09-18T06:49:49.815215+00:00
39cc617552a28c91,https://www.callofduty.com/guides/blackops7/weapons/melee/s03/katana,https://www.callofduty.com/guides/blackops7/weapons/melee/s03/katana,Katana,,,,"May 13, 2026",internal_link;sitemap,katana-39cc617552.html,2026-09-18T06:49:49.874498+00:00
2e280224063e8775,https://www.callofduty.com/guides/blackops7/weapons/melee/s05/mace,https://www.callofduty.com/guides/blackops7/weapons/melee/s05/mace,Mace,,,,"August 13, 2026",internal_link;sitemap,mace-2e28022406.html,2026-09-18T06:49:49.949739+00:00
e27ccc7943664762,https://www.callofduty.com/guides/blackops7/weapons/pistol/coda-9,https://www.callofduty.com/guides/blackops7/weapons/pistol/coda-9,Coda 9,,,,"November 13, 2025",internal_link;sitemap,coda-9-e27ccc7943.html,2026-09-18T06:49:49.999734+00:00
fe23b0f0fb2b230f,https://www.callofduty.com/guides/blackops7/weapons/pistol/jager-45,https://www.callofduty.com/guides/blackops7/weapons/pistol/jager-45,Jäger 45,,,,"November 13, 2025",internal_link;sitemap,jager-45-fe23b0f0fb.html,2026-09-18T06:49:50.049935+00:00
b297227894017c90,https://www.callofduty.com/guides/blackops7/weapons/pistol/s03/1911,https://www.callofduty.com/guides/blackops7/weapons/pistol/s03/1911,1911,,,,"April 16, 2026",internal_link;sitemap,1911-b297227894.html,2026-09-18T06:49:50.109735+00:00
1d39937e95893e0f,https://www.callofduty.com/guides/blackops7/weapons/pistol/velox-5-7,https://www.callofduty.com/guides/blackops7/weapons/pistol/velox-5-7,Velox 5.7,,,,"November 13, 2025",internal_link;sitemap,velox-5-7-1d39937e95.html,2026-09-18T06:49:50.160094+00:00
c1b834d90acd9edb,https://www.callofduty.com/guides/blackops7/weapons/shotgun/akita,https://www.callofduty.com/guides/blackops7/weapons/shotgun/akita,Akita,,,,"November 13, 2025",internal_link;sitemap,akita-c1b834d90a.html,2026-09-18T06:49:50.227267+00:00
04c19fac379ee644,https://www.callofduty.com/guides/blackops7/weapons/shotgun/echo-12,https://www.callofduty.com/guides/blackops7/weapons/shotgun/echo-12,Echo 12,,,,"November 13, 2025",internal_link;sitemap,echo-12-04c19fac37.html,2026-09-18T06:49:50.277143+00:00
4e642d21932c0bd9,https://www.callofduty.com/guides/blackops7/weapons/shotgun/m10-breacher,https://www.callofduty.com/guides/blackops7/weapons/shotgun/m10-breacher,M10 Breacher,,,,"November 13, 2025",internal_link;sitemap,m10-breacher-4e642d2193.html,2026-09-18T06:49:50.326923+00:00
d6e7dc624df0dce4,https://www.callofduty.com/guides/blackops7/weapons/shotgun/sg-12,https://www.callofduty.com/guides/blackops7/weapons/shotgun/sg-12,SG-12,,,,"March 11, 2026",internal_link;sitemap,sg-12-d6e7dc624d.html,2026-09-18T06:49:50.378042+00:00
16327b4c4f17a9ca,https://www.callofduty.com/guides/blackops7/weapons/smg/carbon-57,https://www.callofduty.com/guides/blackops7/weapons/smg/carbon-57,Carbon 57,,,,"November 13, 2025",internal_link;sitemap,carbon-57-16327b4c4f.html,2026-09-18T06:49:50.429791+00:00
9c9c322d2415ea94,https://www.callofduty.com/guides/blackops7/weapons/smg/dravec-45,https://www.callofduty.com/guides/blackops7/weapons/smg/dravec-45,Dravec 45,,,,"November 13, 2025",internal_link;sitemap,dravec-45-9c9c322d24.html,2026-09-18T06:49:50.496320+00:00
a09a3f8bdd6256d4,https://www.callofduty.com/guides/blackops7/weapons/smg/kogot-7,https://www.callofduty.com/guides/blackops7/weapons/smg/kogot-7,Kogot-7,,,,"December 04, 2025",internal_link;sitemap,kogot-7-a09a3f8bdd.html,2026-09-18T06:49:50.545970+00:00
3f0926185f1137b8,https://www.callofduty.com/guides/blackops7/weapons/smg/mpc-25,https://www.callofduty.com/guides/blackops7/weapons/smg/mpc-25,MPC-25,,,,"November 13, 2025",internal_link;sitemap,mpc-25-3f0926185f.html,2026-09-18T06:49:50.597189+00:00
e4671e4ca742961d,https://www.callofduty.com/guides/blackops7/weapons/smg/razor-9mm,https://www.callofduty.com/guides/blackops7/weapons/smg/razor-9mm,Razor 9mm,,,,"November 13, 2025",internal_link;sitemap,razor-9mm-e4671e4ca7.html,2026-09-18T06:49:50.647265+00:00
6557056d85171f00,https://www.callofduty.com/guides/blackops7/weapons/smg/rk-9,https://www.callofduty.com/guides/blackops7/weapons/smg/rk-9,RK-9,,,,"November 13, 2025",internal_link;sitemap,rk-9-6557056d85.html,2026-09-18T06:49:50.697163+00:00
e349c90b9cedab4e,https://www.callofduty.com/guides/blackops7/weapons/smg/ryden-45k,https://www.callofduty.com/guides/blackops7/weapons/smg/ryden-45k,Ryden 45k,,,,"November 13, 2025",internal_link;sitemap,ryden-45k-e349c90b9c.html,2026-09-18T06:49:50.761372+00:00
e8b27fbfd04b444f,https://www.callofduty.com/guides/blackops7/weapons/smg/s02/rev-46,https://www.callofduty.com/guides/blackops7/weapons/smg/s02/rev-46,Rev-46,,,,"January 29, 2026",internal_link;sitemap,rev-46-e8b27fbfd0.html,2026-09-18T06:49:50.813649+00:00
2d1ec7b9d23eb36f,https://www.callofduty.com/guides/blackops7/weapons/smg/s03/vst,https://www.callofduty.com/guides/blackops7/weapons/smg/s03/vst,VST,,,,"March 25, 2026",internal_link;sitemap,vst-2d1ec7b9d2.html,2026-09-18T06:49:50.864780+00:00
ab9bc69eebb296bc,https://www.callofduty.com/guides/blackops7/weapons/smg/s04/cbrs-3,https://www.callofduty.com/guides/blackops7/weapons/smg/s04/cbrs-3,CBRS-3,,,,"June 02, 2026",internal_link;sitemap,cbrs-3-ab9bc69eeb.html,2026-09-18T06:49:50.914900+00:00
9baa3ea75babde9e,https://www.callofduty.com/guides/blackops7/weapons/smg/s05/gremlin,https://www.callofduty.com/guides/blackops7/weapons/smg/s05/gremlin,Gremlin,,,,"August 13, 2026",internal_link;sitemap,gremlin-9baa3ea75b.html,2026-09-18T06:49:50.980236+00:00
ea3f7b10d5effd1a,https://www.callofduty.com/guides/blackops7/weapons/smg/sturmwolf-45,https://www.callofduty.com/guides/blackops7/weapons/smg/sturmwolf-45,Sturmwolf 45,,,,"December 04, 2025",internal_link;sitemap,sturmwolf-45-ea3f7b10d5.html,2026-09-18T06:49:51.031860+00:00
a22f06053c522d3c,https://www.callofduty.com/guides/blackops7/weapons/sniper-rifle/hawker-hx,https://www.callofduty.com/guides/blackops7/weapons/sniper-rifle/hawker-hx,Hawker HX,,,,"December 04, 2025",internal_link;sitemap,hawker-hx-a22f06053c.html,2026-09-18T06:49:51.082113+00:00
0725dc6c2ede181b,https://www.callofduty.com/guides/blackops7/weapons/sniper-rifle/s03/strider-300,https://www.callofduty.com/guides/blackops7/weapons/sniper-rifle/s03/strider-300,Strider 300,,,,"April 09, 2026",internal_link;sitemap,strider-300-0725dc6c2e.html,2026-09-18T06:49:51.146167+00:00
1ec275f19f0d1bac,https://www.callofduty.com/guides/blackops7/weapons/sniper-rifle/vs-recon,https://www.callofduty.com/guides/blackops7/weapons/sniper-rifle/vs-recon,VS Recon,,,,"November 13, 2025",internal_link;sitemap,vs-recon-1ec275f19f.html,2026-09-18T06:49:51.205553+00:00
528997671b86ff51,https://www.callofduty.com/guides/blackops7/weapons/sniper-rifle/xr-3-ion,https://www.callofduty.com/guides/blackops7/weapons/sniper-rifle/xr-3-ion,XR-3 Ion,,,,"November 13, 2025",internal_link;sitemap,xr-3-ion-528997671b.html,2026-09-18T06:49:51.275327+00:00
ad3acb32f0eabf86,https://www.callofduty.com/guides/blackops7/weapons/special/gdl-havoc,https://www.callofduty.com/guides/blackops7/weapons/special/gdl-havoc,GDL Havoc,,,,"March 11, 2026",internal_link;sitemap,gdl-havoc-ad3acb32f0.html,2026-09-18T06:49:51.326167+00:00
d87276e364c90c99,https://www.callofduty.com/guides/blackops7/weapons/special/nx-ravager,https://www.callofduty.com/guides/blackops7/weapons/special/nx-ravager,NX Ravager,,,,"December 04, 2025",internal_link;sitemap,nx-ravager-d87276e364.html,2026-09-18T06:49:51.375579+00:00
7eceee07f3802efa,https://www.callofduty.com/guides/blackops7/weapons/special/s03/siren,https://www.callofduty.com/guides/blackops7/weapons/special/s03/siren,Siren,,,,"May 13, 2026",internal_link;sitemap,siren-7eceee07f3.html,2026-09-18T06:49:51.434852+00:00
7125f944df3d19c6,https://www.callofduty.com/guides/blackops7/weapons/special/s04/grimhawk,https://www.callofduty.com/guides/blackops7/weapons/special/s04/grimhawk,Grimhawk,,,,"June 18, 2026",internal_link;sitemap,grimhawk-7125f944df.html,2026-09-18T06:49:51.509593+00:00
a5a420c7ba4ef0a7,https://www.callofduty.com/guides/blackops7/zombies/ashes-of-the-damned,https://www.callofduty.com/guides/blackops7/zombies/ashes-of-the-damned,Ashes of the Damned,,,,,internal_link;sitemap,ashes-of-the-damned-a5a420c7ba.html,2026-09-18T06:49:51.530237+00:00
a67ebd7a2f6a33e7,https://www.callofduty.com/guides/blackops7/zombies/astra-malorum,https://www.callofduty.com/guides/blackops7/zombies/astra-malorum,Astra Malorum,,,,,internal_link;sitemap,astra-malorum-a67ebd7a2f.html,2026-09-18T06:49:51.552189+00:00
1b553ca16fbd88ad,https://www.callofduty.com/guides/blackops7/zombies/gobblegums,https://www.callofduty.com/guides/blackops7/zombies/gobblegums,GobbleGums,,,,"November 12, 2025",internal_link;sitemap,gobblegums-1b553ca16f.html,2026-09-18T06:49:51.623763+00:00
ca9db66eb3697998,https://www.callofduty.com/guides/blackops7/zombies/kowakujo,https://www.callofduty.com/guides/blackops7/zombies/kowakujo,Kowakujo,,,,,internal_link;sitemap,kowakujo-ca9db66eb3.html,2026-09-18T06:49:51.647628+00:00
4733f52c94fc5b0b,https://www.callofduty.com/guides/blackops7/zombies/paradox-junction,https://www.callofduty.com/guides/blackops7/zombies/paradox-junction,Paradox Junction,,,,,internal_link;sitemap,paradox-junction-4733f52c94.html,2026-09-18T06:49:51.669817+00:00
e8af446d4dd6f590,https://www.callofduty.com/guides/blackops7/zombies/survival-vandorn-farm,https://www.callofduty.com/guides/blackops7/zombies/survival-vandorn-farm,Call of Duty | Guides - Black Ops 7 Zombies Survival Map Guide — Vandorn Farm,Black Ops 7,Zombies,Map,"September 30, 2025",internal_link;sitemap,survival-vandorn-farm-e8af446d4d.html,2026-09-18T06:49:51.688381+00:00
35a2743063a69c48,https://www.callofduty.com/guides/blackops7/zombies/totenreich-starting-room,https://www.callofduty.com/guides/blackops7/zombies/totenreich-starting-room,Totenreich (Starting Room),,,,,internal_link;sitemap,totenreich-starting-room-35a2743063.html,2026-09-18T06:49:51.711849+00:00
2294a0becbf44332,https://www.callofduty.com/guides/getting-started/call-of-duty-modern-warfare-iii-play-guides-getting-started-cod-101,https://www.callofduty.com/guides/getting-started/call-of-duty-modern-warfare-iii-play-guides-getting-started-cod-101,Call of Duty | Guides - Modern Warfare III COD 101,Modern Warfare III,,Mode,,internal_link;sitemap,call-of-duty-modern-warfare-iii-play-guides-getting-started-cod-101-2294a0becb.html,2026-09-18T06:49:51.733546+00:00
ac101073072be5be,https://www.callofduty.com/guides/getting-started/call-of-duty-modern-warfare-iii-play-guides-getting-started-guide,https://www.callofduty.com/guides/getting-started/call-of-duty-modern-warfare-iii-play-guides-getting-started-guide,Call of Duty | Guides - Modern Warfare III Getting Started,Modern Warfare III,,Mode,,internal_link;sitemap,call-of-duty-modern-warfare-iii-play-guides-getting-started-guide-ac10107307.html,2026-09-18T06:49:51.783830+00:00
1987fdd1933f9700,https://www.callofduty.com/guides/getting-started/call-of-duty-modern-warfare-iii-play-guides-getting-started-in-game-terms,https://www.callofduty.com/guides/getting-started/call-of-duty-modern-warfare-iii-play-guides-getting-started-in-game-terms,Call of Duty | Guides - Modern Warfare III In-Game Terms: Learn the Lingo of Call of Duty: Modern Warfare III,Modern Warfare III,,Mode,,internal_link;sitemap,call-of-duty-modern-warfare-iii-play-guides-getting-started-in-game-terms-1987fdd193.html,2026-09-18T06:49:51.827373+00:00
dde8973b1a884ece,https://www.callofduty.com/guides/mobile,https://www.callofduty.com/guides/mobile,Call of Duty®: Guides | Call of Duty Mobile,,,Guide,,guide_hub;internal_link;sitemap,mobile-dde8973b1a.html,2026-09-18T06:49:51.852420+00:00
c0424c6a4babd7ca,https://www.callofduty.com/guides/mobile/dmz-recon-101-how-to-play,https://www.callofduty.com/guides/mobile/dmz-recon-101-how-to-play,DMZ: Recon 101 How to Play,,,,"December 08, 2025",internal_link;sitemap,dmz-recon-101-how-to-play-c0424c6a4b.html,2026-09-18T06:49:51.874276+00:00
16cd393c1553b679,https://www.callofduty.com/guides/mobile/dmz-recon-rebirth-island,https://www.callofduty.com/guides/mobile/dmz-recon-rebirth-island,Rebirth Island,,,,,internal_link;sitemap,dmz-recon-rebirth-island-16cd393c15.html,2026-09-18T06:49:51.899213+00:00
bc8351401c9beca0,https://www.callofduty.com/guides/mobile/serpent-island,https://www.callofduty.com/guides/mobile/serpent-island,DMZ Recon Serpent Island,,,,,internal_link;sitemap,serpent-island-bc8351401c.html,2026-09-18T06:49:51.924907+00:00
389c8bb50b55bf38,https://www.callofduty.com/guides/modernwarfare3,https://www.callofduty.com/guides/modernwarfare3,Call of Duty®: Guides | Modern Warfare® III,,,Mode,,guide_hub;internal_link;sitemap,modernwarfare3-389c8bb50b.html,2026-09-18T06:49:51.974556+00:00
0a5e043c27f9719c,https://www.callofduty.com/guides/multiplayer-maps/call-of-duty-guide-modern-warfare-iii-multiplayer-map-meat,https://www.callofduty.com/guides/multiplayer-maps/call-of-duty-guide-modern-warfare-iii-multiplayer-map-meat,Call of Duty | Guides - Modern Warfare III Multiplayer Map — Meat,Modern Warfare III,Multiplayer,Map,,internal_link;sitemap,call-of-duty-guide-modern-warfare-iii-multiplayer-map-meat-0a5e043c27.html,2026-09-18T06:49:51.999661+00:00
687873872fec32b9,https://www.callofduty.com/guides/multiplayer-maps/call-of-duty-guides-modern-warfare-iii-multiplayer-map-guide-6-star,https://www.callofduty.com/guides/multiplayer-maps/call-of-duty-guides-modern-warfare-iii-multiplayer-map-guide-6-star,Call of Duty | Guides - Modern Warfare III Multiplayer Map Guide — 6 Star,Modern Warfare III,Multiplayer,Map,,internal_link;sitemap,call-of-duty-guides-modern-warfare-iii-multiplayer-map-guide-6-star-687873872f.html,2026-09-18T06:49:52.025050+00:00
be33eea11e2e2d8e,https://www.callofduty.com/guides/multiplayer-maps/call-of-duty-guides-modern-warfare-iii-multiplayer-map-guide-bait,https://www.callofduty.com/guides/multiplayer-maps/call-of-duty-guides-modern-warfare-iii-multiplayer-map-guide-bait,Call of Duty | Guides - Modern Warfare III Multiplayer Map Guide — Bait,Modern Warfare III,Multiplayer,Map,,internal_link;sitemap,call-of-duty-guides-modern-warfare-iii-multiplayer-map-guide-bait-be33eea11e.html,2026-09-18T06:49:52.052328+00:00
07b63f13f8819df1,https://www.callofduty.com/guides/multiplayer-maps/call-of-duty-guides-modern-warfare-iii-multiplayer-map-guide-checkpoint,https://www.callofduty.com/guides/multiplayer-maps/call-of-duty-guides-modern-warfare-iii-multiplayer-map-guide-checkpoint,Call of Duty | Guides - Modern Warfare III Multiplayer Map Guide — Checkpoint,Modern Warfare III,Multiplayer,Map,,internal_link;sitemap,call-of-duty-guides-modern-warfare-iii-multiplayer-map-guide-checkpoint-07b63f13f8.html,2026-09-18T06:49:52.096440+00:00
7b266932f270bf0f,https://www.callofduty.com/guides/multiplayer-maps/call-of-duty-guides-modern-warfare-iii-multiplayer-map-guide-departures,https://www.callofduty.com/guides/multiplayer-maps/call-of-duty-guides-modern-warfare-iii-multiplayer-map-guide-departures,Call of Duty | Guides - Modern Warfare III Multiplayer Map Guide — Departures,Modern Warfare III,Multiplayer,Map,,internal_link;sitemap,call-of-duty-guides-modern-warfare-iii-multiplayer-map-guide-departures-7b266932f2.html,2026-09-18T06:49:52.121048+00:00
9cc64ac102e6c4f3,https://www.callofduty.com/guides/multiplayer-maps/call-of-duty-guides-modern-warfare-iii-multiplayer-map-guide-emergency,https://www.callofduty.com/guides/multiplayer-maps/call-of-duty-guides-modern-warfare-iii-multiplayer-map-guide-emergency,Call of Duty | Guides - Modern Warfare III Multiplayer Map Guide — Emergency,Modern Warfare III,Multiplayer,Map,,internal_link;sitemap,call-of-duty-guides-modern-warfare-iii-multiplayer-map-guide-emergency-9cc64ac102.html,2026-09-18T06:49:52.146858+00:00
1b8d0de9b4f59ef7,https://www.callofduty.com/guides/multiplayer-maps/call-of-duty-guides-modern-warfare-iii-multiplayer-map-guide-farm-18,https://www.callofduty.com/guides/multiplayer-maps/call-of-duty-guides-modern-warfare-iii-multiplayer-map-guide-farm-18,Call of Duty | Guides - Modern Warfare III Multiplayer Map Guide — Farm 18,Modern Warfare III,Multiplayer,Map,,internal_link;sitemap,call-of-duty-guides-modern-warfare-iii-multiplayer-map-guide-farm-18-1b8d0de9b4.html,2026-09-18T06:49:52.172854+00:00
d95d4ddd477337a8,https://www.callofduty.com/guides/multiplayer-maps/call-of-duty-guides-modern-warfare-iii-multiplayer-map-guide-grime,https://www.callofduty.com/guides/multiplayer-maps/call-of-duty-guides-modern-warfare-iii-multiplayer-map-guide-grime,Call of Duty | Guides - Modern Warfare III Multiplayer Map Guide — Grime,Modern Warfare III,Multiplayer,Map,,internal_link;sitemap,call-of-duty-guides-modern-warfare-iii-multiplayer-map-guide-grime-d95d4ddd47.html,2026-09-18T06:49:52.198948+00:00
7fcc44729eaf8a0d,https://www.callofduty.com/guides/multiplayer-maps/call-of-duty-guides-modern-warfare-iii-multiplayer-map-guide-growhouse,https://www.callofduty.com/guides/multiplayer-maps/call-of-duty-guides-modern-warfare-iii-multiplayer-map-guide-growhouse,Call of Duty | Guides - Modern Warfare III Multiplayer Map Guide — Growhouse,Modern Warfare III,Multiplayer,Map,,internal_link;sitemap,call-of-duty-guides-modern-warfare-iii-multiplayer-map-guide-growhouse-7fcc44729e.html,2026-09-18T06:49:52.223750+00:00
42ddffc8f6bc817e,https://www.callofduty.com/guides/multiplayer-maps/call-of-duty-guides-modern-warfare-iii-multiplayer-map-guide-incline,https://www.callofduty.com/guides/multiplayer-maps/call-of-duty-guides-modern-warfare-iii-multiplayer-map-guide-incline,Call of Duty | Guides - Modern Warfare III Multiplayer Map Guide — Incline,Modern Warfare III,Multiplayer,Map,,internal_link;sitemap,call-of-duty-guides-modern-warfare-iii-multiplayer-map-guide-incline-42ddffc8f6.html,2026-09-18T06:49:52.251526+00:00
d6a26df4a0b8831e,https://www.callofduty.com/guides/multiplayer-maps/call-of-duty-guides-modern-warfare-iii-multiplayer-map-guide-mercado-las-almas,https://www.callofduty.com/guides/multiplayer-maps/call-of-duty-guides-modern-warfare-iii-multiplayer-map-guide-mercado-las-almas,Call of Duty | Guides - Modern Warfare III Multiplayer Map Guide — Mercado Las Almas,Modern Warfare III,Multiplayer,Map,,internal_link;sitemap,call-of-duty-guides-modern-warfare-iii-multiplayer-map-guide-mercado-las-almas-d6a26df4a0.html,2026-09-18T06:49:52.278290+00:00
75f1203e2f8ca1bc,https://www.callofduty.com/guides/multiplayer-maps/call-of-duty-guides-modern-warfare-iii-multiplayer-map-guide-operation-das-haus,https://www.callofduty.com/guides/multiplayer-maps/call-of-duty-guides-modern-warfare-iii-multiplayer-map-guide-operation-das-haus,Call of Duty | Guides - Modern Warfare III Multiplayer Map Guide — Das Haus,Modern Warfare III,Multiplayer,Map,,internal_link;sitemap,call-of-duty-guides-modern-warfare-iii-multiplayer-map-guide-operation-das-haus-75f1203e2f.html,2026-09-18T06:49:52.302649+00:00
4030170aca32c7cf,https://www.callofduty.com/guides/multiplayer-maps/call-of-duty-guides-modern-warfare-iii-multiplayer-map-guide-operation-tin-man,https://www.callofduty.com/guides/multiplayer-maps/call-of-duty-guides-modern-warfare-iii-multiplayer-map-guide-operation-tin-man,Call of Duty | Guides - Modern Warfare III Multiplayer Map Guide — Operation: Tin Man,Modern Warfare III,Multiplayer,Map,,internal_link;sitemap,call-of-duty-guides-modern-warfare-iii-multiplayer-map-guide-operation-tin-man-4030170aca.html,2026-09-18T06:49:52.342545+00:00
149842289b92ac5b,https://www.callofduty.com/guides/multiplayer-maps/call-of-duty-guides-modern-warfare-iii-multiplayer-map-guide-paris,https://www.callofduty.com/guides/multiplayer-maps/call-of-duty-guides-modern-warfare-iii-multiplayer-map-guide-paris,Call of Duty | Guides - Modern Warfare III Multiplayer Map Guide — Paris,Modern Warfare III,Multiplayer,Map,,internal_link;sitemap,call-of-duty-guides-modern-warfare-iii-multiplayer-map-guide-paris-149842289b.html,2026-09-18T06:49:52.368242+00:00
2403e1235dfc101f,https://www.callofduty.com/guides/multiplayer-maps/call-of-duty-guides-modern-warfare-iii-multiplayer-map-guide-rio,https://www.callofduty.com/guides/multiplayer-maps/call-of-duty-guides-modern-warfare-iii-multiplayer-map-guide-rio,Call of Duty | Modern Warfare III Multiplayer Map Guide — Rio,Modern Warfare III,Multiplayer,Map,,internal_link;sitemap,call-of-duty-guides-modern-warfare-iii-multiplayer-map-guide-rio-2403e1235d.html,2026-09-18T06:49:52.393238+00:00
9ab6c53a7a6ce3e1,https://www.callofduty.com/guides/multiplayer-maps/call-of-duty-guides-modern-warfare-iii-multiplayer-map-guide-shipment,https://www.callofduty.com/guides/multiplayer-maps/call-of-duty-guides-modern-warfare-iii-multiplayer-map-guide-shipment,Call of Duty | Guides - Modern Warfare III Multiplayer Map Guide — Shipment,Modern Warfare III,Multiplayer,Map,,internal_link;sitemap,call-of-duty-guides-modern-warfare-iii-multiplayer-map-guide-shipment-9ab6c53a7a.html,2026-09-18T06:49:52.417411+00:00
06a6df4791ed8d9d,https://www.callofduty.com/guides/multiplayer-maps/call-of-duty-guides-modern-warfare-iii-multiplayer-map-guide-shoot-house,https://www.callofduty.com/guides/multiplayer-maps/call-of-duty-guides-modern-warfare-iii-multiplayer-map-guide-shoot-house,Call of Duty | Guides - Modern Warfare III Multiplayer Map Guide — Shoot House,Modern Warfare III,Multiplayer,Map,,internal_link;sitemap,call-of-duty-guides-modern-warfare-iii-multiplayer-map-guide-shoot-house-06a6df4791.html,2026-09-18T06:49:52.442774+00:00
c3f71799a318f30d,https://www.callofduty.com/guides/multiplayer-maps/call-of-duty-guides-modern-warfare-iii-multiplayer-map-guide-stash-house,https://www.callofduty.com/guides/multiplayer-maps/call-of-duty-guides-modern-warfare-iii-multiplayer-map-guide-stash-house,Call of Duty | Modern Warfare III Multiplayer Map Guide — Stash House,Modern Warfare III,Multiplayer,Map,,internal_link;sitemap,call-of-duty-guides-modern-warfare-iii-multiplayer-map-guide-stash-house-c3f71799a3.html,2026-09-18T06:49:52.466631+00:00
095d52c3c8131ae2,https://www.callofduty.com/guides/multiplayer-maps/call-of-duty-guides-modern-warfare-iii-multiplayer-map-guide-tanked,https://www.callofduty.com/guides/multiplayer-maps/call-of-duty-guides-modern-warfare-iii-multiplayer-map-guide-tanked,Call of Duty | Guides - Modern Warfare III Multiplayer Map Guide — Tanked,Modern Warfare III,Multiplayer,Map,,internal_link;sitemap,call-of-duty-guides-modern-warfare-iii-multiplayer-map-guide-tanked-095d52c3c8.html,2026-09-18T06:49:52.491847+00:00
21098c53919aaf0c,https://www.callofduty.com/guides/multiplayer-maps/call-of-duty-guides-modern-warfare-iii-multiplayer-map-guide-tokyo,https://www.callofduty.com/guides/multiplayer-maps/call-of-duty-guides-modern-warfare-iii-multiplayer-map-guide-tokyo,Call of Duty | Guides - Modern Warfare III Multiplayer Map Guide — Tokyo,Modern Warfare III,Multiplayer,Map,,internal_link;sitemap,call-of-duty-guides-modern-warfare-iii-multiplayer-map-guide-tokyo-21098c5391.html,2026-09-18T06:49:52.516753+00:00
a5e2f944d831db1b,https://www.callofduty.com/guides/multiplayer-maps/call-of-duty-guides-modern-warfare-iii-multiplayer-map-guide-training-facility,https://www.callofduty.com/guides/multiplayer-maps/call-of-duty-guides-modern-warfare-iii-multiplayer-map-guide-training-facility,Call of Duty | Guides - Modern Warfare III Multiplayer Map Guide — Training Facility,Modern Warfare III,Multiplayer,Map,,internal_link;sitemap,call-of-duty-guides-modern-warfare-iii-multiplayer-map-guide-training-facility-a5e2f944d8.html,2026-09-18T06:49:52.540655+00:00
b518be33b5d215b0,https://www.callofduty.com/guides/multiplayer-maps/call-of-duty-guides-modern-warfare-iii-multiplayer-map-guide-vista,https://www.callofduty.com/guides/multiplayer-maps/call-of-duty-guides-modern-warfare-iii-multiplayer-map-guide-vista,Call of Duty | Guides - Modern Warfare III Multiplayer Map Guide — Vista,Modern Warfare III,Multiplayer,Map,,internal_link;sitemap,call-of-duty-guides-modern-warfare-iii-multiplayer-map-guide-vista-b518be33b5.html,2026-09-18T06:49:52.564887+00:00
3158e88236c9ead1,https://www.callofduty.com/guides/multiplayer-maps/call-of-duty-guides-modern-warfare-iii-multiplayer-map-guide-yard,https://www.callofduty.com/guides/multiplayer-maps/call-of-duty-guides-modern-warfare-iii-multiplayer-map-guide-yard,Call of Duty | Guides - Modern Warfare III Multiplayer Map Guide — Yard,Modern Warfare III,Multiplayer,Map,,internal_link;sitemap,call-of-duty-guides-modern-warfare-iii-multiplayer-map-guide-yard-3158e88236.html,2026-09-18T06:49:52.610478+00:00
578990f25d7595ac,https://www.callofduty.com/guides/multiplayer-maps/call-of-duty-modern-warfare-iii-play-maps-core-multiplayer-map-guide-afghan,https://www.callofduty.com/guides/multiplayer-maps/call-of-duty-modern-warfare-iii-play-maps-core-multiplayer-map-guide-afghan,Call of Duty | Guides - Modern Warfare III Multiplayer Map — Afghan,Modern Warfare III,Multiplayer,Map,,internal_link;sitemap,call-of-duty-modern-warfare-iii-play-maps-core-multiplayer-map-guide-afghan-578990f25d.html,2026-09-18T06:49:52.637207+00:00
d67e4080ad0b577c,https://www.callofduty.com/guides/multiplayer-maps/call-of-duty-modern-warfare-iii-play-maps-core-multiplayer-map-guide-derail,https://www.callofduty.com/guides/multiplayer-maps/call-of-duty-modern-warfare-iii-play-maps-core-multiplayer-map-guide-derail,Call of Duty | Guides - Modern Warfare III Multiplayer Map — Derail,Modern Warfare III,Multiplayer,Map,,internal_link;sitemap,call-of-duty-modern-warfare-iii-play-maps-core-multiplayer-map-guide-derail-d67e4080ad.html,2026-09-18T06:49:52.664827+00:00
4676a1d86b36acb9,https://www.callofduty.com/guides/multiplayer-maps/call-of-duty-modern-warfare-iii-play-maps-core-multiplayer-map-guide-estate,https://www.callofduty.com/guides/multiplayer-maps/call-of-duty-modern-warfare-iii-play-maps-core-multiplayer-map-guide-estate,Call of Duty | Guides - Modern Warfare III Multiplayer Map — Estate,Modern Warfare III,Multiplayer,Map,,internal_link;sitemap,call-of-duty-modern-warfare-iii-play-maps-core-multiplayer-map-guide-estate-4676a1d86b.html,2026-09-18T06:49:52.691729+00:00
2b7ccb714cab1220,https://www.callofduty.com/guides/multiplayer-maps/call-of-duty-modern-warfare-iii-play-maps-core-multiplayer-map-guide-favela,https://www.callofduty.com/guides/multiplayer-maps/call-of-duty-modern-warfare-iii-play-maps-core-multiplayer-map-guide-favela,Call of Duty | Guides - Modern Warfare III Multiplayer Map — Favela,Modern Warfare III,Multiplayer,Map,,internal_link;sitemap,call-of-duty-modern-warfare-iii-play-maps-core-multiplayer-map-guide-favela-2b7ccb714c.html,2026-09-18T06:49:52.718819+00:00
c4749900b7bda583,https://www.callofduty.com/guides/multiplayer-maps/call-of-duty-modern-warfare-iii-play-maps-core-multiplayer-map-guide-greece,https://www.callofduty.com/guides/multiplayer-maps/call-of-duty-modern-warfare-iii-play-maps-core-multiplayer-map-guide-greece,Call of Duty | Guides - Modern Warfare III Multiplayer Map Guide — Greece,Modern Warfare III,Multiplayer,Map,,internal_link;sitemap,call-of-duty-modern-warfare-iii-play-maps-core-multiplayer-map-guide-greece-c4749900b7.html,2026-09-18T06:49:52.743927+00:00
f209092518984f40,https://www.callofduty.com/guides/multiplayer-maps/call-of-duty-modern-warfare-iii-play-maps-core-multiplayer-map-guide-highrise,https://www.callofduty.com/guides/multiplayer-maps/call-of-duty-modern-warfare-iii-play-maps-core-multiplayer-map-guide-highrise,Call of Duty | Guides - Modern Warfare III Multiplayer Map — Highrise,Modern Warfare III,Multiplayer,Map,,internal_link;sitemap,call-of-duty-modern-warfare-iii-play-maps-core-multiplayer-map-guide-highrise-f209092518.html,2026-09-18T06:49:52.770779+00:00
01e2147862c3196f,https://www.callofduty.com/guides/multiplayer-maps/call-of-duty-modern-warfare-iii-play-maps-core-multiplayer-map-guide-invasion,https://www.callofduty.com/guides/multiplayer-maps/call-of-duty-modern-warfare-iii-play-maps-core-multiplayer-map-guide-invasion,Call of Duty | Guides - Modern Warfare III Multiplayer Map — Invasion,Modern Warfare III,Multiplayer,Map,,internal_link;sitemap,call-of-duty-modern-warfare-iii-play-maps-core-multiplayer-map-guide-invasion-01e2147862.html,2026-09-18T06:49:52.797507+00:00
58daf3aafea16fe3,https://www.callofduty.com/guides/multiplayer-maps/call-of-duty-modern-warfare-iii-play-maps-core-multiplayer-map-guide-karachi,https://www.callofduty.com/guides/multiplayer-maps/call-of-duty-modern-warfare-iii-play-maps-core-multiplayer-map-guide-karachi,Call of Duty | Guides - Modern Warfare III Multiplayer Map — Karachi,Modern Warfare III,Multiplayer,Map,,internal_link;sitemap,call-of-duty-modern-warfare-iii-play-maps-core-multiplayer-map-guide-karachi-58daf3aafe.html,2026-09-18T06:49:52.823571+00:00
d9fa0bc433180abe,https://www.callofduty.com/guides/multiplayer-maps/call-of-duty-modern-warfare-iii-play-maps-core-multiplayer-map-guide-operation-spearhead,https://www.callofduty.com/guides/multiplayer-maps/call-of-duty-modern-warfare-iii-play-maps-core-multiplayer-map-guide-operation-spearhead,Call of Duty | Guides - Modern Warfare III Multiplayer Map — Operation Spearhead,Modern Warfare III,Multiplayer,Map,,internal_link;sitemap,call-of-duty-modern-warfare-iii-play-maps-core-multiplayer-map-guide-operation-spearhead-d9fa0bc433.html,2026-09-18T06:49:52.849424+00:00
515d23aabd477fd6,https://www.callofduty.com/guides/multiplayer-maps/call-of-duty-modern-warfare-iii-play-maps-core-multiplayer-map-guide-orlove-military-base,https://www.callofduty.com/guides/multiplayer-maps/call-of-duty-modern-warfare-iii-play-maps-core-multiplayer-map-guide-orlove-military-base,Call of Duty | Guides - Modern Warfare III Multiplayer Map — Orlov Military Base,Modern Warfare III,Multiplayer,Map,,internal_link;sitemap,call-of-duty-modern-warfare-iii-play-maps-core-multiplayer-map-guide-orlove-military-base-515d23aabd.html,2026-09-18T06:49:52.894216+00:00
b2841163790c265b,https://www.callofduty.com/guides/multiplayer-maps/call-of-duty-modern-warfare-iii-play-maps-core-multiplayer-map-guide-popov-power,https://www.callofduty.com/guides/multiplayer-maps/call-of-duty-modern-warfare-iii-play-maps-core-multiplayer-map-guide-popov-power,Call of Duty | Guides - Modern Warfare III Multiplayer Map — Popov Power,Modern Warfare III,Multiplayer,Map,,internal_link;sitemap,call-of-duty-modern-warfare-iii-play-maps-core-multiplayer-map-guide-popov-power-b284116379.html,2026-09-18T06:49:52.920317+00:00
d8fb1805d0085766,https://www.callofduty.com/guides/multiplayer-maps/call-of-duty-modern-warfare-iii-play-maps-core-multiplayer-map-guide-quarry,https://www.callofduty.com/guides/multiplayer-maps/call-of-duty-modern-warfare-iii-play-maps-core-multiplayer-map-guide-quarry,Call of Duty | Guides - Modern Warfare III Multiplayer Map — Quarry,Modern Warfare III,Multiplayer,Map,,internal_link;sitemap,call-of-duty-modern-warfare-iii-play-maps-core-multiplayer-map-guide-quarry-d8fb1805d0.html,2026-09-18T06:49:52.947032+00:00
fe57bba22a3f312b,https://www.callofduty.com/guides/multiplayer-maps/call-of-duty-modern-warfare-iii-play-maps-core-multiplayer-map-guide-rundown,https://www.callofduty.com/guides/multiplayer-maps/call-of-duty-modern-warfare-iii-play-maps-core-multiplayer-map-guide-rundown,Call of Duty | Guides - Modern Warfare III Multiplayer Map — Rundown,Modern Warfare III,Multiplayer,Map,,internal_link;sitemap,call-of-duty-modern-warfare-iii-play-maps-core-multiplayer-map-guide-rundown-fe57bba22a.html,2026-09-18T06:49:52.974516+00:00
f71b9f4453adbc57,https://www.callofduty.com/guides/multiplayer-maps/call-of-duty-modern-warfare-iii-play-maps-core-multiplayer-map-guide-rust,https://www.callofduty.com/guides/multiplayer-maps/call-of-duty-modern-warfare-iii-play-maps-core-multiplayer-map-guide-rust,Call of Duty | Guides - Modern Warfare III Multiplayer Map — Rust,Modern Warfare III,Multiplayer,Map,,internal_link;sitemap,call-of-duty-modern-warfare-iii-play-maps-core-multiplayer-map-guide-rust-f71b9f4453.html,2026-09-18T06:49:53.001283+00:00
f443492617dd4446,https://www.callofduty.com/guides/multiplayer-maps/call-of-duty-modern-warfare-iii-play-maps-core-multiplayer-map-guide-scrapyard,https://www.callofduty.com/guides/multiplayer-maps/call-of-duty-modern-warfare-iii-play-maps-core-multiplayer-map-guide-scrapyard,Call of Duty | Guides - Modern Warfare III Multiplayer Map — Scrapyard,Modern Warfare III,Multiplayer,Map,,internal_link;sitemap,call-of-duty-modern-warfare-iii-play-maps-core-multiplayer-map-guide-scrapyard-f443492617.html,2026-09-18T06:49:53.028203+00:00
e693d1ec5b9d04dc,https://www.callofduty.com/guides/multiplayer-maps/call-of-duty-modern-warfare-iii-play-maps-core-multiplayer-map-guide-skidrow,https://www.callofduty.com/guides/multiplayer-maps/call-of-duty-modern-warfare-iii-play-maps-core-multiplayer-map-guide-skidrow,Call of Duty | Guides - Modern Warfare III Multiplayer Map — Skidrow,Modern Warfare III,Multiplayer,Map,,internal_link;sitemap,call-of-duty-modern-warfare-iii-play-maps-core-multiplayer-map-guide-skidrow-e693d1ec5b.html,2026-09-18T06:49:53.054886+00:00
ee50f6dd23756422,https://www.callofduty.com/guides/multiplayer-maps/call-of-duty-modern-warfare-iii-play-maps-core-multiplayer-map-guide-sub-base,https://www.callofduty.com/guides/multiplayer-maps/call-of-duty-modern-warfare-iii-play-maps-core-multiplayer-map-guide-sub-base,Call of Duty | Guides - Modern Warfare III Multiplayer Map — Sub Base,Modern Warfare III,Multiplayer,Map,,internal_link;sitemap,call-of-duty-modern-warfare-iii-play-maps-core-multiplayer-map-guide-sub-base-ee50f6dd23.html,2026-09-18T06:49:53.082092+00:00
3040884455c42775,https://www.callofduty.com/guides/multiplayer-maps/call-of-duty-modern-warfare-iii-play-maps-core-multiplayer-map-guide-terminal,https://www.callofduty.com/guides/multiplayer-maps/call-of-duty-modern-warfare-iii-play-maps-core-multiplayer-map-guide-terminal,Call of Duty | Guides - Modern Warfare III Multiplayer Map — Terminal,Modern Warfare III,Multiplayer,Map,,internal_link;sitemap,call-of-duty-modern-warfare-iii-play-maps-core-multiplayer-map-guide-terminal-3040884455.html,2026-09-18T06:49:53.109343+00:00
3d6ed7a0c6fd7790,https://www.callofduty.com/guides/multiplayer-maps/call-of-duty-modern-warfare-iii-play-maps-core-multiplayer-map-guide-underpass,https://www.callofduty.com/guides/multiplayer-maps/call-of-duty-modern-warfare-iii-play-maps-core-multiplayer-map-guide-underpass,Call of Duty | Guides - Modern Warfare III Multiplayer Map — Underpass,Modern Warfare III,Multiplayer,Map,,internal_link;sitemap,call-of-duty-modern-warfare-iii-play-maps-core-multiplayer-map-guide-underpass-3d6ed7a0c6.html,2026-09-18T06:49:53.151680+00:00
fe85c40c2a4166b6,https://www.callofduty.com/guides/multiplayer-maps/call-of-duty-modern-warfare-iii-play-maps-core-multiplayer-map-guide-wasteland,https://www.callofduty.com/guides/multiplayer-maps/call-of-duty-modern-warfare-iii-play-maps-core-multiplayer-map-guide-wasteland,Call of Duty | Guides - Modern Warfare III Multiplayer Map — Wasteland,Modern Warfare III,Multiplayer,Map,,internal_link;sitemap,call-of-duty-modern-warfare-iii-play-maps-core-multiplayer-map-guide-wasteland-fe85c40c2a.html,2026-09-18T06:49:53.178159+00:00
4edc574307a60a79,https://www.callofduty.com/guides/multiplayer-maps/call-of-duty-modern-warfare-iii-play-maps-ground-war-invasion-guide-levin-resort,https://www.callofduty.com/guides/multiplayer-maps/call-of-duty-modern-warfare-iii-play-maps-ground-war-invasion-guide-levin-resort,Call of Duty | Guides - Modern Warfare III Multiplayer Map — Levin Resort,Modern Warfare III,Multiplayer,Map,,internal_link;sitemap,call-of-duty-modern-warfare-iii-play-maps-ground-war-invasion-guide-levin-resort-4edc574307.html,2026-09-18T06:49:53.203047+00:00
3273f5957b9595bf,https://www.callofduty.com/guides/multiplayer-modes/call-of-duty-guides-modern-warfare-iii-mode-gunfight,https://www.callofduty.com/guides/multiplayer-modes/call-of-duty-guides-modern-warfare-iii-mode-gunfight,Call of Duty | Guides - Modern Warfare III Mode — Gunfight,Modern Warfare III,,Mode,,internal_link;sitemap,call-of-duty-guides-modern-warfare-iii-mode-gunfight-3273f5957b.html,2026-09-18T06:49:53.866091+00:00
fefe63a0a596b437,https://www.callofduty.com/guides/multiplayer-modes/call-of-duty-modern-warfare-iii-play-guides-modes-search-destroy,https://www.callofduty.com/guides/multiplayer-modes/call-of-duty-modern-warfare-iii-play-guides-modes-search-destroy,Call of Duty | Guides - Modern Warfare III Mode — Search & Destroy,Modern Warfare III,,Mode,,internal_link;sitemap,call-of-duty-modern-warfare-iii-play-guides-modes-search-destroy-fefe63a0a5.html,2026-09-18T06:49:53.894776+00:00
b16ad449d84f45fa,https://www.callofduty.com/guides/multiplayer-modes/call-of-duty-modern-warfare-iii-play-modes-guides--ground-war-invasion,https://www.callofduty.com/guides/multiplayer-modes/call-of-duty-modern-warfare-iii-play-modes-guides--ground-war-invasion,Call of Duty | Guides - Modern Warfare III Mode — Ground War/Invasion,Modern Warfare III,,Mode,,internal_link;sitemap,call-of-duty-modern-warfare-iii-play-modes-guides--ground-war-invasion-b16ad449d8.html,2026-09-18T06:49:53.919025+00:00
49f83f833b470af1,https://www.callofduty.com/guides/multiplayer-modes/call-of-duty-modern-warfare-iii-play-modes-guides-control,https://www.callofduty.com/guides/multiplayer-modes/call-of-duty-modern-warfare-iii-play-modes-guides-control,Call of Duty | Guides - Modern Warfare III Mode — Control,Modern Warfare III,,Mode,,internal_link;sitemap,call-of-duty-modern-warfare-iii-play-modes-guides-control-49f83f833b.html,2026-09-18T06:49:53.940538+00:00
a4b8894bbfe1ff8c,https://www.callofduty.com/guides/multiplayer-modes/call-of-duty-modern-warfare-iii-play-modes-guides-cutthroat,https://www.callofduty.com/guides/multiplayer-modes/call-of-duty-modern-warfare-iii-play-modes-guides-cutthroat,Call of Duty | Guides - Modern Warfare III Mode — Cutthroat,Modern Warfare III,,Mode,,internal_link;sitemap,call-of-duty-modern-warfare-iii-play-modes-guides-cutthroat-a4b8894bbf.html,2026-09-18T06:49:53.962508+00:00
36b0122a1bc43e68,https://www.callofduty.com/guides/multiplayer-modes/call-of-duty-modern-warfare-iii-play-modes-guides-domination,https://www.callofduty.com/guides/multiplayer-modes/call-of-duty-modern-warfare-iii-play-modes-guides-domination,Call of Duty | Guides - Modern Warfare III Mode — Domination,Modern Warfare III,,Mode,,internal_link;sitemap,call-of-duty-modern-warfare-iii-play-modes-guides-domination-36b0122a1b.html,2026-09-18T06:49:53.984594+00:00
4743d6c2deb09e3d,https://www.callofduty.com/guides/multiplayer-modes/call-of-duty-modern-warfare-iii-play-modes-guides-free-for-all,https://www.callofduty.com/guides/multiplayer-modes/call-of-duty-modern-warfare-iii-play-modes-guides-free-for-all,Call of Duty | Guides - Modern Warfare III Mode — Free-For-All,Modern Warfare III,,Mode,,internal_link;sitemap,call-of-duty-modern-warfare-iii-play-modes-guides-free-for-all-4743d6c2de.html,2026-09-18T06:49:54.008160+00:00
a135e20f1f7898da,https://www.callofduty.com/guides/multiplayer-modes/call-of-duty-modern-warfare-iii-play-modes-guides-hardpoint,https://www.callofduty.com/guides/multiplayer-modes/call-of-duty-modern-warfare-iii-play-modes-guides-hardpoint,Call of Duty | Guides - Modern Warfare Mode — Hardpoint,,,Mode,,internal_link;sitemap,call-of-duty-modern-warfare-iii-play-modes-guides-hardpoint-a135e20f1f.html,2026-09-18T06:49:54.029838+00:00
3885dfb737885e7e,https://www.callofduty.com/guides/multiplayer-modes/call-of-duty-modern-warfare-iii-play-modes-guides-kill-confirmed,https://www.callofduty.com/guides/multiplayer-modes/call-of-duty-modern-warfare-iii-play-modes-guides-kill-confirmed,Call of Duty | Guides - Modern Warfare III Mode — Kill Confirmed,Modern Warfare III,,Mode,,internal_link;sitemap,call-of-duty-modern-warfare-iii-play-modes-guides-kill-confirmed-3885dfb737.html,2026-09-18T06:49:54.066259+00:00
30fb1ee37a501de1,https://www.callofduty.com/guides/multiplayer-modes/call-of-duty-modern-warfare-iii-play-modes-guides-war,https://www.callofduty.com/guides/multiplayer-modes/call-of-duty-modern-warfare-iii-play-modes-guides-war,Call of Duty | Guides - Modern Warfare III Mode — War,Modern Warfare III,,Mode,,internal_link;sitemap,call-of-duty-modern-warfare-iii-play-modes-guides-war-30fb1ee37a.html,2026-09-18T06:49:54.088413+00:00
262a02e3a64c2e9d,https://www.callofduty.com/guides/multiplayer-modes/call-of-duty-modern-warfare-iii-play-modes-team-deathmatch,https://www.callofduty.com/guides/multiplayer-modes/call-of-duty-modern-warfare-iii-play-modes-team-deathmatch,Call of Duty | Guides - Modern Warfare III Mode — Team Deathmatch,Modern Warfare III,,Mode,,internal_link;sitemap,call-of-duty-modern-warfare-iii-play-modes-team-deathmatch-262a02e3a6.html,2026-09-18T06:49:54.110869+00:00
970c92256bbd2d39,https://www.callofduty.com/guides/multiplayer-pre-game,https://www.callofduty.com/guides/multiplayer-pre-game,Call of Duty | Guides,,,Guide,,internal_link,multiplayer-pre-game-970c92256b.html,2026-09-18T06:49:54.132945+00:00
f24e2228e1b7928b,https://www.callofduty.com/guides/multiplayer-pre-game/call-of-duty-modern-warfare-III-campaign-play-guides-weapons-loadouts,https://www.callofduty.com/guides/multiplayer-pre-game/call-of-duty-modern-warfare-III-campaign-play-guides-weapons-loadouts,Call of Duty | Guides - Modern Warfare III Weapons and Loadouts,Modern Warfare III,,Weapon,,internal_link;sitemap,call-of-duty-modern-warfare-III-campaign-play-guides-weapons-loadouts-f24e2228e1.html,2026-09-18T06:49:54.206153+00:00
b712c21c45b0ab13,https://www.callofduty.com/guides/multiplayer-pre-game/call-of-duty-modern-warfare-iii-play-multiplayer-operators-factions-guide,https://www.callofduty.com/guides/multiplayer-pre-game/call-of-duty-modern-warfare-iii-play-multiplayer-operators-factions-guide,Call of Duty | Guides - Modern Warfare III OPERATORS,Modern Warfare III,,Operator,,internal_link;sitemap,call-of-duty-modern-warfare-iii-play-multiplayer-operators-factions-guide-b712c21c45.html,2026-09-18T06:49:54.227543+00:00
fee5e0134559cf8a,https://www.callofduty.com/guides/tac-atlas-urzikstan,https://www.callofduty.com/guides/tac-atlas-urzikstan,Call of Duty®: Warzone™ | Warzone Tac Map,,Warzone,Map,,internal_link;sitemap,tac-atlas-urzikstan-fee5e01345.html,2026-09-18T06:49:54.271965+00:00
6a1c4d1f2ffe921c,https://www.callofduty.com/guides/tac-atlas-verdansk,https://www.callofduty.com/guides/tac-atlas-verdansk,Call of Duty®: Warzone™ | Verdansk Tac Map,,Warzone,Map,,internal_link;sitemap,tac-atlas-verdansk-6a1c4d1f2f.html,2026-09-18T06:49:54.414114+00:00
bf70ebb9fea37e14,https://www.callofduty.com/guides/tac-atlas-wz-rebirth-island,https://www.callofduty.com/guides/tac-atlas-wz-rebirth-island,Call of Duty®: Warzone™ | Warzone Tac Map,,Warzone,Map,,internal_link;sitemap,tac-atlas-wz-rebirth-island-bf70ebb9fe.html,2026-09-18T06:49:54.458180+00:00
4ca57e6c2bcc52f7,https://www.callofduty.com/guides/tac-maps-atlas-urzikstan,https://www.callofduty.com/guides/tac-maps-atlas-urzikstan,Call of Duty®: Warzone™ | Warzone Tac Map,,Warzone,Map,,guide_hub;internal_link,tac-maps-atlas-urzikstan-4ca57e6c2b.html,2026-09-18T06:49:54.504011+00:00
8d2656584890433f,https://www.callofduty.com/guides/training/call-of-duty-guides-modern-warfare-iii-weapons-training-and-tactics,https://www.callofduty.com/guides/training/call-of-duty-guides-modern-warfare-iii-weapons-training-and-tactics,Call of Duty | Guides - Modern Warfare III Weapons Training and Tactics,Modern Warfare III,,Weapon,,internal_link;sitemap,call-of-duty-guides-modern-warfare-iii-weapons-training-and-tactics-8d26565848.html,2026-09-18T06:49:54.583286+00:00
d26ca80395b13a9a,https://www.callofduty.com/guides/training/call-of-duty-guides-warzone-how-to-play,https://www.callofduty.com/guides/training/call-of-duty-guides-warzone-how-to-play,Call of Duty | Guides - Warzone: How to Play,,Warzone,Guide,,internal_link;sitemap,call-of-duty-guides-warzone-how-to-play-d26ca80395.html,2026-09-18T06:49:54.641815+00:00
2dee2bdae8d5b929,https://www.callofduty.com/guides/training/call-of-duty-modern-warfare-III-campaign-play-guides-training,https://www.callofduty.com/guides/training/call-of-duty-modern-warfare-III-campaign-play-guides-training,Call of Duty | Guides - Modern Warfare III Campaign: How to Play,Modern Warfare III,Campaign,Mode,,internal_link;sitemap,call-of-duty-modern-warfare-III-campaign-play-guides-training-2dee2bdae8.html,2026-09-18T06:49:54.667601+00:00
69a8e3ffcb4a7865,https://www.callofduty.com/guides/training/call-of-duty-modern-warfare-III-play-guides-multiplayer-movement,https://www.callofduty.com/guides/training/call-of-duty-modern-warfare-III-play-guides-multiplayer-movement,Call of Duty | Guides - Modern Warfare III Movement,Modern Warfare III,,Mode,,internal_link;sitemap,call-of-duty-modern-warfare-III-play-guides-multiplayer-movement-69a8e3ffcb.html,2026-09-18T06:49:54.695847+00:00
d55450ebb727d07b,https://www.callofduty.com/guides/training/call-of-duty-modern-warfare-III-play-guides-training-controls-pc,https://www.callofduty.com/guides/training/call-of-duty-modern-warfare-III-play-guides-training-controls-pc,Call of Duty | Gudies - Modern Warfare III CONTROLS PC,Modern Warfare III,,Mode,,internal_link;sitemap,call-of-duty-modern-warfare-III-play-guides-training-controls-pc-d55450ebb7.html,2026-09-18T06:49:54.718836+00:00
f61279e1c21be0f1,https://www.callofduty.com/guides/training/call-of-duty-modern-warfare-III-play-guides-training-controls-ps4-ps5,https://www.callofduty.com/guides/training/call-of-duty-modern-warfare-III-play-guides-training-controls-ps4-ps5,Call of Duty | Guides - Modern Warfare III CONTROLS PS4 and PS5,Modern Warfare III,,Mode,,internal_link;sitemap,call-of-duty-modern-warfare-III-play-guides-training-controls-ps4-ps5-f61279e1c2.html,2026-09-18T06:49:54.741494+00:00
37fad39bc31ffe97,https://www.callofduty.com/guides/training/call-of-duty-modern-warfare-III-play-guides-training-controls-xbox-series-s-xbox-series-x,https://www.callofduty.com/guides/training/call-of-duty-modern-warfare-III-play-guides-training-controls-xbox-series-s-xbox-series-x,Call of Duty | Guides - Modern Warfare III CONTROLS Xbox Series X|S,Modern Warfare III,,Mode,,internal_link;sitemap,call-of-duty-modern-warfare-III-play-guides-training-controls-xbox-series-s-xbox-series-x-37fad39bc3.html,2026-09-18T06:49:54.764110+00:00
62839ca21805e797,https://www.callofduty.com/guides/training/call-of-duty-modern-warfare-III-training-multiplayer-how-to-play,https://www.callofduty.com/guides/training/call-of-duty-modern-warfare-III-training-multiplayer-how-to-play,Call of Duty | Guides - Modern Warfare III MULTIPLAYER: HOW TO PLAY,Modern Warfare III,Multiplayer,Mode,,internal_link;sitemap,call-of-duty-modern-warfare-III-training-multiplayer-how-to-play-62839ca218.html,2026-09-18T06:49:54.795726+00:00
5bf261f64681de5d,https://www.callofduty.com/guides/training/call-of-duty-modern-warfare-iii-play-guides-training-rank-progression-leveling-up,https://www.callofduty.com/guides/training/call-of-duty-modern-warfare-iii-play-guides-training-rank-progression-leveling-up,Call of Duty | Guides - Modern Warfare III LEVELING UP,Modern Warfare III,,Mode,,internal_link;sitemap,call-of-duty-modern-warfare-iii-play-guides-training-rank-progression-leveling-up-5bf261f646.html,2026-09-18T06:49:54.820014+00:00
100640d0c7431cb5,https://www.callofduty.com/guides/training/call-of-duty-modern-warfare-iii-play-guides-training-weapons-camo-leveling,https://www.callofduty.com/guides/training/call-of-duty-modern-warfare-iii-play-guides-training-weapons-camo-leveling,Call of Duty | Guides - Modern Warfare III WEAPONS AND CAMO LEVELING (MASTERY),Modern Warfare III,,Weapon,,internal_link;sitemap,call-of-duty-modern-warfare-iii-play-guides-training-weapons-camo-leveling-100640d0c7.html,2026-09-18T06:49:54.866185+00:00
42ced3e1a47a0758,https://www.callofduty.com/guides/training/call-of-duty-modern-warfare-iii-play-guides-training-zombies,https://www.callofduty.com/guides/training/call-of-duty-modern-warfare-iii-play-guides-training-zombies,Call of Duty | Guides - Modern Warfare III MODERN WARFARE ZOMBIES: HOW TO PLAY,Modern Warfare III,Zombies,Mode,,internal_link;sitemap,call-of-duty-modern-warfare-iii-play-guides-training-zombies-42ced3e1a4.html,2026-09-18T06:49:54.899566+00:00
f4b44f871214a2b5,https://www.callofduty.com/guides/warzone,https://www.callofduty.com/guides/warzone,Call of Duty®: Guides | Call of Duty: Warzone™,,Warzone,Guide,,guide_hub;internal_link;sitemap,warzone-f4b44f8712.html,2026-09-18T06:49:54.925756+00:00
cf2ce40b83da3a07,https://www.callofduty.com/guides/warzone/avalon,https://www.callofduty.com/guides/warzone/avalon,Avalon,,,,,internal_link;sitemap,avalon-cf2ce40b83.html,2026-09-18T06:49:54.960202+00:00
96c0ab55ea3d2605,https://www.callofduty.com/guides/warzone/fortunes-keep,https://www.callofduty.com/guides/warzone/fortunes-keep,Fortune's Keep,,,,,internal_link;sitemap,fortunes-keep-96c0ab55ea.html,2026-09-18T06:49:54.985270+00:00
070edc585ed0eebb,https://www.callofduty.com/guides/warzone/havens-hollow,https://www.callofduty.com/guides/warzone/havens-hollow,Haven's Hollow Tac Map,,,Map,,internal_link;sitemap,havens-hollow-070edc585e.html,2026-09-18T06:49:55.004422+00:00
735ab2aee2a1ee60,https://www.callofduty.com/guides/warzone/rebirth-island,https://www.callofduty.com/guides/warzone/rebirth-island,Rebirth Island,,,,,internal_link;sitemap,rebirth-island-735ab2aee2.html,2026-09-18T06:49:55.026490+00:00
481a4ce521974612,https://www.callofduty.com/guides/zombies/call-of-duty-guide-modern-warfare-zombies-tactics,https://www.callofduty.com/guides/zombies/call-of-duty-guide-modern-warfare-zombies-tactics,Call of Duty | Guides - Modern Warfare Zombies Tactics,,Zombies,Mode,,internal_link;sitemap,call-of-duty-guide-modern-warfare-zombies-tactics-481a4ce521.html,2026-09-18T06:49:55.057529+00:00
11c7f3bdc3c35c9c,https://www.callofduty.com/guides/zombies/call-of-duty-guides-black-ops-6-zombies-gobblegums,https://www.callofduty.com/guides/zombies/call-of-duty-guides-black-ops-6-zombies-gobblegums,Call of Duty | Guides - Black Ops 6 Round Based Zombies — GobbleGums,Black Ops 6,Zombies,Guide,"June 30, 2025",internal_link;sitemap,call-of-duty-guides-black-ops-6-zombies-gobblegums-11c7f3bdc3.html,2026-09-18T06:49:55.130311+00:00
82d8ac2ff8e0b384,https://www.callofduty.com/guides/zombies/call-of-duty-guides-modern-warfare-zombies-acquisitions,https://www.callofduty.com/guides/zombies/call-of-duty-guides-modern-warfare-zombies-acquisitions,Call of Duty | Guides - Modern Warfare Zombies Acquisitions,,Zombies,Mode,,internal_link;sitemap,call-of-duty-guides-modern-warfare-zombies-acquisitions-82d8ac2ff8.html,2026-09-18T06:49:55.164819+00:00
8001ee6f0e3ddda7,https://www.callofduty.com/guides/zombies/call-of-duty-guides-modern-warfare-zombies-bestiary,https://www.callofduty.com/guides/zombies/call-of-duty-guides-modern-warfare-zombies-bestiary,Call of Duty | Guides - Modern Warfare Zombies Bestiary,,Zombies,Mode,,internal_link;sitemap,call-of-duty-guides-modern-warfare-zombies-bestiary-8001ee6f0e.html,2026-09-18T06:49:55.204736+00:00
a18e84c720faecc5,https://www.callofduty.com/guides/zombies/call-of-duty-guides-modern-warfare-zombies-equipping-your-operator,https://www.callofduty.com/guides/zombies/call-of-duty-guides-modern-warfare-zombies-equipping-your-operator,Call of Duty | Guides - Modern Warfare Zombies Equipping Your Operator,,Zombies,Operator,,internal_link;sitemap,call-of-duty-guides-modern-warfare-zombies-equipping-your-operator-a18e84c720.html,2026-09-18T06:49:55.252257+00:00
6cf130986377e674,https://www.callofduty.com/guides/zombies/call-of-duty-guides-modern-warfare-zombies-missions-and-progression,https://www.callofduty.com/guides/zombies/call-of-duty-guides-modern-warfare-zombies-missions-and-progression,Call of Duty | Guides - Modern Warfare Zombies Bestiary,,Zombies,Mode,,internal_link;sitemap,call-of-duty-guides-modern-warfare-zombies-missions-and-progression-6cf1309863.html,2026-09-18T06:49:55.289925+00:00
98133cc62cbe9d6d,https://www.callofduty.com/guides/zombies/call-of-duty-guides-modern-warfare-zombies-overview-and-lore,https://www.callofduty.com/guides/zombies/call-of-duty-guides-modern-warfare-zombies-overview-and-lore,Call of Duty | Guides - Modern Warfare Zombies Overview and Lore,,Zombies,Mode,,internal_link;sitemap,call-of-duty-guides-modern-warfare-zombies-overview-and-lore-98133cc62c.html,2026-09-18T06:49:55.323022+00:00
